[2026年 03月 16日 星期一 17:20:01 CST] 启动环境检查...
frpc 正在运行，跳过重启。
非维护时间，核心服务保持运行。
[2026年 03月 16日 星期一 17:25:01 CST] 启动环境检查...
frpc 正在运行，跳过重启。
非维护时间，核心服务保持运行。
[2026年 03月 16日 星期一 17:30:01 CST] 启动环境检查...
frpc 正在运行，跳过重启。
非维护时间，核心服务保持运行。
[2026年 03月 16日 星期一 17:35:01 CST] 启动环境检查...
frpc 正在运行，跳过重启。
非维护时间，核心服务保持运行。
[2026年 03月 16日 星期一 17:40:02 CST] 启动环境检查...
frpc 正在运行，跳过重启。
非维护时间，核心服务保持运行。
[2026年 03月 16日 星期一 17:45:01 CST] 启动环境检查...
frpc 正在运行，跳过重启。
非维护时间，核心服务保持运行。
[2026年 03月 16日 星期一 17:50:01 CST] 启动环境检查...
frpc 正在运行，跳过重启。
非维护时间，核心服务保持运行。
[2026年 03月 16日 星期一 17:55:01 CST] 启动环境检查...
frpc 正在运行，跳过重启。
非维护时间，核心服务保持运行。
[2026年 03月 16日 星期一 18:00:01 CST] 启动环境检查...
frpc 正在运行，跳过重启。
非维护时间，核心服务保持运行。
[2026年 03月 16日 星期一 18:05:01 CST] 启动环境检查...
frpc 正在运行，跳过重启。
非维护时间，核心服务保持运行。
[2026年 03月 16日 星期一 18:10:01 CST] 启动环境检查...
frpc 正在运行，跳过重启。
非维护时间，核心服务保持运行。
[2026年 03月 16日 星期一 18:15:01 CST] 启动环境检查...
frpc 正在运行，跳过重启。
非维护时间，核心服务保持运行。
[2026年 03月 16日 星期一 18:20:01 CST] 启动环境检查...
frpc 正在运行，跳过重启。
非维护时间，核心服务保持运行。
[2026年 03月 16日 星期一 18:25:01 CST] 启动环境检查...
frpc 正在运行，跳过重启。
非维护时间，核心服务保持运行。
[2026年 03月 16日 星期一 18:30:01 CST] 启动环境检查...
frpc 正在运行，跳过重启。
非维护时间，核心服务保持运行。
[2026年 03月 16日 星期一 18:35:02 CST] 启动环境检查...
frpc 正在运行，跳过重启。
非维护时间，核心服务保持运行。
[2026年 03月 16日 星期一 18:40:01 CST] 启动环境检查...
frpc 正在运行，跳过重启。
非维护时间，核心服务保持运行。
[2026年 03月 16日 星期一 18:45:01 CST] 启动环境检查...
frpc 正在运行，跳过重启。
非维护时间，核心服务保持运行。
[2026年 03月 16日 星期一 18:50:01 CST] 启动环境检查...
frpc 正在运行，跳过重启。
非维护时间，核心服务保持运行。
[2026年 03月 16日 星期一 18:55:01 CST] 启动环境检查...
frpc 正在运行，跳过重启。
非维护时间，核心服务保持运行。
[2026年 03月 16日 星期一 19:00:01 CST] 启动环境检查...
frpc 正在运行，跳过重启。
非维护时间，核心服务保持运行。
[2026年 03月 16日 星期一 19:05:01 CST] 启动环境检查...
frpc 正在运行，跳过重启。
非维护时间，核心服务保持运行。
[2026年 03月 16日 星期一 19:10:01 CST] 启动环境检查...
frpc 正在运行，跳过重启。
非维护时间，核心服务保持运行。
[2026年 03月 16日 星期一 19:15:01 CST] 启动环境检查...
frpc 正在运行，跳过重启。
非维护时间，核心服务保持运行。
[2026年 03月 16日 星期一 19:20:01 CST] 启动环境检查...
frpc 正在运行，跳过重启。
非维护时间，核心服务保持运行。
[2026年 03月 16日 星期一 19:25:01 CST] 启动环境检查...
frpc 正在运行，跳过重启。
非维护时间，核心服务保持运行。
[2026年 03月 16日 星期一 19:30:01 CST] 启动环境检查...
frpc 正在运行，跳过重启。
非维护时间，核心服务保持运行。
[2026年 03月 16日 星期一 19:35:01 CST] 启动环境检查...
frpc 正在运行，跳过重启。
非维护时间，核心服务保持运行。
[2026年 03月 16日 星期一 19:40:01 CST] 启动环境检查...
frpc 正在运行，跳过重启。
非维护时间，核心服务保持运行。
[2026年 03月 16日 星期一 19:45:01 CST] 启动环境检查...
frpc 正在运行，跳过重启。
非维护时间，核心服务保持运行。
[2026年 03月 16日 星期一 19:50:01 CST] 启动环境检查...
frpc 正在运行，跳过重启。
非维护时间，核心服务保持运行。
[2026年 03月 16日 星期一 19:55:01 CST] 启动环境检查...
frpc 正在运行，跳过重启。
非维护时间，核心服务保持运行。
[2026年 03月 16日 星期一 20:00:01 CST] 启动环境检查...
frpc 正在运行，跳过重启。
非维护时间，核心服务保持运行。
[2026年 03月 16日 星期一 20:05:01 CST] 启动环境检查...
frpc 正在运行，跳过重启。
非维护时间，核心服务保持运行。
[2026年 03月 16日 星期一 20:10:01 CST] 启动环境检查...
frpc 正在运行，跳过重启。
非维护时间，核心服务保持运行。
[2026年 03月 16日 星期一 20:15:01 CST] 启动环境检查...
frpc 正在运行，跳过重启。
非维护时间，核心服务保持运行。
[2026年 03月 16日 星期一 20:20:01 CST] 启动环境检查...
frpc 正在运行，跳过重启。
非维护时间，核心服务保持运行。
[2026年 03月 16日 星期一 20:25:01 CST] 启动环境检查...
frpc 正在运行，跳过重启。
非维护时间，核心服务保持运行。
[2026年 03月 16日 星期一 20:30:01 CST] 启动环境检查...
frpc 正在运行，跳过重启。
非维护时间，核心服务保持运行。
[2026年 03月 16日 星期一 20:35:01 CST] 启动环境检查...
frpc 正在运行，跳过重启。
非维护时间，核心服务保持运行。
[2026年 03月 16日 星期一 20:40:01 CST] 启动环境检查...
frpc 正在运行，跳过重启。
非维护时间，核心服务保持运行。
[2026年 03月 16日 星期一 20:45:01 CST] 启动环境检查...
frpc 正在运行，跳过重启。
非维护时间，核心服务保持运行。
[2026年 03月 16日 星期一 20:50:01 CST] 启动环境检查...
frpc 正在运行，跳过重启。
非维护时间，核心服务保持运行。
[2026年 03月 16日 星期一 20:55:01 CST] 启动环境检查...
frpc 正在运行，跳过重启。
非维护时间，核心服务保持运行。
[2026年 03月 16日 星期一 21:00:01 CST] 启动环境检查...
frpc 正在运行，跳过重启。
非维护时间，核心服务保持运行。
[2026年 03月 16日 星期一 21:05:01 CST] 启动环境检查...
frpc 正在运行，跳过重启。
非维护时间，核心服务保持运行。
[2026年 03月 16日 星期一 21:10:01 CST] 启动环境检查...
frpc 正在运行，跳过重启。
非维护时间，核心服务保持运行。
[2026年 03月 16日 星期一 21:15:01 CST] 启动环境检查...
frpc 正在运行，跳过重启。
非维护时间，核心服务保持运行。
[2026年 03月 16日 星期一 21:20:01 CST] 启动环境检查...
frpc 正在运行，跳过重启。
非维护时间，核心服务保持运行。
[2026年 03月 16日 星期一 21:25:01 CST] 启动环境检查...
frpc 正在运行，跳过重启。
非维护时间，核心服务保持运行。
[2026年 03月 16日 星期一 21:30:01 CST] 启动环境检查...
frpc 正在运行，跳过重启。
非维护时间，核心服务保持运行。
[2026年 03月 16日 星期一 21:35:01 CST] 启动环境检查...
frpc 正在运行，跳过重启。
非维护时间，核心服务保持运行。
[2026年 03月 16日 星期一 21:40:01 CST] 启动环境检查...
frpc 正在运行，跳过重启。
非维护时间，核心服务保持运行。
[2026年 03月 16日 星期一 21:45:01 CST] 启动环境检查...
frpc 正在运行，跳过重启。
非维护时间，核心服务保持运行。
[2026年 03月 16日 星期一 21:50:01 CST] 启动环境检查...
frpc 正在运行，跳过重启。
非维护时间，核心服务保持运行。
[2026年 03月 16日 星期一 21:55:01 CST] 启动环境检查...
frpc 正在运行，跳过重启。
非维护时间，核心服务保持运行。
[2026年 03月 16日 星期一 22:00:01 CST] 启动环境检查...
frpc 正在运行，跳过重启。
非维护时间，核心服务保持运行。
[2026年 03月 16日 星期一 22:05:01 CST] 启动环境检查...
frpc 正在运行，跳过重启。
非维护时间，核心服务保持运行。
[2026年 03月 16日 星期一 22:10:01 CST] 启动环境检查...
frpc 正在运行，跳过重启。
非维护时间，核心服务保持运行。
[2026年 03月 16日 星期一 22:15:01 CST] 启动环境检查...
frpc 正在运行，跳过重启。
非维护时间，核心服务保持运行。
[2026年 03月 16日 星期一 22:20:01 CST] 启动环境检查...
frpc 正在运行，跳过重启。
非维护时间，核心服务保持运行。
[2026年 03月 16日 星期一 22:25:01 CST] 启动环境检查...
frpc 正在运行，跳过重启。
非维护时间，核心服务保持运行。
[2026年 03月 16日 星期一 22:30:01 CST] 启动环境检查...
frpc 正在运行，跳过重启。
非维护时间，核心服务保持运行。
[2026年 03月 16日 星期一 22:35:01 CST] 启动环境检查...
frpc 正在运行，跳过重启。
非维护时间，核心服务保持运行。
[2026年 03月 16日 星期一 22:40:01 CST] 启动环境检查...
frpc 正在运行，跳过重启。
非维护时间，核心服务保持运行。
[2026年 03月 16日 星期一 22:45:01 CST] 启动环境检查...
frpc 正在运行，跳过重启。
非维护时间，核心服务保持运行。
[2026年 03月 16日 星期一 22:50:01 CST] 启动环境检查...
frpc 正在运行，跳过重启。
非维护时间，核心服务保持运行。
[2026年 03月 16日 星期一 22:55:01 CST] 启动环境检查...
frpc 正在运行，跳过重启。
非维护时间，核心服务保持运行。
[2026年 03月 16日 星期一 23:00:01 CST] 启动环境检查...
frpc 正在运行，跳过重启。
非维护时间，核心服务保持运行。
[2026年 03月 16日 星期一 23:05:01 CST] 启动环境检查...
frpc 正在运行，跳过重启。
非维护时间，核心服务保持运行。
[2026年 03月 16日 星期一 23:10:01 CST] 启动环境检查...
frpc 正在运行，跳过重启。
非维护时间，核心服务保持运行。
[2026年 03月 16日 星期一 23:15:01 CST] 启动环境检查...
frpc 正在运行，跳过重启。
非维护时间，核心服务保持运行。
[2026年 03月 16日 星期一 23:20:01 CST] 启动环境检查...
frpc 正在运行，跳过重启。
非维护时间，核心服务保持运行。
[2026年 03月 16日 星期一 23:25:01 CST] 启动环境检查...
frpc 正在运行，跳过重启。
非维护时间，核心服务保持运行。
[2026年 03月 16日 星期一 23:30:01 CST] 启动环境检查...
frpc 正在运行，跳过重启。
非维护时间，核心服务保持运行。
[2026年 03月 16日 星期一 23:35:01 CST] 启动环境检查...
frpc 正在运行，跳过重启。
非维护时间，核心服务保持运行。
[2026年 03月 16日 星期一 23:40:01 CST] 启动环境检查...
frpc 正在运行，跳过重启。
非维护时间，核心服务保持运行。
[2026年 03月 16日 星期一 23:45:01 CST] 启动环境检查...
frpc 正在运行，跳过重启。
非维护时间，核心服务保持运行。
[2026年 03月 16日 星期一 23:50:01 CST] 启动环境检查...
frpc 正在运行，跳过重启。
非维护时间，核心服务保持运行。
[2026年 03月 16日 星期一 23:55:01 CST] 启动环境检查...
frpc 正在运行，跳过重启。
非维护时间，核心服务保持运行。
[2026年 03月 17日 星期二 00:00:01 CST] 启动环境检查...
frpc 正在运行，跳过重启。
非维护时间，核心服务保持运行。
[2026年 03月 17日 星期二 00:05:01 CST] 启动环境检查...
frpc 正在运行，跳过重启。
非维护时间，核心服务保持运行。
[2026年 03月 17日 星期二 00:10:01 CST] 启动环境检查...
frpc 正在运行，跳过重启。
非维护时间，核心服务保持运行。
[2026年 03月 17日 星期二 00:15:01 CST] 启动环境检查...
frpc 正在运行，跳过重启。
非维护时间，核心服务保持运行。
[2026年 03月 17日 星期二 00:20:01 CST] 启动环境检查...
frpc 正在运行，跳过重启。
非维护时间，核心服务保持运行。
[2026年 03月 17日 星期二 00:25:01 CST] 启动环境检查...
frpc 正在运行，跳过重启。
非维护时间，核心服务保持运行。
[2026年 03月 17日 星期二 00:30:01 CST] 启动环境检查...
frpc 正在运行，跳过重启。
非维护时间，核心服务保持运行。
[2026年 03月 17日 星期二 00:35:01 CST] 启动环境检查...
frpc 正在运行，跳过重启。
非维护时间，核心服务保持运行。
[2026年 03月 17日 星期二 00:40:01 CST] 启动环境检查...
frpc 正在运行，跳过重启。
非维护时间，核心服务保持运行。
[2026年 03月 17日 星期二 00:45:01 CST] 启动环境检查...
frpc 正在运行，跳过重启。
非维护时间，核心服务保持运行。
[2026年 03月 17日 星期二 00:50:01 CST] 启动环境检查...
frpc 正在运行，跳过重启。
非维护时间，核心服务保持运行。
[2026年 03月 17日 星期二 00:55:01 CST] 启动环境检查...
frpc 正在运行，跳过重启。
非维护时间，核心服务保持运行。
[2026年 03月 17日 星期二 01:00:01 CST] 启动环境检查...
frpc 正在运行，跳过重启。
非维护时间，核心服务保持运行。
[2026年 03月 17日 星期二 01:05:01 CST] 启动环境检查...
frpc 正在运行，跳过重启。
非维护时间，核心服务保持运行。
[2026年 03月 17日 星期二 01:10:01 CST] 启动环境检查...
frpc 正在运行，跳过重启。
非维护时间，核心服务保持运行。
[2026年 03月 17日 星期二 01:15:01 CST] 启动环境检查...
frpc 正在运行，跳过重启。
非维护时间，核心服务保持运行。
[2026年 03月 17日 星期二 01:20:01 CST] 启动环境检查...
frpc 正在运行，跳过重启。
非维护时间，核心服务保持运行。
[2026年 03月 17日 星期二 01:25:01 CST] 启动环境检查...
frpc 正在运行，跳过重启。
非维护时间，核心服务保持运行。
[2026年 03月 17日 星期二 01:30:01 CST] 启动环境检查...
frpc 正在运行，跳过重启。
非维护时间，核心服务保持运行。
[2026年 03月 17日 星期二 01:35:01 CST] 启动环境检查...
frpc 正在运行，跳过重启。
非维护时间，核心服务保持运行。
[2026年 03月 17日 星期二 01:40:01 CST] 启动环境检查...
frpc 正在运行，跳过重启。
非维护时间，核心服务保持运行。
[2026年 03月 17日 星期二 01:45:01 CST] 启动环境检查...
frpc 正在运行，跳过重启。
非维护时间，核心服务保持运行。
[2026年 03月 17日 星期二 01:50:01 CST] 启动环境检查...
frpc 正在运行，跳过重启。
非维护时间，核心服务保持运行。
[2026年 03月 17日 星期二 01:55:01 CST] 启动环境检查...
frpc 正在运行，跳过重启。
非维护时间，核心服务保持运行。
[2026年 03月 17日 星期二 02:00:01 CST] 启动环境检查...
frpc 正在运行，跳过重启。
非维护时间，核心服务保持运行。
[2026年 03月 17日 星期二 02:05:01 CST] 启动环境检查...
frpc 正在运行，跳过重启。
非维护时间，核心服务保持运行。
[2026年 03月 17日 星期二 02:10:01 CST] 启动环境检查...
frpc 正在运行，跳过重启。
非维护时间，核心服务保持运行。
[2026年 03月 17日 星期二 02:15:01 CST] 启动环境检查...
frpc 正在运行，跳过重启。
非维护时间，核心服务保持运行。
[2026年 03月 17日 星期二 02:20:01 CST] 启动环境检查...
frpc 正在运行，跳过重启。
非维护时间，核心服务保持运行。
[2026年 03月 17日 星期二 02:25:01 CST] 启动环境检查...
frpc 正在运行，跳过重启。
非维护时间，核心服务保持运行。
[2026年 03月 17日 星期二 02:30:01 CST] 启动环境检查...
frpc 正在运行，跳过重启。
非维护时间，核心服务保持运行。
[2026年 03月 17日 星期二 02:35:01 CST] 启动环境检查...
frpc 正在运行，跳过重启。
非维护时间，核心服务保持运行。
[2026年 03月 17日 星期二 02:40:01 CST] 启动环境检查...
frpc 正在运行，跳过重启。
非维护时间，核心服务保持运行。
[2026年 03月 17日 星期二 02:45:01 CST] 启动环境检查...
frpc 正在运行，跳过重启。
非维护时间，核心服务保持运行。
[2026年 03月 17日 星期二 02:50:02 CST] 启动环境检查...
frpc 正在运行，跳过重启。
非维护时间，核心服务保持运行。
[2026年 03月 17日 星期二 02:55:01 CST] 启动环境检查...
frpc 正在运行，跳过重启。
非维护时间，核心服务保持运行。
[2026年 03月 17日 星期二 03:00:01 CST] 启动环境检查...
frpc 正在运行，跳过重启。
触发凌晨 3:00 定时维护，准备重启核心服务...
清理端口 8000 的进程 49941
清理端口 7100 的进程 49738
核心服务已完成每日例行重启。
[2026年 03月 17日 星期二 03:05:01 CST] 启动环境检查...
frpc 正在运行，跳过重启。
触发凌晨 3:00 定时维护，准备重启核心服务...
清理端口 8000 的进程 59064
清理端口 7100 的进程 59063
核心服务已完成每日例行重启。
[2026年 03月 17日 星期二 03:10:01 CST] 启动环境检查...
frpc 正在运行，跳过重启。
触发凌晨 3:00 定时维护，准备重启核心服务...
清理端口 8000 的进程 59777
清理端口 7100 的进程 59776
核心服务已完成每日例行重启。
[2026年 03月 17日 星期二 03:15:01 CST] 启动环境检查...
frpc 正在运行，跳过重启。
触发凌晨 3:00 定时维护，准备重启核心服务...
清理端口 8000 的进程 60485
清理端口 7100 的进程 60486
核心服务已完成每日例行重启。
[2026年 03月 17日 星期二 03:20:01 CST] 启动环境检查...
frpc 正在运行，跳过重启。
触发凌晨 3:00 定时维护，准备重启核心服务...
清理端口 8000 的进程 61196
清理端口 7100 的进程 61197
核心服务已完成每日例行重启。
[2026年 03月 17日 星期二 03:25:01 CST] 启动环境检查...
frpc 正在运行，跳过重启。
触发凌晨 3:00 定时维护，准备重启核心服务...
清理端口 8000 的进程 61918
清理端口 7100 的进程 61917
核心服务已完成每日例行重启。
[2026年 03月 17日 星期二 03:30:01 CST] 启动环境检查...
frpc 正在运行，跳过重启。
触发凌晨 3:00 定时维护，准备重启核心服务...
清理端口 8000 的进程 62625
清理端口 7100 的进程 62624
核心服务已完成每日例行重启。
[2026年 03月 17日 星期二 03:35:01 CST] 启动环境检查...
frpc 正在运行，跳过重启。
触发凌晨 3:00 定时维护，准备重启核心服务...
清理端口 8000 的进程 63336
清理端口 7100 的进程 63335
核心服务已完成每日例行重启。
[2026年 03月 17日 星期二 03:40:01 CST] 启动环境检查...
frpc 正在运行，跳过重启。
触发凌晨 3:00 定时维护，准备重启核心服务...
清理端口 8000 的进程 64041
清理端口 7100 的进程 64042
核心服务已完成每日例行重启。
[2026年 03月 17日 星期二 03:45:01 CST] 启动环境检查...
frpc 正在运行，跳过重启。
触发凌晨 3:00 定时维护，准备重启核心服务...
清理端口 8000 的进程 64764
清理端口 7100 的进程 64747
核心服务已完成每日例行重启。
[2026年 03月 17日 星期二 03:50:01 CST] 启动环境检查...
frpc 正在运行，跳过重启。
触发凌晨 3:00 定时维护，准备重启核心服务...
清理端口 8000 的进程 65450
清理端口 7100 的进程 65449
核心服务已完成每日例行重启。
[2026年 03月 17日 星期二 03:55:01 CST] 启动环境检查...
frpc 正在运行，跳过重启。
触发凌晨 3:00 定时维护，准备重启核心服务...
清理端口 8000 的进程 66157
清理端口 7100 的进程 66158
核心服务已完成每日例行重启。
[2026年 03月 17日 星期二 04:00:01 CST] 启动环境检查...
frpc 正在运行，跳过重启。
非维护时间，核心服务保持运行。
[2026年 03月 17日 星期二 04:05:01 CST] 启动环境检查...
frpc 正在运行，跳过重启。
非维护时间，核心服务保持运行。
[2026年 03月 17日 星期二 04:10:01 CST] 启动环境检查...
frpc 正在运行，跳过重启。
非维护时间，核心服务保持运行。
[2026年 03月 17日 星期二 04:15:01 CST] 启动环境检查...
frpc 正在运行，跳过重启。
非维护时间，核心服务保持运行。
[2026年 03月 17日 星期二 04:20:01 CST] 启动环境检查...
frpc 正在运行，跳过重启。
非维护时间，核心服务保持运行。
[2026年 03月 17日 星期二 04:25:01 CST] 启动环境检查...
frpc 正在运行，跳过重启。
非维护时间，核心服务保持运行。
[2026年 03月 17日 星期二 04:30:01 CST] 启动环境检查...
frpc 正在运行，跳过重启。
非维护时间，核心服务保持运行。
[2026年 03月 17日 星期二 04:35:01 CST] 启动环境检查...
frpc 正在运行，跳过重启。
非维护时间，核心服务保持运行。
[2026年 03月 17日 星期二 04:40:01 CST] 启动环境检查...
frpc 正在运行，跳过重启。
非维护时间，核心服务保持运行。
[2026年 03月 17日 星期二 04:45:01 CST] 启动环境检查...
frpc 正在运行，跳过重启。
非维护时间，核心服务保持运行。
[2026年 03月 17日 星期二 04:50:01 CST] 启动环境检查...
frpc 正在运行，跳过重启。
非维护时间，核心服务保持运行。
[2026年 03月 17日 星期二 04:55:01 CST] 启动环境检查...
frpc 正在运行，跳过重启。
非维护时间，核心服务保持运行。
[2026年 03月 17日 星期二 05:00:01 CST] 启动环境检查...
frpc 正在运行，跳过重启。
非维护时间，核心服务保持运行。
[2026年 03月 17日 星期二 05:05:01 CST] 启动环境检查...
frpc 正在运行，跳过重启。
非维护时间，核心服务保持运行。
[2026年 03月 17日 星期二 05:10:01 CST] 启动环境检查...
frpc 正在运行，跳过重启。
非维护时间，核心服务保持运行。
[2026年 03月 17日 星期二 05:15:01 CST] 启动环境检查...
frpc 正在运行，跳过重启。
非维护时间，核心服务保持运行。
[2026年 03月 17日 星期二 05:20:01 CST] 启动环境检查...
frpc 正在运行，跳过重启。
非维护时间，核心服务保持运行。
[2026年 03月 17日 星期二 05:25:01 CST] 启动环境检查...
frpc 正在运行，跳过重启。
非维护时间，核心服务保持运行。
[2026年 03月 17日 星期二 05:30:01 CST] 启动环境检查...
frpc 正在运行，跳过重启。
非维护时间，核心服务保持运行。
[2026年 03月 17日 星期二 05:35:01 CST] 启动环境检查...
frpc 正在运行，跳过重启。
非维护时间，核心服务保持运行。
[2026年 03月 17日 星期二 05:40:01 CST] 启动环境检查...
frpc 正在运行，跳过重启。
非维护时间，核心服务保持运行。
[2026年 03月 17日 星期二 05:45:01 CST] 启动环境检查...
frpc 正在运行，跳过重启。
非维护时间，核心服务保持运行。
[2026年 03月 17日 星期二 05:50:01 CST] 启动环境检查...
frpc 正在运行，跳过重启。
非维护时间，核心服务保持运行。
[2026年 03月 17日 星期二 05:55:01 CST] 启动环境检查...
frpc 正在运行，跳过重启。
非维护时间，核心服务保持运行。
[2026年 03月 17日 星期二 06:00:01 CST] 启动环境检查...
frpc 正在运行，跳过重启。
非维护时间，核心服务保持运行。
[2026年 03月 17日 星期二 06:05:01 CST] 启动环境检查...
frpc 正在运行，跳过重启。
非维护时间，核心服务保持运行。
[2026年 03月 17日 星期二 06:10:01 CST] 启动环境检查...
frpc 正在运行，跳过重启。
非维护时间，核心服务保持运行。
[2026年 03月 17日 星期二 06:15:01 CST] 启动环境检查...
frpc 正在运行，跳过重启。
非维护时间，核心服务保持运行。
[2026年 03月 17日 星期二 06:20:01 CST] 启动环境检查...
frpc 正在运行，跳过重启。
非维护时间，核心服务保持运行。
[2026年 03月 17日 星期二 06:25:01 CST] 启动环境检查...
frpc 正在运行，跳过重启。
非维护时间，核心服务保持运行。
[2026年 03月 17日 星期二 06:30:01 CST] 启动环境检查...
frpc 正在运行，跳过重启。
非维护时间，核心服务保持运行。
[2026年 03月 17日 星期二 06:35:01 CST] 启动环境检查...
frpc 正在运行，跳过重启。
非维护时间，核心服务保持运行。
[2026年 03月 17日 星期二 06:40:01 CST] 启动环境检查...
frpc 正在运行，跳过重启。
非维护时间，核心服务保持运行。
[2026年 03月 17日 星期二 06:45:01 CST] 启动环境检查...
frpc 正在运行，跳过重启。
非维护时间，核心服务保持运行。
[2026年 03月 17日 星期二 06:50:01 CST] 启动环境检查...
frpc 正在运行，跳过重启。
非维护时间，核心服务保持运行。
[2026年 03月 17日 星期二 06:55:01 CST] 启动环境检查...
frpc 正在运行，跳过重启。
非维护时间，核心服务保持运行。
[2026年 03月 17日 星期二 07:00:01 CST] 启动环境检查...
frpc 正在运行，跳过重启。
非维护时间，核心服务保持运行。
[2026年 03月 17日 星期二 07:05:01 CST] 启动环境检查...
frpc 正在运行，跳过重启。
非维护时间，核心服务保持运行。
[2026年 03月 17日 星期二 07:10:01 CST] 启动环境检查...
frpc 正在运行，跳过重启。
非维护时间，核心服务保持运行。
[2026年 03月 17日 星期二 07:15:01 CST] 启动环境检查...
frpc 正在运行，跳过重启。
非维护时间，核心服务保持运行。
[2026年 03月 17日 星期二 07:20:01 CST] 启动环境检查...
frpc 正在运行，跳过重启。
非维护时间，核心服务保持运行。
[2026年 03月 17日 星期二 07:25:01 CST] 启动环境检查...
frpc 正在运行，跳过重启。
非维护时间，核心服务保持运行。
[2026年 03月 17日 星期二 07:30:01 CST] 启动环境检查...
frpc 正在运行，跳过重启。
非维护时间，核心服务保持运行。
[2026年 03月 17日 星期二 07:35:01 CST] 启动环境检查...
frpc 正在运行，跳过重启。
非维护时间，核心服务保持运行。
[2026年 03月 17日 星期二 07:40:02 CST] 启动环境检查...
frpc 正在运行，跳过重启。
非维护时间，核心服务保持运行。
[2026年 03月 17日 星期二 07:45:01 CST] 启动环境检查...
frpc 正在运行，跳过重启。
非维护时间，核心服务保持运行。
[2026年 03月 17日 星期二 07:50:01 CST] 启动环境检查...
frpc 正在运行，跳过重启。
非维护时间，核心服务保持运行。
[2026年 03月 17日 星期二 07:55:01 CST] 启动环境检查...
frpc 正在运行，跳过重启。
非维护时间，核心服务保持运行。
[2026年 03月 17日 星期二 08:00:01 CST] 启动环境检查...
frpc 正在运行，跳过重启。
非维护时间，核心服务保持运行。
[2026年 03月 17日 星期二 08:05:01 CST] 启动环境检查...
frpc 正在运行，跳过重启。
非维护时间，核心服务保持运行。
[2026年 03月 17日 星期二 08:10:01 CST] 启动环境检查...
frpc 正在运行，跳过重启。
非维护时间，核心服务保持运行。
[2026年 03月 17日 星期二 08:15:01 CST] 启动环境检查...
frpc 正在运行，跳过重启。
非维护时间，核心服务保持运行。
[2026年 03月 17日 星期二 08:20:01 CST] 启动环境检查...
frpc 正在运行，跳过重启。
非维护时间，核心服务保持运行。
[2026年 03月 17日 星期二 08:25:01 CST] 启动环境检查...
frpc 正在运行，跳过重启。
非维护时间，核心服务保持运行。
[2026年 03月 17日 星期二 08:30:01 CST] 启动环境检查...
frpc 正在运行，跳过重启。
非维护时间，核心服务保持运行。
[2026年 03月 17日 星期二 08:35:01 CST] 启动环境检查...
frpc 正在运行，跳过重启。
非维护时间，核心服务保持运行。
[2026年 03月 17日 星期二 08:40:01 CST] 启动环境检查...
frpc 正在运行，跳过重启。
非维护时间，核心服务保持运行。
[2026年 03月 17日 星期二 08:45:01 CST] 启动环境检查...
frpc 正在运行，跳过重启。
非维护时间，核心服务保持运行。
[2026年 03月 17日 星期二 08:50:01 CST] 启动环境检查...
frpc 正在运行，跳过重启。
非维护时间，核心服务保持运行。
[2026年 03月 17日 星期二 08:55:01 CST] 启动环境检查...
frpc 正在运行，跳过重启。
非维护时间，核心服务保持运行。
[2026年 03月 17日 星期二 09:00:01 CST] 启动环境检查...
frpc 正在运行，跳过重启。
非维护时间，核心服务保持运行。
[2026年 03月 17日 星期二 09:05:01 CST] 启动环境检查...
frpc 正在运行，跳过重启。
非维护时间，核心服务保持运行。
[2026年 03月 17日 星期二 09:10:01 CST] 启动环境检查...
frpc 正在运行，跳过重启。
非维护时间，核心服务保持运行。
[2026年 03月 17日 星期二 09:15:01 CST] 启动环境检查...
frpc 正在运行，跳过重启。
非维护时间，核心服务保持运行。
[2026年 03月 17日 星期二 09:20:01 CST] 启动环境检查...
frpc 正在运行，跳过重启。
非维护时间，核心服务保持运行。
[2026年 03月 17日 星期二 09:25:01 CST] 启动环境检查...
frpc 正在运行，跳过重启。
非维护时间，核心服务保持运行。
[2026年 03月 17日 星期二 09:30:02 CST] 启动环境检查...
frpc 正在运行，跳过重启。
非维护时间，核心服务保持运行。
[2026年 03月 17日 星期二 09:35:01 CST] 启动环境检查...
frpc 正在运行，跳过重启。
非维护时间，核心服务保持运行。
[2026年 03月 17日 星期二 09:40:01 CST] 启动环境检查...
frpc 正在运行，跳过重启。
非维护时间，核心服务保持运行。
[2026年 03月 17日 星期二 09:45:01 CST] 启动环境检查...
frpc 正在运行，跳过重启。
非维护时间，核心服务保持运行。
[2026年 03月 17日 星期二 09:50:01 CST] 启动环境检查...
frpc 正在运行，跳过重启。
非维护时间，核心服务保持运行。
[2026年 03月 17日 星期二 09:55:01 CST] 启动环境检查...
frpc 正在运行，跳过重启。
非维护时间，核心服务保持运行。
[2026年 03月 17日 星期二 10:00:01 CST] 启动环境检查...
frpc 正在运行，跳过重启。
非维护时间，核心服务保持运行。
[2026年 03月 17日 星期二 10:05:01 CST] 启动环境检查...
frpc 正在运行，跳过重启。
非维护时间，核心服务保持运行。
[2026年 03月 17日 星期二 10:10:01 CST] 启动环境检查...
frpc 正在运行，跳过重启。
非维护时间，核心服务保持运行。
[2026年 03月 17日 星期二 10:15:01 CST] 启动环境检查...
frpc 正在运行，跳过重启。
非维护时间，核心服务保持运行。
[2026年 03月 17日 星期二 10:20:01 CST] 启动环境检查...
frpc 正在运行，跳过重启。
非维护时间，核心服务保持运行。
[2026年 03月 17日 星期二 10:25:01 CST] 启动环境检查...
frpc 正在运行，跳过重启。
非维护时间，核心服务保持运行。
[2026年 03月 17日 星期二 10:30:01 CST] 启动环境检查...
frpc 正在运行，跳过重启。
非维护时间，核心服务保持运行。
[2026年 03月 17日 星期二 10:35:01 CST] 启动环境检查...
frpc 正在运行，跳过重启。
非维护时间，核心服务保持运行。
[2026年 03月 17日 星期二 10:40:01 CST] 启动环境检查...
frpc 正在运行，跳过重启。
非维护时间，核心服务保持运行。
[2026年 03月 17日 星期二 10:45:01 CST] 启动环境检查...
frpc 正在运行，跳过重启。
非维护时间，核心服务保持运行。
[2026年 03月 17日 星期二 10:50:01 CST] 启动环境检查...
frpc 正在运行，跳过重启。
非维护时间，核心服务保持运行。
[2026年 03月 17日 星期二 10:55:01 CST] 启动环境检查...
frpc 正在运行，跳过重启。
非维护时间，核心服务保持运行。
[2026年 03月 17日 星期二 11:00:01 CST] 启动环境检查...
frpc 正在运行，跳过重启。
非维护时间，核心服务保持运行。
[2026年 03月 17日 星期二 11:05:01 CST] 启动环境检查...
frpc 正在运行，跳过重启。
非维护时间，核心服务保持运行。
[2026年 03月 17日 星期二 11:10:01 CST] 启动环境检查...
frpc 正在运行，跳过重启。
非维护时间，核心服务保持运行。
[2026年 03月 17日 星期二 11:15:01 CST] 启动环境检查...
frpc 正在运行，跳过重启。
非维护时间，核心服务保持运行。
[2026年 03月 17日 星期二 11:20:01 CST] 启动环境检查...
frpc 正在运行，跳过重启。
非维护时间，核心服务保持运行。
[2026年 03月 17日 星期二 11:25:01 CST] 启动环境检查...
frpc 正在运行，跳过重启。
非维护时间，核心服务保持运行。
[2026年 03月 17日 星期二 11:30:01 CST] 启动环境检查...
frpc 正在运行，跳过重启。
非维护时间，核心服务保持运行。
[2026年 03月 17日 星期二 11:35:01 CST] 启动环境检查...
frpc 正在运行，跳过重启。
非维护时间，核心服务保持运行。
[2026年 03月 17日 星期二 11:40:01 CST] 启动环境检查...
frpc 正在运行，跳过重启。
非维护时间，核心服务保持运行。
[2026年 03月 17日 星期二 11:45:01 CST] 启动环境检查...
frpc 正在运行，跳过重启。
非维护时间，核心服务保持运行。
[2026年 03月 17日 星期二 11:50:01 CST] 启动环境检查...
frpc 正在运行，跳过重启。
非维护时间，核心服务保持运行。
[2026年 03月 17日 星期二 11:55:01 CST] 启动环境检查...
frpc 正在运行，跳过重启。
非维护时间，核心服务保持运行。
[2026年 03月 17日 星期二 12:00:01 CST] 启动环境检查...
frpc 正在运行，跳过重启。
非维护时间，核心服务保持运行。
[2026年 03月 17日 星期二 12:05:01 CST] 启动环境检查...
frpc 正在运行，跳过重启。
非维护时间，核心服务保持运行。
[2026年 03月 17日 星期二 12:10:01 CST] 启动环境检查...
frpc 正在运行，跳过重启。
非维护时间，核心服务保持运行。
[2026年 03月 17日 星期二 12:15:01 CST] 启动环境检查...
frpc 正在运行，跳过重启。
非维护时间，核心服务保持运行。
[2026年 03月 17日 星期二 12:20:01 CST] 启动环境检查...
frpc 正在运行，跳过重启。
非维护时间，核心服务保持运行。
[2026年 03月 17日 星期二 12:25:01 CST] 启动环境检查...
frpc 正在运行，跳过重启。
非维护时间，核心服务保持运行。
[2026年 03月 17日 星期二 12:30:01 CST] 启动环境检查...
frpc 正在运行，跳过重启。
非维护时间，核心服务保持运行。
[2026年 03月 17日 星期二 12:35:01 CST] 启动环境检查...
frpc 正在运行，跳过重启。
非维护时间，核心服务保持运行。
[2026年 03月 17日 星期二 12:40:01 CST] 启动环境检查...
frpc 正在运行，跳过重启。
非维护时间，核心服务保持运行。
[2026年 03月 17日 星期二 12:45:01 CST] 启动环境检查...
frpc 正在运行，跳过重启。
非维护时间，核心服务保持运行。
[2026年 03月 17日 星期二 12:50:01 CST] 启动环境检查...
frpc 正在运行，跳过重启。
非维护时间，核心服务保持运行。
[2026年 03月 17日 星期二 12:55:01 CST] 启动环境检查...
frpc 正在运行，跳过重启。
非维护时间，核心服务保持运行。
[2026年 03月 17日 星期二 13:00:01 CST] 启动环境检查...
frpc 正在运行，跳过重启。
非维护时间，核心服务保持运行。
[2026年 03月 17日 星期二 13:05:01 CST] 启动环境检查...
frpc 正在运行，跳过重启。
非维护时间，核心服务保持运行。
[2026年 03月 17日 星期二 13:10:01 CST] 启动环境检查...
frpc 正在运行，跳过重启。
非维护时间，核心服务保持运行。
[2026年 03月 17日 星期二 13:15:01 CST] 启动环境检查...
frpc 正在运行，跳过重启。
非维护时间，核心服务保持运行。
[2026年 03月 17日 星期二 13:20:01 CST] 启动环境检查...
frpc 正在运行，跳过重启。
非维护时间，核心服务保持运行。
[2026年 03月 17日 星期二 13:25:01 CST] 启动环境检查...
frpc 正在运行，跳过重启。
非维护时间，核心服务保持运行。
[2026年 03月 17日 星期二 13:30:01 CST] 启动环境检查...
frpc 正在运行，跳过重启。
非维护时间，核心服务保持运行。
[2026年 03月 17日 星期二 13:35:01 CST] 启动环境检查...
frpc 正在运行，跳过重启。
非维护时间，核心服务保持运行。
[2026年 03月 17日 星期二 13:40:01 CST] 启动环境检查...
frpc 正在运行，跳过重启。
非维护时间，核心服务保持运行。
[2026年 03月 17日 星期二 13:45:01 CST] 启动环境检查...
frpc 正在运行，跳过重启。
非维护时间，核心服务保持运行。
[2026年 03月 17日 星期二 13:50:01 CST] 启动环境检查...
frpc 正在运行，跳过重启。
非维护时间，核心服务保持运行。
[2026年 03月 17日 星期二 13:55:01 CST] 启动环境检查...
frpc 正在运行，跳过重启。
非维护时间，核心服务保持运行。
[2026年 03月 17日 星期二 14:00:01 CST] 启动环境检查...
frpc 正在运行，跳过重启。
非维护时间，核心服务保持运行。
[2026年 03月 17日 星期二 14:05:01 CST] 启动环境检查...
frpc 正在运行，跳过重启。
非维护时间，核心服务保持运行。
[2026年 03月 17日 星期二 14:10:02 CST] 启动环境检查...
frpc 正在运行，跳过重启。
非维护时间，核心服务保持运行。
[2026年 03月 17日 星期二 14:15:01 CST] 启动环境检查...
frpc 正在运行，跳过重启。
非维护时间，核心服务保持运行。
[2026年 03月 17日 星期二 14:20:01 CST] 启动环境检查...
frpc 正在运行，跳过重启。
非维护时间，核心服务保持运行。
[2026年 03月 17日 星期二 14:25:01 CST] 启动环境检查...
frpc 正在运行，跳过重启。
非维护时间，核心服务保持运行。
[2026年 03月 17日 星期二 14:30:01 CST] 启动环境检查...
frpc 正在运行，跳过重启。
非维护时间，核心服务保持运行。
[2026年 03月 17日 星期二 14:35:01 CST] 启动环境检查...
frpc 正在运行，跳过重启。
非维护时间，核心服务保持运行。
[2026年 03月 17日 星期二 14:40:01 CST] 启动环境检查...
frpc 正在运行，跳过重启。
非维护时间，核心服务保持运行。
[2026年 03月 17日 星期二 14:45:01 CST] 启动环境检查...
frpc 正在运行，跳过重启。
非维护时间，核心服务保持运行。
[2026年 03月 17日 星期二 14:50:01 CST] 启动环境检查...
frpc 正在运行，跳过重启。
非维护时间，核心服务保持运行。
[2026年 03月 17日 星期二 14:55:01 CST] 启动环境检查...
frpc 正在运行，跳过重启。
非维护时间，核心服务保持运行。
[2026年 03月 17日 星期二 15:00:01 CST] 启动环境检查...
frpc 正在运行，跳过重启。
非维护时间，核心服务保持运行。
[2026年 03月 17日 星期二 15:05:02 CST] 启动环境检查...
frpc 正在运行，跳过重启。
非维护时间，核心服务保持运行。
[2026年 03月 17日 星期二 15:10:01 CST] 启动环境检查...
frpc 正在运行，跳过重启。
非维护时间，核心服务保持运行。
[2026年 03月 17日 星期二 15:15:01 CST] 启动环境检查...
frpc 正在运行，跳过重启。
非维护时间，核心服务保持运行。
[2026年 03月 17日 星期二 15:20:01 CST] 启动环境检查...
frpc 正在运行，跳过重启。
非维护时间，核心服务保持运行。
[2026年 03月 17日 星期二 15:25:01 CST] 启动环境检查...
frpc 正在运行，跳过重启。
非维护时间，核心服务保持运行。
[2026年 03月 17日 星期二 15:30:01 CST] 启动环境检查...
frpc 正在运行，跳过重启。
非维护时间，核心服务保持运行。
[2026年 03月 17日 星期二 15:35:01 CST] 启动环境检查...
frpc 正在运行，跳过重启。
非维护时间，核心服务保持运行。
[2026年 03月 17日 星期二 15:40:01 CST] 启动环境检查...
frpc 正在运行，跳过重启。
非维护时间，核心服务保持运行。
[2026年 03月 17日 星期二 15:45:01 CST] 启动环境检查...
frpc 正在运行，跳过重启。
非维护时间，核心服务保持运行。
[2026年 03月 17日 星期二 15:50:01 CST] 启动环境检查...
frpc 正在运行，跳过重启。
非维护时间，核心服务保持运行。
[2026年 03月 17日 星期二 15:55:01 CST] 启动环境检查...
frpc 正在运行，跳过重启。
非维护时间，核心服务保持运行。
[2026年 03月 17日 星期二 16:00:01 CST] 启动环境检查...
frpc 正在运行，跳过重启。
非维护时间，核心服务保持运行。
[2026年 03月 17日 星期二 16:05:01 CST] 启动环境检查...
frpc 正在运行，跳过重启。
非维护时间，核心服务保持运行。
[2026年 03月 17日 星期二 16:10:01 CST] 启动环境检查...
frpc 正在运行，跳过重启。
非维护时间，核心服务保持运行。
[2026年 03月 17日 星期二 16:15:01 CST] 启动环境检查...
frpc 正在运行，跳过重启。
非维护时间，核心服务保持运行。
[2026年 03月 17日 星期二 16:20:01 CST] 启动环境检查...
frpc 正在运行，跳过重启。
非维护时间，核心服务保持运行。
[2026年 03月 17日 星期二 16:25:01 CST] 启动环境检查...
frpc 正在运行，跳过重启。
非维护时间，核心服务保持运行。
[2026年 03月 17日 星期二 16:30:01 CST] 启动环境检查...
frpc 正在运行，跳过重启。
非维护时间，核心服务保持运行。
[2026年 03月 17日 星期二 16:35:01 CST] 启动环境检查...
frpc 正在运行，跳过重启。
非维护时间，核心服务保持运行。
[2026年 03月 17日 星期二 16:40:01 CST] 启动环境检查...
frpc 正在运行，跳过重启。
非维护时间，核心服务保持运行。
[2026年 03月 17日 星期二 16:45:01 CST] 启动环境检查...
frpc 正在运行，跳过重启。
非维护时间，核心服务保持运行。
[2026年 03月 17日 星期二 16:50:01 CST] 启动环境检查...
frpc 正在运行，跳过重启。
非维护时间，核心服务保持运行。
[2026年 03月 17日 星期二 16:55:01 CST] 启动环境检查...
frpc 正在运行，跳过重启。
非维护时间，核心服务保持运行。
[2026年 03月 17日 星期二 17:00:01 CST] 启动环境检查...
frpc 正在运行，跳过重启。
非维护时间，核心服务保持运行。
[2026年 03月 17日 星期二 17:05:01 CST] 启动环境检查...
frpc 正在运行，跳过重启。
非维护时间，核心服务保持运行。
[2026年 03月 17日 星期二 17:10:01 CST] 启动环境检查...
frpc 正在运行，跳过重启。
非维护时间，核心服务保持运行。
[2026年 03月 17日 星期二 17:15:01 CST] 启动环境检查...
frpc 正在运行，跳过重启。
非维护时间，核心服务保持运行。
[2026年 03月 17日 星期二 17:20:01 CST] 启动环境检查...
frpc 正在运行，跳过重启。
非维护时间，核心服务保持运行。
[2026年 03月 17日 星期二 17:25:01 CST] 启动环境检查...
frpc 正在运行，跳过重启。
非维护时间，核心服务保持运行。
[2026年 03月 17日 星期二 17:30:01 CST] 启动环境检查...
frpc 正在运行，跳过重启。
非维护时间，核心服务保持运行。
[2026年 03月 17日 星期二 17:35:01 CST] 启动环境检查...
frpc 正在运行，跳过重启。
非维护时间，核心服务保持运行。
[2026年 03月 17日 星期二 17:40:01 CST] 启动环境检查...
frpc 正在运行，跳过重启。
非维护时间，核心服务保持运行。
[2026年 03月 17日 星期二 17:45:01 CST] 启动环境检查...
frpc 正在运行，跳过重启。
非维护时间，核心服务保持运行。
[2026年 03月 17日 星期二 17:50:01 CST] 启动环境检查...
frpc 正在运行，跳过重启。
非维护时间，核心服务保持运行。
[2026年 03月 17日 星期二 17:55:01 CST] 启动环境检查...
frpc 正在运行，跳过重启。
非维护时间，核心服务保持运行。
[2026年 03月 17日 星期二 18:00:01 CST] 启动环境检查...
frpc 正在运行，跳过重启。
非维护时间，核心服务保持运行。
[2026年 03月 17日 星期二 18:05:01 CST] 启动环境检查...
frpc 正在运行，跳过重启。
非维护时间，核心服务保持运行。
[2026年 03月 17日 星期二 18:10:01 CST] 启动环境检查...
frpc 正在运行，跳过重启。
非维护时间，核心服务保持运行。
[2026年 03月 17日 星期二 18:15:01 CST] 启动环境检查...
frpc 正在运行，跳过重启。
非维护时间，核心服务保持运行。
[2026年 03月 17日 星期二 18:20:01 CST] 启动环境检查...
frpc 正在运行，跳过重启。
非维护时间，核心服务保持运行。
[2026年 03月 17日 星期二 18:25:01 CST] 启动环境检查...
frpc 正在运行，跳过重启。
非维护时间，核心服务保持运行。
[2026年 03月 17日 星期二 18:30:01 CST] 启动环境检查...
frpc 正在运行，跳过重启。
非维护时间，核心服务保持运行。
[2026年 03月 17日 星期二 18:35:01 CST] 启动环境检查...
frpc 正在运行，跳过重启。
非维护时间，核心服务保持运行。
[2026年 03月 17日 星期二 18:40:01 CST] 启动环境检查...
frpc 正在运行，跳过重启。
非维护时间，核心服务保持运行。
[2026年 03月 17日 星期二 18:45:01 CST] 启动环境检查...
frpc 正在运行，跳过重启。
非维护时间，核心服务保持运行。
[2026年 03月 17日 星期二 18:50:01 CST] 启动环境检查...
frpc 正在运行，跳过重启。
非维护时间，核心服务保持运行。
[2026年 03月 17日 星期二 18:55:01 CST] 启动环境检查...
frpc 正在运行，跳过重启。
非维护时间，核心服务保持运行。
[2026年 03月 17日 星期二 19:00:01 CST] 启动环境检查...
frpc 正在运行，跳过重启。
非维护时间，核心服务保持运行。
[2026年 03月 17日 星期二 19:05:01 CST] 启动环境检查...
frpc 正在运行，跳过重启。
非维护时间，核心服务保持运行。
[2026年 03月 17日 星期二 19:10:01 CST] 启动环境检查...
frpc 正在运行，跳过重启。
非维护时间，核心服务保持运行。
[2026年 03月 17日 星期二 19:15:01 CST] 启动环境检查...
frpc 正在运行，跳过重启。
非维护时间，核心服务保持运行。
[2026年 03月 17日 星期二 19:20:01 CST] 启动环境检查...
frpc 正在运行，跳过重启。
非维护时间，核心服务保持运行。
[2026年 03月 17日 星期二 19:25:01 CST] 启动环境检查...
frpc 正在运行，跳过重启。
非维护时间，核心服务保持运行。
[2026年 03月 17日 星期二 19:30:01 CST] 启动环境检查...
frpc 正在运行，跳过重启。
非维护时间，核心服务保持运行。
[2026年 03月 17日 星期二 19:35:01 CST] 启动环境检查...
frpc 正在运行，跳过重启。
非维护时间，核心服务保持运行。
[2026年 03月 17日 星期二 19:40:01 CST] 启动环境检查...
frpc 正在运行，跳过重启。
非维护时间，核心服务保持运行。
[2026年 03月 17日 星期二 19:45:01 CST] 启动环境检查...
frpc 正在运行，跳过重启。
非维护时间，核心服务保持运行。
[2026年 03月 17日 星期二 19:50:01 CST] 启动环境检查...
frpc 正在运行，跳过重启。
非维护时间，核心服务保持运行。
[2026年 03月 17日 星期二 19:55:01 CST] 启动环境检查...
frpc 正在运行，跳过重启。
非维护时间，核心服务保持运行。
[2026年 03月 17日 星期二 20:00:01 CST] 启动环境检查...
frpc 正在运行，跳过重启。
非维护时间，核心服务保持运行。
[2026年 03月 17日 星期二 20:05:01 CST] 启动环境检查...
frpc 正在运行，跳过重启。
非维护时间，核心服务保持运行。
[2026年 03月 17日 星期二 20:10:01 CST] 启动环境检查...
frpc 正在运行，跳过重启。
非维护时间，核心服务保持运行。
[2026年 03月 17日 星期二 20:15:01 CST] 启动环境检查...
frpc 正在运行，跳过重启。
非维护时间，核心服务保持运行。
[2026年 03月 17日 星期二 20:20:01 CST] 启动环境检查...
frpc 正在运行，跳过重启。
非维护时间，核心服务保持运行。
[2026年 03月 17日 星期二 20:25:01 CST] 启动环境检查...
frpc 正在运行，跳过重启。
非维护时间，核心服务保持运行。
[2026年 03月 17日 星期二 20:30:01 CST] 启动环境检查...
frpc 正在运行，跳过重启。
非维护时间，核心服务保持运行。
[2026年 03月 17日 星期二 20:35:01 CST] 启动环境检查...
frpc 正在运行，跳过重启。
非维护时间，核心服务保持运行。
[2026年 03月 17日 星期二 20:40:01 CST] 启动环境检查...
frpc 正在运行，跳过重启。
非维护时间，核心服务保持运行。
[2026年 03月 17日 星期二 20:45:01 CST] 启动环境检查...
frpc 正在运行，跳过重启。
非维护时间，核心服务保持运行。
[2026年 03月 17日 星期二 20:50:01 CST] 启动环境检查...
frpc 正在运行，跳过重启。
非维护时间，核心服务保持运行。
[2026年 03月 17日 星期二 20:55:01 CST] 启动环境检查...
frpc 正在运行，跳过重启。
非维护时间，核心服务保持运行。
[2026年 03月 17日 星期二 21:00:01 CST] 启动环境检查...
frpc 正在运行，跳过重启。
非维护时间，核心服务保持运行。
[2026年 03月 17日 星期二 21:05:01 CST] 启动环境检查...
frpc 正在运行，跳过重启。
非维护时间，核心服务保持运行。
[2026年 03月 17日 星期二 21:10:01 CST] 启动环境检查...
frpc 正在运行，跳过重启。
非维护时间，核心服务保持运行。
[2026年 03月 17日 星期二 21:15:01 CST] 启动环境检查...
frpc 正在运行，跳过重启。
非维护时间，核心服务保持运行。
[2026年 03月 17日 星期二 21:20:01 CST] 启动环境检查...
frpc 正在运行，跳过重启。
非维护时间，核心服务保持运行。
[2026年 03月 17日 星期二 21:25:01 CST] 启动环境检查...
frpc 正在运行，跳过重启。
非维护时间，核心服务保持运行。
[2026年 03月 17日 星期二 21:30:01 CST] 启动环境检查...
frpc 正在运行，跳过重启。
非维护时间，核心服务保持运行。
[2026年 03月 17日 星期二 21:35:01 CST] 启动环境检查...
frpc 正在运行，跳过重启。
非维护时间，核心服务保持运行。
[2026年 03月 17日 星期二 21:40:01 CST] 启动环境检查...
frpc 正在运行，跳过重启。
非维护时间，核心服务保持运行。
[2026年 03月 17日 星期二 21:45:01 CST] 启动环境检查...
frpc 正在运行，跳过重启。
非维护时间，核心服务保持运行。
[2026年 03月 17日 星期二 21:50:01 CST] 启动环境检查...
frpc 正在运行，跳过重启。
非维护时间，核心服务保持运行。
[2026年 03月 17日 星期二 21:55:01 CST] 启动环境检查...
frpc 正在运行，跳过重启。
非维护时间，核心服务保持运行。
[2026年 03月 17日 星期二 22:00:01 CST] 启动环境检查...
frpc 正在运行，跳过重启。
非维护时间，核心服务保持运行。
[2026年 03月 17日 星期二 22:05:01 CST] 启动环境检查...
frpc 正在运行，跳过重启。
非维护时间，核心服务保持运行。
[2026年 03月 17日 星期二 22:10:01 CST] 启动环境检查...
frpc 正在运行，跳过重启。
非维护时间，核心服务保持运行。
[2026年 03月 17日 星期二 22:15:01 CST] 启动环境检查...
frpc 正在运行，跳过重启。
非维护时间，核心服务保持运行。
[2026年 03月 17日 星期二 22:20:01 CST] 启动环境检查...
frpc 正在运行，跳过重启。
非维护时间，核心服务保持运行。
[2026年 03月 17日 星期二 22:25:01 CST] 启动环境检查...
frpc 正在运行，跳过重启。
非维护时间，核心服务保持运行。
[2026年 03月 17日 星期二 22:30:01 CST] 启动环境检查...
frpc 正在运行，跳过重启。
非维护时间，核心服务保持运行。
[2026年 03月 17日 星期二 22:35:01 CST] 启动环境检查...
frpc 正在运行，跳过重启。
非维护时间，核心服务保持运行。
[2026年 03月 17日 星期二 22:40:01 CST] 启动环境检查...
frpc 正在运行，跳过重启。
非维护时间，核心服务保持运行。
[2026年 03月 17日 星期二 22:45:01 CST] 启动环境检查...
frpc 正在运行，跳过重启。
非维护时间，核心服务保持运行。
[2026年 03月 17日 星期二 22:50:01 CST] 启动环境检查...
frpc 正在运行，跳过重启。
非维护时间，核心服务保持运行。
[2026年 03月 17日 星期二 22:55:01 CST] 启动环境检查...
frpc 正在运行，跳过重启。
非维护时间，核心服务保持运行。
[2026年 03月 17日 星期二 23:00:01 CST] 启动环境检查...
frpc 正在运行，跳过重启。
非维护时间，核心服务保持运行。
[2026年 03月 17日 星期二 23:05:01 CST] 启动环境检查...
frpc 正在运行，跳过重启。
非维护时间，核心服务保持运行。
[2026年 03月 17日 星期二 23:10:01 CST] 启动环境检查...
frpc 正在运行，跳过重启。
非维护时间，核心服务保持运行。
[2026年 03月 17日 星期二 23:15:01 CST] 启动环境检查...
frpc 正在运行，跳过重启。
非维护时间，核心服务保持运行。
[2026年 03月 17日 星期二 23:20:01 CST] 启动环境检查...
frpc 正在运行，跳过重启。
非维护时间，核心服务保持运行。
[2026年 03月 17日 星期二 23:25:01 CST] 启动环境检查...
frpc 正在运行，跳过重启。
非维护时间，核心服务保持运行。
[2026年 03月 17日 星期二 23:30:01 CST] 启动环境检查...
frpc 正在运行，跳过重启。
非维护时间，核心服务保持运行。
[2026年 03月 17日 星期二 23:35:01 CST] 启动环境检查...
frpc 正在运行，跳过重启。
非维护时间，核心服务保持运行。
[2026年 03月 17日 星期二 23:40:01 CST] 启动环境检查...
frpc 正在运行，跳过重启。
非维护时间，核心服务保持运行。
[2026年 03月 17日 星期二 23:45:01 CST] 启动环境检查...
frpc 正在运行，跳过重启。
非维护时间，核心服务保持运行。
[2026年 03月 17日 星期二 23:50:01 CST] 启动环境检查...
frpc 正在运行，跳过重启。
非维护时间，核心服务保持运行。
[2026年 03月 17日 星期二 23:55:01 CST] 启动环境检查...
frpc 正在运行，跳过重启。
非维护时间，核心服务保持运行。
[2026年 03月 18日 星期三 00:00:01 CST] 启动环境检查...
frpc 正在运行，跳过重启。
非维护时间，核心服务保持运行。
[2026年 03月 18日 星期三 00:05:01 CST] 启动环境检查...
frpc 正在运行，跳过重启。
非维护时间，核心服务保持运行。
[2026年 03月 18日 星期三 00:10:01 CST] 启动环境检查...
frpc 正在运行，跳过重启。
非维护时间，核心服务保持运行。
[2026年 03月 18日 星期三 00:15:01 CST] 启动环境检查...
frpc 正在运行，跳过重启。
非维护时间，核心服务保持运行。
[2026年 03月 18日 星期三 00:20:01 CST] 启动环境检查...
frpc 正在运行，跳过重启。
非维护时间，核心服务保持运行。
[2026年 03月 18日 星期三 00:25:01 CST] 启动环境检查...
frpc 正在运行，跳过重启。
非维护时间，核心服务保持运行。
[2026年 03月 18日 星期三 00:30:01 CST] 启动环境检查...
frpc 正在运行，跳过重启。
非维护时间，核心服务保持运行。
[2026年 03月 18日 星期三 00:35:01 CST] 启动环境检查...
frpc 正在运行，跳过重启。
非维护时间，核心服务保持运行。
[2026年 03月 18日 星期三 00:40:01 CST] 启动环境检查...
frpc 正在运行，跳过重启。
非维护时间，核心服务保持运行。
[2026年 03月 18日 星期三 00:45:01 CST] 启动环境检查...
frpc 正在运行，跳过重启。
非维护时间，核心服务保持运行。
[2026年 03月 18日 星期三 00:50:01 CST] 启动环境检查...
frpc 正在运行，跳过重启。
非维护时间，核心服务保持运行。
[2026年 03月 18日 星期三 00:55:01 CST] 启动环境检查...
frpc 正在运行，跳过重启。
非维护时间，核心服务保持运行。
[2026年 03月 18日 星期三 01:00:01 CST] 启动环境检查...
frpc 正在运行，跳过重启。
非维护时间，核心服务保持运行。
[2026年 03月 18日 星期三 01:05:01 CST] 启动环境检查...
frpc 正在运行，跳过重启。
非维护时间，核心服务保持运行。
[2026年 03月 18日 星期三 01:10:01 CST] 启动环境检查...
frpc 正在运行，跳过重启。
非维护时间，核心服务保持运行。
[2026年 03月 18日 星期三 01:15:01 CST] 启动环境检查...
frpc 正在运行，跳过重启。
非维护时间，核心服务保持运行。
[2026年 03月 18日 星期三 01:20:01 CST] 启动环境检查...
frpc 正在运行，跳过重启。
非维护时间，核心服务保持运行。
[2026年 03月 18日 星期三 01:25:01 CST] 启动环境检查...
frpc 正在运行，跳过重启。
非维护时间，核心服务保持运行。
[2026年 03月 18日 星期三 01:30:01 CST] 启动环境检查...
frpc 正在运行，跳过重启。
非维护时间，核心服务保持运行。
[2026年 03月 18日 星期三 01:35:01 CST] 启动环境检查...
frpc 正在运行，跳过重启。
非维护时间，核心服务保持运行。
[2026年 03月 18日 星期三 01:40:01 CST] 启动环境检查...
frpc 正在运行，跳过重启。
非维护时间，核心服务保持运行。
[2026年 03月 18日 星期三 01:45:01 CST] 启动环境检查...
frpc 正在运行，跳过重启。
非维护时间，核心服务保持运行。
[2026年 03月 18日 星期三 01:50:01 CST] 启动环境检查...
frpc 正在运行，跳过重启。
非维护时间，核心服务保持运行。
[2026年 03月 18日 星期三 01:55:01 CST] 启动环境检查...
frpc 正在运行，跳过重启。
非维护时间，核心服务保持运行。
[2026年 03月 18日 星期三 02:00:01 CST] 启动环境检查...
frpc 正在运行，跳过重启。
非维护时间，核心服务保持运行。
[2026年 03月 18日 星期三 02:05:01 CST] 启动环境检查...
frpc 正在运行，跳过重启。
非维护时间，核心服务保持运行。
[2026年 03月 18日 星期三 02:10:01 CST] 启动环境检查...
frpc 正在运行，跳过重启。
非维护时间，核心服务保持运行。
[2026年 03月 18日 星期三 02:15:01 CST] 启动环境检查...
frpc 正在运行，跳过重启。
非维护时间，核心服务保持运行。
[2026年 03月 18日 星期三 02:20:01 CST] 启动环境检查...
frpc 正在运行，跳过重启。
非维护时间，核心服务保持运行。
[2026年 03月 18日 星期三 02:25:01 CST] 启动环境检查...
frpc 正在运行，跳过重启。
非维护时间，核心服务保持运行。
[2026年 03月 18日 星期三 02:30:01 CST] 启动环境检查...
frpc 正在运行，跳过重启。
非维护时间，核心服务保持运行。
[2026年 03月 18日 星期三 02:35:01 CST] 启动环境检查...
frpc 正在运行，跳过重启。
非维护时间，核心服务保持运行。
[2026年 03月 18日 星期三 02:40:01 CST] 启动环境检查...
frpc 正在运行，跳过重启。
非维护时间，核心服务保持运行。
[2026年 03月 18日 星期三 02:45:01 CST] 启动环境检查...
frpc 正在运行，跳过重启。
非维护时间，核心服务保持运行。
[2026年 03月 18日 星期三 02:50:01 CST] 启动环境检查...
frpc 正在运行，跳过重启。
非维护时间，核心服务保持运行。
[2026年 03月 18日 星期三 02:55:01 CST] 启动环境检查...
frpc 正在运行，跳过重启。
非维护时间，核心服务保持运行。
[2026年 03月 18日 星期三 03:00:01 CST] 启动环境检查...
frpc 正在运行，跳过重启。
触发凌晨 3:00 定时维护，准备重启核心服务...
清理端口 8000 的进程 66867
清理端口 7100 的进程 66872
核心服务已完成每日例行重启。
[2026年 03月 18日 星期三 03:05:01 CST] 启动环境检查...
frpc 正在运行，跳过重启。
触发凌晨 3:00 定时维护，准备重启核心服务...
清理端口 8000 的进程 73894
清理端口 7100 的进程 73895
核心服务已完成每日例行重启。
[2026年 03月 18日 星期三 03:10:01 CST] 启动环境检查...
frpc 正在运行，跳过重启。
触发凌晨 3:00 定时维护，准备重启核心服务...
清理端口 8000 的进程 74605
清理端口 7100 的进程 74606
核心服务已完成每日例行重启。
[2026年 03月 18日 星期三 03:15:01 CST] 启动环境检查...
frpc 正在运行，跳过重启。
触发凌晨 3:00 定时维护，准备重启核心服务...
清理端口 8000 的进程 75313
清理端口 7100 的进程 75312
核心服务已完成每日例行重启。
[2026年 03月 18日 星期三 03:20:01 CST] 启动环境检查...
frpc 正在运行，跳过重启。
触发凌晨 3:00 定时维护，准备重启核心服务...
清理端口 8000 的进程 76022
清理端口 7100 的进程 76023
核心服务已完成每日例行重启。
[2026年 03月 18日 星期三 03:25:01 CST] 启动环境检查...
frpc 正在运行，跳过重启。
触发凌晨 3:00 定时维护，准备重启核心服务...
清理端口 8000 的进程 76730
清理端口 7100 的进程 76731
核心服务已完成每日例行重启。
[2026年 03月 18日 星期三 03:30:01 CST] 启动环境检查...
frpc 正在运行，跳过重启。
触发凌晨 3:00 定时维护，准备重启核心服务...
清理端口 8000 的进程 77437
清理端口 7100 的进程 77438
核心服务已完成每日例行重启。
[2026年 03月 18日 星期三 03:35:01 CST] 启动环境检查...
frpc 正在运行，跳过重启。
触发凌晨 3:00 定时维护，准备重启核心服务...
清理端口 8000 的进程 78147
清理端口 7100 的进程 78146
核心服务已完成每日例行重启。
[2026年 03月 18日 星期三 03:40:01 CST] 启动环境检查...
frpc 正在运行，跳过重启。
触发凌晨 3:00 定时维护，准备重启核心服务...
清理端口 8000 的进程 78857
清理端口 7100 的进程 78856
核心服务已完成每日例行重启。
[2026年 03月 18日 星期三 03:45:01 CST] 启动环境检查...
frpc 正在运行，跳过重启。
触发凌晨 3:00 定时维护，准备重启核心服务...
清理端口 8000 的进程 79569
清理端口 7100 的进程 79570
核心服务已完成每日例行重启。
[2026年 03月 18日 星期三 03:50:01 CST] 启动环境检查...
frpc 正在运行，跳过重启。
触发凌晨 3:00 定时维护，准备重启核心服务...
清理端口 8000 的进程 80275
清理端口 7100 的进程 80276
核心服务已完成每日例行重启。
[2026年 03月 18日 星期三 03:55:01 CST] 启动环境检查...
frpc 正在运行，跳过重启。
触发凌晨 3:00 定时维护，准备重启核心服务...
清理端口 8000 的进程 80985
清理端口 7100 的进程 80986
核心服务已完成每日例行重启。
[2026年 03月 18日 星期三 04:00:01 CST] 启动环境检查...
frpc 正在运行，跳过重启。
非维护时间，核心服务保持运行。
[2026年 03月 18日 星期三 04:05:01 CST] 启动环境检查...
frpc 正在运行，跳过重启。
非维护时间，核心服务保持运行。
[2026年 03月 18日 星期三 04:10:01 CST] 启动环境检查...
frpc 正在运行，跳过重启。
非维护时间，核心服务保持运行。
[2026年 03月 18日 星期三 04:15:01 CST] 启动环境检查...
frpc 正在运行，跳过重启。
非维护时间，核心服务保持运行。
[2026年 03月 18日 星期三 04:20:01 CST] 启动环境检查...
frpc 正在运行，跳过重启。
非维护时间，核心服务保持运行。
[2026年 03月 18日 星期三 04:25:01 CST] 启动环境检查...
frpc 正在运行，跳过重启。
非维护时间，核心服务保持运行。
[2026年 03月 18日 星期三 04:30:01 CST] 启动环境检查...
frpc 正在运行，跳过重启。
非维护时间，核心服务保持运行。
[2026年 03月 18日 星期三 04:35:01 CST] 启动环境检查...
frpc 正在运行，跳过重启。
非维护时间，核心服务保持运行。
[2026年 03月 18日 星期三 04:40:01 CST] 启动环境检查...
frpc 正在运行，跳过重启。
非维护时间，核心服务保持运行。
[2026年 03月 18日 星期三 04:45:01 CST] 启动环境检查...
frpc 正在运行，跳过重启。
非维护时间，核心服务保持运行。
[2026年 03月 18日 星期三 04:50:01 CST] 启动环境检查...
frpc 正在运行，跳过重启。
非维护时间，核心服务保持运行。
[2026年 03月 18日 星期三 04:55:01 CST] 启动环境检查...
frpc 正在运行，跳过重启。
非维护时间，核心服务保持运行。
[2026年 03月 18日 星期三 05:00:01 CST] 启动环境检查...
frpc 正在运行，跳过重启。
非维护时间，核心服务保持运行。
[2026年 03月 18日 星期三 05:05:01 CST] 启动环境检查...
frpc 正在运行，跳过重启。
非维护时间，核心服务保持运行。
[2026年 03月 18日 星期三 05:10:01 CST] 启动环境检查...
frpc 正在运行，跳过重启。
非维护时间，核心服务保持运行。
[2026年 03月 18日 星期三 05:15:01 CST] 启动环境检查...
frpc 正在运行，跳过重启。
非维护时间，核心服务保持运行。
[2026年 03月 18日 星期三 05:20:01 CST] 启动环境检查...
frpc 正在运行，跳过重启。
非维护时间，核心服务保持运行。
[2026年 03月 18日 星期三 05:25:01 CST] 启动环境检查...
frpc 正在运行，跳过重启。
非维护时间，核心服务保持运行。
[2026年 03月 18日 星期三 05:30:01 CST] 启动环境检查...
frpc 正在运行，跳过重启。
非维护时间，核心服务保持运行。
[2026年 03月 18日 星期三 05:35:01 CST] 启动环境检查...
frpc 正在运行，跳过重启。
非维护时间，核心服务保持运行。
[2026年 03月 18日 星期三 05:40:01 CST] 启动环境检查...
frpc 正在运行，跳过重启。
非维护时间，核心服务保持运行。
[2026年 03月 18日 星期三 05:45:01 CST] 启动环境检查...
frpc 正在运行，跳过重启。
非维护时间，核心服务保持运行。
[2026年 03月 18日 星期三 05:50:02 CST] 启动环境检查...
frpc 正在运行，跳过重启。
非维护时间，核心服务保持运行。
[2026年 03月 18日 星期三 05:55:01 CST] 启动环境检查...
frpc 正在运行，跳过重启。
非维护时间，核心服务保持运行。
[2026年 03月 18日 星期三 06:00:01 CST] 启动环境检查...
frpc 正在运行，跳过重启。
非维护时间，核心服务保持运行。
[2026年 03月 18日 星期三 06:05:01 CST] 启动环境检查...
frpc 正在运行，跳过重启。
非维护时间，核心服务保持运行。
[2026年 03月 18日 星期三 06:10:01 CST] 启动环境检查...
frpc 正在运行，跳过重启。
非维护时间，核心服务保持运行。
[2026年 03月 18日 星期三 06:15:01 CST] 启动环境检查...
frpc 正在运行，跳过重启。
非维护时间，核心服务保持运行。
[2026年 03月 18日 星期三 06:20:01 CST] 启动环境检查...
frpc 正在运行，跳过重启。
非维护时间，核心服务保持运行。
[2026年 03月 18日 星期三 06:25:01 CST] 启动环境检查...
frpc 正在运行，跳过重启。
非维护时间，核心服务保持运行。
[2026年 03月 18日 星期三 06:30:01 CST] 启动环境检查...
frpc 正在运行，跳过重启。
非维护时间，核心服务保持运行。
[2026年 03月 18日 星期三 06:35:01 CST] 启动环境检查...
frpc 正在运行，跳过重启。
非维护时间，核心服务保持运行。
[2026年 03月 18日 星期三 06:40:01 CST] 启动环境检查...
frpc 正在运行，跳过重启。
非维护时间，核心服务保持运行。
[2026年 03月 18日 星期三 06:45:01 CST] 启动环境检查...
frpc 正在运行，跳过重启。
非维护时间，核心服务保持运行。
[2026年 03月 18日 星期三 06:50:01 CST] 启动环境检查...
frpc 正在运行，跳过重启。
非维护时间，核心服务保持运行。
[2026年 03月 18日 星期三 06:55:01 CST] 启动环境检查...
frpc 正在运行，跳过重启。
非维护时间，核心服务保持运行。
[2026年 03月 18日 星期三 07:00:01 CST] 启动环境检查...
frpc 正在运行，跳过重启。
非维护时间，核心服务保持运行。
[2026年 03月 18日 星期三 07:05:01 CST] 启动环境检查...
frpc 正在运行，跳过重启。
非维护时间，核心服务保持运行。
[2026年 03月 18日 星期三 07:10:01 CST] 启动环境检查...
frpc 正在运行，跳过重启。
非维护时间，核心服务保持运行。
[2026年 03月 18日 星期三 07:15:01 CST] 启动环境检查...
frpc 正在运行，跳过重启。
非维护时间，核心服务保持运行。
[2026年 03月 18日 星期三 07:20:01 CST] 启动环境检查...
frpc 正在运行，跳过重启。
非维护时间，核心服务保持运行。
[2026年 03月 18日 星期三 07:25:01 CST] 启动环境检查...
frpc 正在运行，跳过重启。
非维护时间，核心服务保持运行。
[2026年 03月 18日 星期三 07:30:01 CST] 启动环境检查...
frpc 正在运行，跳过重启。
非维护时间，核心服务保持运行。
[2026年 03月 18日 星期三 07:35:01 CST] 启动环境检查...
frpc 正在运行，跳过重启。
非维护时间，核心服务保持运行。
[2026年 03月 18日 星期三 07:40:02 CST] 启动环境检查...
frpc 正在运行，跳过重启。
非维护时间，核心服务保持运行。
[2026年 03月 18日 星期三 07:45:01 CST] 启动环境检查...
frpc 正在运行，跳过重启。
非维护时间，核心服务保持运行。
[2026年 03月 18日 星期三 07:50:01 CST] 启动环境检查...
frpc 正在运行，跳过重启。
非维护时间，核心服务保持运行。
[2026年 03月 18日 星期三 07:55:01 CST] 启动环境检查...
frpc 正在运行，跳过重启。
非维护时间，核心服务保持运行。
[2026年 03月 18日 星期三 08:00:01 CST] 启动环境检查...
frpc 正在运行，跳过重启。
非维护时间，核心服务保持运行。
[2026年 03月 18日 星期三 08:05:01 CST] 启动环境检查...
frpc 正在运行，跳过重启。
非维护时间，核心服务保持运行。
[2026年 03月 18日 星期三 08:10:01 CST] 启动环境检查...
frpc 正在运行，跳过重启。
非维护时间，核心服务保持运行。
[2026年 03月 18日 星期三 08:15:01 CST] 启动环境检查...
frpc 正在运行，跳过重启。
非维护时间，核心服务保持运行。
[2026年 03月 18日 星期三 08:20:01 CST] 启动环境检查...
frpc 正在运行，跳过重启。
非维护时间，核心服务保持运行。
[2026年 03月 18日 星期三 08:25:01 CST] 启动环境检查...
frpc 正在运行，跳过重启。
非维护时间，核心服务保持运行。
[2026年 03月 18日 星期三 08:30:01 CST] 启动环境检查...
frpc 正在运行，跳过重启。
非维护时间，核心服务保持运行。
[2026年 03月 18日 星期三 08:35:01 CST] 启动环境检查...
frpc 正在运行，跳过重启。
非维护时间，核心服务保持运行。
[2026年 03月 18日 星期三 08:40:01 CST] 启动环境检查...
frpc 正在运行，跳过重启。
非维护时间，核心服务保持运行。
[2026年 03月 18日 星期三 08:45:01 CST] 启动环境检查...
frpc 正在运行，跳过重启。
非维护时间，核心服务保持运行。
[2026年 03月 18日 星期三 08:50:01 CST] 启动环境检查...
frpc 正在运行，跳过重启。
非维护时间，核心服务保持运行。
[2026年 03月 18日 星期三 08:55:01 CST] 启动环境检查...
frpc 正在运行，跳过重启。
非维护时间，核心服务保持运行。
[2026年 03月 18日 星期三 09:00:01 CST] 启动环境检查...
frpc 正在运行，跳过重启。
非维护时间，核心服务保持运行。
[2026年 03月 18日 星期三 09:05:01 CST] 启动环境检查...
frpc 正在运行，跳过重启。
非维护时间，核心服务保持运行。
[2026年 03月 18日 星期三 09:10:01 CST] 启动环境检查...
frpc 正在运行，跳过重启。
非维护时间，核心服务保持运行。
[2026年 03月 18日 星期三 09:15:01 CST] 启动环境检查...
frpc 正在运行，跳过重启。
非维护时间，核心服务保持运行。
[2026年 03月 18日 星期三 09:20:01 CST] 启动环境检查...
frpc 正在运行，跳过重启。
非维护时间，核心服务保持运行。
[2026年 03月 18日 星期三 09:25:01 CST] 启动环境检查...
frpc 正在运行，跳过重启。
非维护时间，核心服务保持运行。
[2026年 03月 18日 星期三 09:30:01 CST] 启动环境检查...
frpc 正在运行，跳过重启。
非维护时间，核心服务保持运行。
[2026年 03月 18日 星期三 09:35:01 CST] 启动环境检查...
frpc 正在运行，跳过重启。
非维护时间，核心服务保持运行。
[2026年 03月 18日 星期三 09:40:01 CST] 启动环境检查...
frpc 正在运行，跳过重启。
非维护时间，核心服务保持运行。
[2026年 03月 18日 星期三 09:45:01 CST] 启动环境检查...
frpc 正在运行，跳过重启。
非维护时间，核心服务保持运行。
[2026年 03月 18日 星期三 09:50:01 CST] 启动环境检查...
frpc 正在运行，跳过重启。
非维护时间，核心服务保持运行。
[2026年 03月 18日 星期三 09:55:01 CST] 启动环境检查...
frpc 正在运行，跳过重启。
非维护时间，核心服务保持运行。
[2026年 03月 18日 星期三 10:00:01 CST] 启动环境检查...
frpc 正在运行，跳过重启。
非维护时间，核心服务保持运行。
[2026年 03月 18日 星期三 10:05:01 CST] 启动环境检查...
frpc 正在运行，跳过重启。
非维护时间，核心服务保持运行。
[2026年 03月 18日 星期三 10:10:01 CST] 启动环境检查...
frpc 正在运行，跳过重启。
非维护时间，核心服务保持运行。
[2026年 03月 18日 星期三 10:15:01 CST] 启动环境检查...
frpc 正在运行，跳过重启。
非维护时间，核心服务保持运行。
[2026年 03月 18日 星期三 10:20:02 CST] 启动环境检查...
frpc 正在运行，跳过重启。
非维护时间，核心服务保持运行。
[2026年 03月 18日 星期三 10:25:01 CST] 启动环境检查...
frpc 正在运行，跳过重启。
非维护时间，核心服务保持运行。
[2026年 03月 18日 星期三 10:30:01 CST] 启动环境检查...
frpc 正在运行，跳过重启。
非维护时间，核心服务保持运行。
[2026年 03月 18日 星期三 10:35:01 CST] 启动环境检查...
frpc 正在运行，跳过重启。
非维护时间，核心服务保持运行。
[2026年 03月 18日 星期三 10:40:01 CST] 启动环境检查...
frpc 正在运行，跳过重启。
非维护时间，核心服务保持运行。
[2026年 03月 18日 星期三 10:45:01 CST] 启动环境检查...
frpc 正在运行，跳过重启。
非维护时间，核心服务保持运行。
[2026年 03月 18日 星期三 10:50:01 CST] 启动环境检查...
frpc 正在运行，跳过重启。
非维护时间，核心服务保持运行。
[2026年 03月 18日 星期三 10:55:01 CST] 启动环境检查...
frpc 正在运行，跳过重启。
非维护时间，核心服务保持运行。
[2026年 03月 18日 星期三 11:00:01 CST] 启动环境检查...
frpc 正在运行，跳过重启。
非维护时间，核心服务保持运行。
[2026年 03月 18日 星期三 11:05:01 CST] 启动环境检查...
frpc 正在运行，跳过重启。
非维护时间，核心服务保持运行。
[2026年 03月 18日 星期三 11:10:01 CST] 启动环境检查...
frpc 正在运行，跳过重启。
非维护时间，核心服务保持运行。
[2026年 03月 18日 星期三 11:15:01 CST] 启动环境检查...
frpc 正在运行，跳过重启。
非维护时间，核心服务保持运行。
[2026年 03月 18日 星期三 11:20:01 CST] 启动环境检查...
frpc 正在运行，跳过重启。
非维护时间，核心服务保持运行。
[2026年 03月 18日 星期三 11:25:01 CST] 启动环境检查...
frpc 正在运行，跳过重启。
非维护时间，核心服务保持运行。
[2026年 03月 18日 星期三 11:30:01 CST] 启动环境检查...
frpc 正在运行，跳过重启。
非维护时间，核心服务保持运行。
[2026年 03月 18日 星期三 11:35:01 CST] 启动环境检查...
frpc 正在运行，跳过重启。
非维护时间，核心服务保持运行。
[2026年 03月 18日 星期三 11:40:01 CST] 启动环境检查...
frpc 正在运行，跳过重启。
非维护时间，核心服务保持运行。
[2026年 03月 18日 星期三 11:45:01 CST] 启动环境检查...
frpc 正在运行，跳过重启。
非维护时间，核心服务保持运行。
[2026年 03月 18日 星期三 11:50:01 CST] 启动环境检查...
frpc 正在运行，跳过重启。
非维护时间，核心服务保持运行。
[2026年 03月 18日 星期三 11:55:01 CST] 启动环境检查...
frpc 正在运行，跳过重启。
非维护时间，核心服务保持运行。
[2026年 03月 18日 星期三 12:00:01 CST] 启动环境检查...
frpc 正在运行，跳过重启。
非维护时间，核心服务保持运行。
[2026年 03月 18日 星期三 12:05:01 CST] 启动环境检查...
frpc 正在运行，跳过重启。
非维护时间，核心服务保持运行。
[2026年 03月 18日 星期三 12:10:01 CST] 启动环境检查...
frpc 正在运行，跳过重启。
非维护时间，核心服务保持运行。
[2026年 03月 18日 星期三 12:15:02 CST] 启动环境检查...
frpc 正在运行，跳过重启。
非维护时间，核心服务保持运行。
[2026年 03月 18日 星期三 12:20:01 CST] 启动环境检查...
frpc 正在运行，跳过重启。
非维护时间，核心服务保持运行。
[2026年 03月 18日 星期三 12:25:01 CST] 启动环境检查...
frpc 正在运行，跳过重启。
非维护时间，核心服务保持运行。
[2026年 03月 18日 星期三 12:30:01 CST] 启动环境检查...
frpc 正在运行，跳过重启。
非维护时间，核心服务保持运行。
[2026年 03月 18日 星期三 12:35:01 CST] 启动环境检查...
frpc 正在运行，跳过重启。
非维护时间，核心服务保持运行。
[2026年 03月 18日 星期三 12:40:01 CST] 启动环境检查...
frpc 正在运行，跳过重启。
非维护时间，核心服务保持运行。
[2026年 03月 18日 星期三 12:45:01 CST] 启动环境检查...
frpc 正在运行，跳过重启。
非维护时间，核心服务保持运行。
[2026年 03月 18日 星期三 12:50:01 CST] 启动环境检查...
frpc 正在运行，跳过重启。
非维护时间，核心服务保持运行。
[2026年 03月 18日 星期三 12:55:01 CST] 启动环境检查...
frpc 正在运行，跳过重启。
非维护时间，核心服务保持运行。
[2026年 03月 18日 星期三 13:00:01 CST] 启动环境检查...
frpc 正在运行，跳过重启。
非维护时间，核心服务保持运行。
[2026年 03月 18日 星期三 13:05:01 CST] 启动环境检查...
frpc 正在运行，跳过重启。
非维护时间，核心服务保持运行。
[2026年 03月 18日 星期三 13:10:02 CST] 启动环境检查...
frpc 正在运行，跳过重启。
非维护时间，核心服务保持运行。
[2026年 03月 18日 星期三 13:15:01 CST] 启动环境检查...
frpc 正在运行，跳过重启。
非维护时间，核心服务保持运行。
[2026年 03月 18日 星期三 13:20:01 CST] 启动环境检查...
frpc 正在运行，跳过重启。
非维护时间，核心服务保持运行。
[2026年 03月 18日 星期三 13:25:01 CST] 启动环境检查...
frpc 正在运行，跳过重启。
非维护时间，核心服务保持运行。
[2026年 03月 18日 星期三 13:30:01 CST] 启动环境检查...
frpc 正在运行，跳过重启。
非维护时间，核心服务保持运行。
[2026年 03月 18日 星期三 13:35:01 CST] 启动环境检查...
frpc 正在运行，跳过重启。
非维护时间，核心服务保持运行。
[2026年 03月 18日 星期三 13:40:01 CST] 启动环境检查...
frpc 正在运行，跳过重启。
非维护时间，核心服务保持运行。
[2026年 03月 18日 星期三 13:45:01 CST] 启动环境检查...
frpc 正在运行，跳过重启。
非维护时间，核心服务保持运行。
[2026年 03月 18日 星期三 13:50:01 CST] 启动环境检查...
frpc 正在运行，跳过重启。
非维护时间，核心服务保持运行。
[2026年 03月 18日 星期三 13:55:01 CST] 启动环境检查...
frpc 正在运行，跳过重启。
非维护时间，核心服务保持运行。
[2026年 03月 18日 星期三 14:00:01 CST] 启动环境检查...
frpc 正在运行，跳过重启。
非维护时间，核心服务保持运行。
[2026年 03月 18日 星期三 14:05:01 CST] 启动环境检查...
frpc 正在运行，跳过重启。
非维护时间，核心服务保持运行。
[2026年 03月 18日 星期三 14:10:01 CST] 启动环境检查...
frpc 正在运行，跳过重启。
非维护时间，核心服务保持运行。
[2026年 03月 18日 星期三 14:15:01 CST] 启动环境检查...
frpc 正在运行，跳过重启。
非维护时间，核心服务保持运行。
[2026年 03月 18日 星期三 14:20:01 CST] 启动环境检查...
frpc 正在运行，跳过重启。
非维护时间，核心服务保持运行。
[2026年 03月 18日 星期三 14:25:01 CST] 启动环境检查...
frpc 正在运行，跳过重启。
非维护时间，核心服务保持运行。
[2026年 03月 18日 星期三 14:30:01 CST] 启动环境检查...
frpc 正在运行，跳过重启。
非维护时间，核心服务保持运行。
[2026年 03月 18日 星期三 14:35:01 CST] 启动环境检查...
frpc 正在运行，跳过重启。
非维护时间，核心服务保持运行。
[2026年 03月 18日 星期三 14:40:01 CST] 启动环境检查...
frpc 正在运行，跳过重启。
非维护时间，核心服务保持运行。
[2026年 03月 18日 星期三 14:45:01 CST] 启动环境检查...
frpc 正在运行，跳过重启。
非维护时间，核心服务保持运行。
[2026年 03月 18日 星期三 14:50:01 CST] 启动环境检查...
frpc 正在运行，跳过重启。
非维护时间，核心服务保持运行。
[2026年 03月 18日 星期三 14:55:01 CST] 启动环境检查...
frpc 正在运行，跳过重启。
非维护时间，核心服务保持运行。
[2026年 03月 18日 星期三 15:00:02 CST] 启动环境检查...
frpc 正在运行，跳过重启。
非维护时间，核心服务保持运行。
[2026年 03月 18日 星期三 15:05:01 CST] 启动环境检查...
frpc 正在运行，跳过重启。
非维护时间，核心服务保持运行。
[2026年 03月 18日 星期三 15:10:01 CST] 启动环境检查...
frpc 正在运行，跳过重启。
非维护时间，核心服务保持运行。
[2026年 03月 18日 星期三 15:15:01 CST] 启动环境检查...
frpc 正在运行，跳过重启。
非维护时间，核心服务保持运行。
[2026年 03月 18日 星期三 15:20:01 CST] 启动环境检查...
frpc 正在运行，跳过重启。
非维护时间，核心服务保持运行。
[2026年 03月 18日 星期三 15:25:01 CST] 启动环境检查...
frpc 正在运行，跳过重启。
非维护时间，核心服务保持运行。
[2026年 03月 18日 星期三 15:30:01 CST] 启动环境检查...
frpc 正在运行，跳过重启。
非维护时间，核心服务保持运行。
[2026年 03月 18日 星期三 15:35:01 CST] 启动环境检查...
frpc 正在运行，跳过重启。
非维护时间，核心服务保持运行。
[2026年 03月 18日 星期三 15:40:01 CST] 启动环境检查...
frpc 正在运行，跳过重启。
非维护时间，核心服务保持运行。
[2026年 03月 18日 星期三 15:45:01 CST] 启动环境检查...
frpc 正在运行，跳过重启。
非维护时间，核心服务保持运行。
[2026年 03月 18日 星期三 15:50:01 CST] 启动环境检查...
frpc 正在运行，跳过重启。
非维护时间，核心服务保持运行。
[2026年 03月 18日 星期三 15:55:01 CST] 启动环境检查...
frpc 正在运行，跳过重启。
非维护时间，核心服务保持运行。
[2026年 03月 18日 星期三 16:00:01 CST] 启动环境检查...
frpc 正在运行，跳过重启。
非维护时间，核心服务保持运行。
[2026年 03月 18日 星期三 16:05:01 CST] 启动环境检查...
frpc 正在运行，跳过重启。
非维护时间，核心服务保持运行。
[2026年 03月 18日 星期三 16:10:01 CST] 启动环境检查...
frpc 正在运行，跳过重启。
非维护时间，核心服务保持运行。
[2026年 03月 18日 星期三 16:15:01 CST] 启动环境检查...
frpc 正在运行，跳过重启。
非维护时间，核心服务保持运行。
[2026年 03月 18日 星期三 16:20:01 CST] 启动环境检查...
frpc 正在运行，跳过重启。
非维护时间，核心服务保持运行。
[2026年 03月 18日 星期三 16:25:01 CST] 启动环境检查...
frpc 正在运行，跳过重启。
非维护时间，核心服务保持运行。
[2026年 03月 18日 星期三 16:30:01 CST] 启动环境检查...
frpc 正在运行，跳过重启。
非维护时间，核心服务保持运行。
[2026年 03月 18日 星期三 16:35:01 CST] 启动环境检查...
frpc 正在运行，跳过重启。
非维护时间，核心服务保持运行。
[2026年 03月 18日 星期三 16:40:01 CST] 启动环境检查...
frpc 正在运行，跳过重启。
非维护时间，核心服务保持运行。
[2026年 03月 18日 星期三 16:45:01 CST] 启动环境检查...
frpc 正在运行，跳过重启。
非维护时间，核心服务保持运行。
[2026年 03月 18日 星期三 16:50:01 CST] 启动环境检查...
frpc 正在运行，跳过重启。
非维护时间，核心服务保持运行。
[2026年 03月 18日 星期三 16:55:01 CST] 启动环境检查...
frpc 正在运行，跳过重启。
非维护时间，核心服务保持运行。
[2026年 03月 18日 星期三 17:00:01 CST] 启动环境检查...
frpc 正在运行，跳过重启。
非维护时间，核心服务保持运行。
[2026年 03月 18日 星期三 17:05:01 CST] 启动环境检查...
frpc 正在运行，跳过重启。
非维护时间，核心服务保持运行。
[2026年 03月 18日 星期三 17:10:01 CST] 启动环境检查...
frpc 正在运行，跳过重启。
非维护时间，核心服务保持运行。
[2026年 03月 18日 星期三 17:15:01 CST] 启动环境检查...
frpc 正在运行，跳过重启。
非维护时间，核心服务保持运行。
[2026年 03月 18日 星期三 17:20:01 CST] 启动环境检查...
frpc 正在运行，跳过重启。
非维护时间，核心服务保持运行。
[2026年 03月 18日 星期三 17:25:01 CST] 启动环境检查...
frpc 正在运行，跳过重启。
非维护时间，核心服务保持运行。
[2026年 03月 18日 星期三 17:30:01 CST] 启动环境检查...
frpc 正在运行，跳过重启。
非维护时间，核心服务保持运行。
[2026年 03月 18日 星期三 17:35:01 CST] 启动环境检查...
frpc 正在运行，跳过重启。
非维护时间，核心服务保持运行。
[2026年 03月 18日 星期三 17:40:01 CST] 启动环境检查...
frpc 正在运行，跳过重启。
非维护时间，核心服务保持运行。
[2026年 03月 18日 星期三 17:45:01 CST] 启动环境检查...
frpc 正在运行，跳过重启。
非维护时间，核心服务保持运行。
[2026年 03月 18日 星期三 17:50:01 CST] 启动环境检查...
frpc 正在运行，跳过重启。
非维护时间，核心服务保持运行。
[2026年 03月 18日 星期三 17:55:01 CST] 启动环境检查...
frpc 正在运行，跳过重启。
非维护时间，核心服务保持运行。
[2026年 03月 18日 星期三 18:00:01 CST] 启动环境检查...
frpc 正在运行，跳过重启。
非维护时间，核心服务保持运行。
[2026年 03月 18日 星期三 18:05:01 CST] 启动环境检查...
frpc 正在运行，跳过重启。
非维护时间，核心服务保持运行。
[2026年 03月 18日 星期三 18:10:01 CST] 启动环境检查...
frpc 正在运行，跳过重启。
非维护时间，核心服务保持运行。
[2026年 03月 18日 星期三 18:15:01 CST] 启动环境检查...
frpc 正在运行，跳过重启。
非维护时间，核心服务保持运行。
[2026年 03月 18日 星期三 18:20:01 CST] 启动环境检查...
frpc 正在运行，跳过重启。
非维护时间，核心服务保持运行。
[2026年 03月 18日 星期三 18:25:01 CST] 启动环境检查...
frpc 正在运行，跳过重启。
非维护时间，核心服务保持运行。
[2026年 03月 18日 星期三 18:30:01 CST] 启动环境检查...
frpc 正在运行，跳过重启。
非维护时间，核心服务保持运行。
[2026年 03月 18日 星期三 18:35:01 CST] 启动环境检查...
frpc 正在运行，跳过重启。
非维护时间，核心服务保持运行。
[2026年 03月 18日 星期三 18:40:01 CST] 启动环境检查...
frpc 正在运行，跳过重启。
非维护时间，核心服务保持运行。
[2026年 03月 18日 星期三 18:45:01 CST] 启动环境检查...
frpc 正在运行，跳过重启。
非维护时间，核心服务保持运行。
[2026年 03月 18日 星期三 18:50:01 CST] 启动环境检查...
frpc 正在运行，跳过重启。
非维护时间，核心服务保持运行。
[2026年 03月 18日 星期三 18:55:01 CST] 启动环境检查...
frpc 正在运行，跳过重启。
非维护时间，核心服务保持运行。
[2026年 03月 18日 星期三 19:00:01 CST] 启动环境检查...
frpc 正在运行，跳过重启。
非维护时间，核心服务保持运行。
[2026年 03月 18日 星期三 19:05:01 CST] 启动环境检查...
frpc 正在运行，跳过重启。
非维护时间，核心服务保持运行。
[2026年 03月 18日 星期三 19:10:01 CST] 启动环境检查...
frpc 正在运行，跳过重启。
非维护时间，核心服务保持运行。
[2026年 03月 18日 星期三 19:15:01 CST] 启动环境检查...
frpc 正在运行，跳过重启。
非维护时间，核心服务保持运行。
[2026年 03月 18日 星期三 19:20:01 CST] 启动环境检查...
frpc 正在运行，跳过重启。
非维护时间，核心服务保持运行。
[2026年 03月 18日 星期三 19:25:01 CST] 启动环境检查...
frpc 正在运行，跳过重启。
非维护时间，核心服务保持运行。
[2026年 03月 18日 星期三 19:30:01 CST] 启动环境检查...
frpc 正在运行，跳过重启。
非维护时间，核心服务保持运行。
[2026年 03月 18日 星期三 19:35:01 CST] 启动环境检查...
frpc 正在运行，跳过重启。
非维护时间，核心服务保持运行。
[2026年 03月 18日 星期三 19:40:01 CST] 启动环境检查...
frpc 正在运行，跳过重启。
非维护时间，核心服务保持运行。
[2026年 03月 18日 星期三 19:45:01 CST] 启动环境检查...
frpc 正在运行，跳过重启。
非维护时间，核心服务保持运行。
[2026年 03月 18日 星期三 19:50:01 CST] 启动环境检查...
frpc 正在运行，跳过重启。
非维护时间，核心服务保持运行。
[2026年 03月 18日 星期三 19:55:01 CST] 启动环境检查...
frpc 正在运行，跳过重启。
非维护时间，核心服务保持运行。
[2026年 03月 18日 星期三 20:00:01 CST] 启动环境检查...
frpc 正在运行，跳过重启。
非维护时间，核心服务保持运行。
[2026年 03月 18日 星期三 20:05:01 CST] 启动环境检查...
frpc 正在运行，跳过重启。
非维护时间，核心服务保持运行。
[2026年 03月 18日 星期三 20:10:01 CST] 启动环境检查...
frpc 正在运行，跳过重启。
非维护时间，核心服务保持运行。
[2026年 03月 18日 星期三 20:15:01 CST] 启动环境检查...
frpc 正在运行，跳过重启。
非维护时间，核心服务保持运行。
[2026年 03月 18日 星期三 20:20:01 CST] 启动环境检查...
frpc 正在运行，跳过重启。
非维护时间，核心服务保持运行。
[2026年 03月 18日 星期三 20:25:01 CST] 启动环境检查...
frpc 正在运行，跳过重启。
非维护时间，核心服务保持运行。
[2026年 03月 18日 星期三 20:30:01 CST] 启动环境检查...
frpc 正在运行，跳过重启。
非维护时间，核心服务保持运行。
[2026年 03月 18日 星期三 20:35:01 CST] 启动环境检查...
frpc 正在运行，跳过重启。
非维护时间，核心服务保持运行。
[2026年 03月 18日 星期三 20:40:01 CST] 启动环境检查...
frpc 正在运行，跳过重启。
非维护时间，核心服务保持运行。
[2026年 03月 18日 星期三 20:45:01 CST] 启动环境检查...
frpc 正在运行，跳过重启。
非维护时间，核心服务保持运行。
[2026年 03月 18日 星期三 20:50:01 CST] 启动环境检查...
frpc 正在运行，跳过重启。
非维护时间，核心服务保持运行。
[2026年 03月 18日 星期三 20:55:01 CST] 启动环境检查...
frpc 正在运行，跳过重启。
非维护时间，核心服务保持运行。
[2026年 03月 18日 星期三 21:00:01 CST] 启动环境检查...
frpc 正在运行，跳过重启。
非维护时间，核心服务保持运行。
[2026年 03月 18日 星期三 21:05:01 CST] 启动环境检查...
frpc 正在运行，跳过重启。
非维护时间，核心服务保持运行。
[2026年 03月 18日 星期三 21:10:01 CST] 启动环境检查...
frpc 正在运行，跳过重启。
非维护时间，核心服务保持运行。
[2026年 03月 18日 星期三 21:15:01 CST] 启动环境检查...
frpc 正在运行，跳过重启。
非维护时间，核心服务保持运行。
[2026年 03月 18日 星期三 21:20:01 CST] 启动环境检查...
frpc 正在运行，跳过重启。
非维护时间，核心服务保持运行。
[2026年 03月 18日 星期三 21:25:01 CST] 启动环境检查...
frpc 正在运行，跳过重启。
非维护时间，核心服务保持运行。
[2026年 03月 18日 星期三 21:30:01 CST] 启动环境检查...
frpc 正在运行，跳过重启。
非维护时间，核心服务保持运行。
[2026年 03月 18日 星期三 21:35:01 CST] 启动环境检查...
frpc 正在运行，跳过重启。
非维护时间，核心服务保持运行。
[2026年 03月 18日 星期三 21:40:01 CST] 启动环境检查...
frpc 正在运行，跳过重启。
非维护时间，核心服务保持运行。
[2026年 03月 18日 星期三 21:45:01 CST] 启动环境检查...
frpc 正在运行，跳过重启。
非维护时间，核心服务保持运行。
[2026年 03月 18日 星期三 21:50:01 CST] 启动环境检查...
frpc 正在运行，跳过重启。
非维护时间，核心服务保持运行。
[2026年 03月 18日 星期三 21:55:01 CST] 启动环境检查...
frpc 正在运行，跳过重启。
非维护时间，核心服务保持运行。
[2026年 03月 18日 星期三 22:00:01 CST] 启动环境检查...
frpc 正在运行，跳过重启。
非维护时间，核心服务保持运行。
[2026年 03月 18日 星期三 22:05:01 CST] 启动环境检查...
frpc 正在运行，跳过重启。
非维护时间，核心服务保持运行。
[2026年 03月 18日 星期三 22:10:01 CST] 启动环境检查...
frpc 正在运行，跳过重启。
非维护时间，核心服务保持运行。
[2026年 03月 18日 星期三 22:15:01 CST] 启动环境检查...
frpc 正在运行，跳过重启。
非维护时间，核心服务保持运行。
[2026年 03月 18日 星期三 22:20:01 CST] 启动环境检查...
frpc 正在运行，跳过重启。
非维护时间，核心服务保持运行。
[2026年 03月 18日 星期三 22:25:02 CST] 启动环境检查...
frpc 正在运行，跳过重启。
非维护时间，核心服务保持运行。
[2026年 03月 18日 星期三 22:30:01 CST] 启动环境检查...
frpc 正在运行，跳过重启。
非维护时间，核心服务保持运行。
[2026年 03月 18日 星期三 22:35:01 CST] 启动环境检查...
frpc 正在运行，跳过重启。
非维护时间，核心服务保持运行。
[2026年 03月 18日 星期三 22:40:01 CST] 启动环境检查...
frpc 正在运行，跳过重启。
非维护时间，核心服务保持运行。
[2026年 03月 18日 星期三 22:45:01 CST] 启动环境检查...
frpc 正在运行，跳过重启。
非维护时间，核心服务保持运行。
[2026年 03月 18日 星期三 22:50:01 CST] 启动环境检查...
frpc 正在运行，跳过重启。
非维护时间，核心服务保持运行。
[2026年 03月 18日 星期三 22:55:01 CST] 启动环境检查...
frpc 正在运行，跳过重启。
非维护时间，核心服务保持运行。
[2026年 03月 18日 星期三 23:00:01 CST] 启动环境检查...
frpc 正在运行，跳过重启。
非维护时间，核心服务保持运行。
[2026年 03月 18日 星期三 23:05:01 CST] 启动环境检查...
frpc 正在运行，跳过重启。
非维护时间，核心服务保持运行。
[2026年 03月 18日 星期三 23:10:01 CST] 启动环境检查...
frpc 正在运行，跳过重启。
非维护时间，核心服务保持运行。
[2026年 03月 18日 星期三 23:15:01 CST] 启动环境检查...
frpc 正在运行，跳过重启。
非维护时间，核心服务保持运行。
[2026年 03月 18日 星期三 23:20:02 CST] 启动环境检查...
frpc 正在运行，跳过重启。
非维护时间，核心服务保持运行。
[2026年 03月 18日 星期三 23:25:01 CST] 启动环境检查...
frpc 正在运行，跳过重启。
非维护时间，核心服务保持运行。
[2026年 03月 18日 星期三 23:30:01 CST] 启动环境检查...
frpc 正在运行，跳过重启。
非维护时间，核心服务保持运行。
[2026年 03月 18日 星期三 23:35:01 CST] 启动环境检查...
frpc 正在运行，跳过重启。
非维护时间，核心服务保持运行。
[2026年 03月 18日 星期三 23:40:01 CST] 启动环境检查...
frpc 正在运行，跳过重启。
非维护时间，核心服务保持运行。
[2026年 03月 18日 星期三 23:45:01 CST] 启动环境检查...
frpc 正在运行，跳过重启。
非维护时间，核心服务保持运行。
[2026年 03月 18日 星期三 23:50:01 CST] 启动环境检查...
frpc 正在运行，跳过重启。
非维护时间，核心服务保持运行。
[2026年 03月 18日 星期三 23:55:01 CST] 启动环境检查...
frpc 正在运行，跳过重启。
非维护时间，核心服务保持运行。
[2026年 03月 19日 星期四 00:00:01 CST] 启动环境检查...
frpc 正在运行，跳过重启。
非维护时间，核心服务保持运行。
[2026年 03月 19日 星期四 00:05:01 CST] 启动环境检查...
frpc 正在运行，跳过重启。
非维护时间，核心服务保持运行。
[2026年 03月 19日 星期四 00:10:01 CST] 启动环境检查...
frpc 正在运行，跳过重启。
非维护时间，核心服务保持运行。
[2026年 03月 19日 星期四 00:15:01 CST] 启动环境检查...
frpc 正在运行，跳过重启。
非维护时间，核心服务保持运行。
[2026年 03月 19日 星期四 00:20:01 CST] 启动环境检查...
frpc 正在运行，跳过重启。
非维护时间，核心服务保持运行。
[2026年 03月 19日 星期四 00:25:01 CST] 启动环境检查...
frpc 正在运行，跳过重启。
非维护时间，核心服务保持运行。
[2026年 03月 19日 星期四 00:30:01 CST] 启动环境检查...
frpc 正在运行，跳过重启。
非维护时间，核心服务保持运行。
[2026年 03月 19日 星期四 00:35:01 CST] 启动环境检查...
frpc 正在运行，跳过重启。
非维护时间，核心服务保持运行。
[2026年 03月 19日 星期四 00:40:01 CST] 启动环境检查...
frpc 正在运行，跳过重启。
非维护时间，核心服务保持运行。
[2026年 03月 19日 星期四 00:45:01 CST] 启动环境检查...
frpc 正在运行，跳过重启。
非维护时间，核心服务保持运行。
[2026年 03月 19日 星期四 00:50:01 CST] 启动环境检查...
frpc 正在运行，跳过重启。
非维护时间，核心服务保持运行。
[2026年 03月 19日 星期四 00:55:01 CST] 启动环境检查...
frpc 正在运行，跳过重启。
非维护时间，核心服务保持运行。
[2026年 03月 19日 星期四 01:00:01 CST] 启动环境检查...
frpc 正在运行，跳过重启。
非维护时间，核心服务保持运行。
[2026年 03月 19日 星期四 01:05:01 CST] 启动环境检查...
frpc 正在运行，跳过重启。
非维护时间，核心服务保持运行。
[2026年 03月 19日 星期四 01:10:01 CST] 启动环境检查...
frpc 正在运行，跳过重启。
非维护时间，核心服务保持运行。
[2026年 03月 19日 星期四 01:15:01 CST] 启动环境检查...
frpc 正在运行，跳过重启。
非维护时间，核心服务保持运行。
[2026年 03月 19日 星期四 01:20:01 CST] 启动环境检查...
frpc 正在运行，跳过重启。
非维护时间，核心服务保持运行。
[2026年 03月 19日 星期四 01:25:01 CST] 启动环境检查...
frpc 正在运行，跳过重启。
非维护时间，核心服务保持运行。
[2026年 03月 19日 星期四 01:30:01 CST] 启动环境检查...
frpc 正在运行，跳过重启。
非维护时间，核心服务保持运行。
[2026年 03月 19日 星期四 01:35:01 CST] 启动环境检查...
frpc 正在运行，跳过重启。
非维护时间，核心服务保持运行。
[2026年 03月 19日 星期四 01:40:01 CST] 启动环境检查...
frpc 正在运行，跳过重启。
非维护时间，核心服务保持运行。
[2026年 03月 19日 星期四 01:45:01 CST] 启动环境检查...
frpc 正在运行，跳过重启。
非维护时间，核心服务保持运行。
[2026年 03月 19日 星期四 01:50:01 CST] 启动环境检查...
frpc 正在运行，跳过重启。
非维护时间，核心服务保持运行。
[2026年 03月 19日 星期四 01:55:01 CST] 启动环境检查...
frpc 正在运行，跳过重启。
非维护时间，核心服务保持运行。
[2026年 03月 19日 星期四 02:00:01 CST] 启动环境检查...
frpc 正在运行，跳过重启。
非维护时间，核心服务保持运行。
[2026年 03月 19日 星期四 02:05:01 CST] 启动环境检查...
frpc 正在运行，跳过重启。
非维护时间，核心服务保持运行。
[2026年 03月 19日 星期四 02:10:01 CST] 启动环境检查...
frpc 正在运行，跳过重启。
非维护时间，核心服务保持运行。
[2026年 03月 19日 星期四 02:15:01 CST] 启动环境检查...
frpc 正在运行，跳过重启。
非维护时间，核心服务保持运行。
[2026年 03月 19日 星期四 02:20:01 CST] 启动环境检查...
frpc 正在运行，跳过重启。
非维护时间，核心服务保持运行。
[2026年 03月 19日 星期四 02:25:01 CST] 启动环境检查...
frpc 正在运行，跳过重启。
非维护时间，核心服务保持运行。
[2026年 03月 19日 星期四 02:30:01 CST] 启动环境检查...
frpc 正在运行，跳过重启。
非维护时间，核心服务保持运行。
[2026年 03月 19日 星期四 02:35:01 CST] 启动环境检查...
frpc 正在运行，跳过重启。
非维护时间，核心服务保持运行。
[2026年 03月 19日 星期四 02:40:01 CST] 启动环境检查...
frpc 正在运行，跳过重启。
非维护时间，核心服务保持运行。
[2026年 03月 19日 星期四 02:45:01 CST] 启动环境检查...
frpc 正在运行，跳过重启。
非维护时间，核心服务保持运行。
[2026年 03月 19日 星期四 02:50:01 CST] 启动环境检查...
frpc 正在运行，跳过重启。
非维护时间，核心服务保持运行。
[2026年 03月 19日 星期四 02:55:01 CST] 启动环境检查...
frpc 正在运行，跳过重启。
非维护时间，核心服务保持运行。
[2026年 03月 19日 星期四 03:00:01 CST] 启动环境检查...
frpc 正在运行，跳过重启。
触发凌晨 3:00 定时维护，准备重启核心服务...
清理端口 8000 的进程 81692
清理端口 7100 的进程 81691
核心服务已完成每日例行重启。
[2026年 03月 19日 星期四 03:05:01 CST] 启动环境检查...
frpc 正在运行，跳过重启。
触发凌晨 3:00 定时维护，准备重启核心服务...
清理端口 8000 的进程 89156
清理端口 7100 的进程 89155
核心服务已完成每日例行重启。
[2026年 03月 19日 星期四 03:10:01 CST] 启动环境检查...
frpc 正在运行，跳过重启。
触发凌晨 3:00 定时维护，准备重启核心服务...
清理端口 8000 的进程 89873
清理端口 7100 的进程 89872
核心服务已完成每日例行重启。
[2026年 03月 19日 星期四 03:15:01 CST] 启动环境检查...
frpc 正在运行，跳过重启。
触发凌晨 3:00 定时维护，准备重启核心服务...
清理端口 8000 的进程 90584
清理端口 7100 的进程 90583
核心服务已完成每日例行重启。
[2026年 03月 19日 星期四 03:20:01 CST] 启动环境检查...
frpc 正在运行，跳过重启。
触发凌晨 3:00 定时维护，准备重启核心服务...
清理端口 8000 的进程 91291
清理端口 7100 的进程 91292
核心服务已完成每日例行重启。
[2026年 03月 19日 星期四 03:25:01 CST] 启动环境检查...
frpc 正在运行，跳过重启。
触发凌晨 3:00 定时维护，准备重启核心服务...
清理端口 8000 的进程 92002
清理端口 7100 的进程 92001
核心服务已完成每日例行重启。
[2026年 03月 19日 星期四 03:30:01 CST] 启动环境检查...
frpc 正在运行，跳过重启。
触发凌晨 3:00 定时维护，准备重启核心服务...
清理端口 8000 的进程 92709
清理端口 7100 的进程 92708
核心服务已完成每日例行重启。
[2026年 03月 19日 星期四 03:35:01 CST] 启动环境检查...
frpc 正在运行，跳过重启。
触发凌晨 3:00 定时维护，准备重启核心服务...
清理端口 8000 的进程 93427
清理端口 7100 的进程 93426
核心服务已完成每日例行重启。
[2026年 03月 19日 星期四 03:40:01 CST] 启动环境检查...
frpc 正在运行，跳过重启。
触发凌晨 3:00 定时维护，准备重启核心服务...
清理端口 8000 的进程 94134
清理端口 7100 的进程 94135
核心服务已完成每日例行重启。
[2026年 03月 19日 星期四 03:45:01 CST] 启动环境检查...
frpc 正在运行，跳过重启。
触发凌晨 3:00 定时维护，准备重启核心服务...
清理端口 8000 的进程 94843
清理端口 7100 的进程 94844
核心服务已完成每日例行重启。
[2026年 03月 19日 星期四 03:50:01 CST] 启动环境检查...
frpc 正在运行，跳过重启。
触发凌晨 3:00 定时维护，准备重启核心服务...
清理端口 8000 的进程 95583
清理端口 7100 的进程 95552
核心服务已完成每日例行重启。
[2026年 03月 19日 星期四 03:55:01 CST] 启动环境检查...
frpc 正在运行，跳过重启。
触发凌晨 3:00 定时维护，准备重启核心服务...
清理端口 8000 的进程 96263
清理端口 7100 的进程 96264
核心服务已完成每日例行重启。
[2026年 03月 19日 星期四 04:00:02 CST] 启动环境检查...
frpc 正在运行，跳过重启。
非维护时间，核心服务保持运行。
[2026年 03月 19日 星期四 04:05:01 CST] 启动环境检查...
frpc 正在运行，跳过重启。
非维护时间，核心服务保持运行。
[2026年 03月 19日 星期四 04:10:01 CST] 启动环境检查...
frpc 正在运行，跳过重启。
非维护时间，核心服务保持运行。
[2026年 03月 19日 星期四 04:15:01 CST] 启动环境检查...
frpc 正在运行，跳过重启。
非维护时间，核心服务保持运行。
[2026年 03月 19日 星期四 04:20:01 CST] 启动环境检查...
frpc 正在运行，跳过重启。
非维护时间，核心服务保持运行。
[2026年 03月 19日 星期四 04:25:01 CST] 启动环境检查...
frpc 正在运行，跳过重启。
非维护时间，核心服务保持运行。
[2026年 03月 19日 星期四 04:30:01 CST] 启动环境检查...
frpc 正在运行，跳过重启。
非维护时间，核心服务保持运行。
[2026年 03月 19日 星期四 04:35:01 CST] 启动环境检查...
frpc 正在运行，跳过重启。
非维护时间，核心服务保持运行。
[2026年 03月 19日 星期四 04:40:01 CST] 启动环境检查...
frpc 正在运行，跳过重启。
非维护时间，核心服务保持运行。
[2026年 03月 19日 星期四 04:45:01 CST] 启动环境检查...
frpc 正在运行，跳过重启。
非维护时间，核心服务保持运行。
[2026年 03月 19日 星期四 04:50:01 CST] 启动环境检查...
frpc 正在运行，跳过重启。
非维护时间，核心服务保持运行。
[2026年 03月 19日 星期四 04:55:01 CST] 启动环境检查...
frpc 正在运行，跳过重启。
非维护时间，核心服务保持运行。
[2026年 03月 19日 星期四 05:00:01 CST] 启动环境检查...
frpc 正在运行，跳过重启。
非维护时间，核心服务保持运行。
[2026年 03月 19日 星期四 05:05:01 CST] 启动环境检查...
frpc 正在运行，跳过重启。
非维护时间，核心服务保持运行。
[2026年 03月 19日 星期四 05:10:01 CST] 启动环境检查...
frpc 正在运行，跳过重启。
非维护时间，核心服务保持运行。
[2026年 03月 19日 星期四 05:15:01 CST] 启动环境检查...
frpc 正在运行，跳过重启。
非维护时间，核心服务保持运行。
[2026年 03月 19日 星期四 05:20:01 CST] 启动环境检查...
frpc 正在运行，跳过重启。
非维护时间，核心服务保持运行。
[2026年 03月 19日 星期四 05:25:01 CST] 启动环境检查...
frpc 正在运行，跳过重启。
非维护时间，核心服务保持运行。
[2026年 03月 19日 星期四 05:30:01 CST] 启动环境检查...
frpc 正在运行，跳过重启。
非维护时间，核心服务保持运行。
[2026年 03月 19日 星期四 05:35:01 CST] 启动环境检查...
frpc 正在运行，跳过重启。
非维护时间，核心服务保持运行。
[2026年 03月 19日 星期四 05:40:01 CST] 启动环境检查...
frpc 正在运行，跳过重启。
非维护时间，核心服务保持运行。
[2026年 03月 19日 星期四 05:45:01 CST] 启动环境检查...
frpc 正在运行，跳过重启。
非维护时间，核心服务保持运行。
[2026年 03月 19日 星期四 05:50:01 CST] 启动环境检查...
frpc 正在运行，跳过重启。
非维护时间，核心服务保持运行。
[2026年 03月 19日 星期四 05:55:01 CST] 启动环境检查...
frpc 正在运行，跳过重启。
非维护时间，核心服务保持运行。
[2026年 03月 19日 星期四 06:00:01 CST] 启动环境检查...
frpc 正在运行，跳过重启。
非维护时间，核心服务保持运行。
[2026年 03月 19日 星期四 06:05:01 CST] 启动环境检查...
frpc 正在运行，跳过重启。
非维护时间，核心服务保持运行。
[2026年 03月 19日 星期四 06:10:01 CST] 启动环境检查...
frpc 正在运行，跳过重启。
非维护时间，核心服务保持运行。
[2026年 03月 19日 星期四 06:15:01 CST] 启动环境检查...
frpc 正在运行，跳过重启。
非维护时间，核心服务保持运行。
[2026年 03月 19日 星期四 06:20:01 CST] 启动环境检查...
frpc 正在运行，跳过重启。
非维护时间，核心服务保持运行。
[2026年 03月 19日 星期四 06:25:01 CST] 启动环境检查...
frpc 正在运行，跳过重启。
非维护时间，核心服务保持运行。
[2026年 03月 19日 星期四 06:30:01 CST] 启动环境检查...
frpc 正在运行，跳过重启。
非维护时间，核心服务保持运行。
[2026年 03月 19日 星期四 06:35:01 CST] 启动环境检查...
frpc 正在运行，跳过重启。
非维护时间，核心服务保持运行。
[2026年 03月 19日 星期四 06:40:02 CST] 启动环境检查...
frpc 正在运行，跳过重启。
非维护时间，核心服务保持运行。
[2026年 03月 19日 星期四 06:45:01 CST] 启动环境检查...
frpc 正在运行，跳过重启。
非维护时间，核心服务保持运行。
[2026年 03月 19日 星期四 06:50:01 CST] 启动环境检查...
frpc 正在运行，跳过重启。
非维护时间，核心服务保持运行。
[2026年 03月 19日 星期四 06:55:01 CST] 启动环境检查...
frpc 正在运行，跳过重启。
非维护时间，核心服务保持运行。
[2026年 03月 19日 星期四 07:00:01 CST] 启动环境检查...
frpc 正在运行，跳过重启。
非维护时间，核心服务保持运行。
[2026年 03月 19日 星期四 07:05:01 CST] 启动环境检查...
frpc 正在运行，跳过重启。
非维护时间，核心服务保持运行。
[2026年 03月 19日 星期四 07:10:01 CST] 启动环境检查...
frpc 正在运行，跳过重启。
非维护时间，核心服务保持运行。
[2026年 03月 19日 星期四 07:15:01 CST] 启动环境检查...
frpc 正在运行，跳过重启。
非维护时间，核心服务保持运行。
[2026年 03月 19日 星期四 07:20:01 CST] 启动环境检查...
frpc 正在运行，跳过重启。
非维护时间，核心服务保持运行。
[2026年 03月 19日 星期四 07:25:01 CST] 启动环境检查...
frpc 正在运行，跳过重启。
非维护时间，核心服务保持运行。
[2026年 03月 19日 星期四 07:30:01 CST] 启动环境检查...
frpc 正在运行，跳过重启。
非维护时间，核心服务保持运行。
[2026年 03月 19日 星期四 07:35:01 CST] 启动环境检查...
frpc 正在运行，跳过重启。
非维护时间，核心服务保持运行。
[2026年 03月 19日 星期四 07:40:01 CST] 启动环境检查...
frpc 正在运行，跳过重启。
非维护时间，核心服务保持运行。
[2026年 03月 19日 星期四 07:45:01 CST] 启动环境检查...
frpc 正在运行，跳过重启。
非维护时间，核心服务保持运行。
[2026年 03月 19日 星期四 07:50:01 CST] 启动环境检查...
frpc 正在运行，跳过重启。
非维护时间，核心服务保持运行。
[2026年 03月 19日 星期四 07:55:01 CST] 启动环境检查...
frpc 正在运行，跳过重启。
非维护时间，核心服务保持运行。
[2026年 03月 19日 星期四 08:00:01 CST] 启动环境检查...
frpc 正在运行，跳过重启。
非维护时间，核心服务保持运行。
[2026年 03月 19日 星期四 08:05:01 CST] 启动环境检查...
frpc 正在运行，跳过重启。
非维护时间，核心服务保持运行。
[2026年 03月 19日 星期四 08:10:01 CST] 启动环境检查...
frpc 正在运行，跳过重启。
非维护时间，核心服务保持运行。
[2026年 03月 19日 星期四 08:15:01 CST] 启动环境检查...
frpc 正在运行，跳过重启。
非维护时间，核心服务保持运行。
[2026年 03月 19日 星期四 08:20:01 CST] 启动环境检查...
frpc 正在运行，跳过重启。
非维护时间，核心服务保持运行。
[2026年 03月 19日 星期四 08:25:01 CST] 启动环境检查...
frpc 正在运行，跳过重启。
非维护时间，核心服务保持运行。
[2026年 03月 19日 星期四 08:30:01 CST] 启动环境检查...
frpc 正在运行，跳过重启。
非维护时间，核心服务保持运行。
[2026年 03月 19日 星期四 08:35:01 CST] 启动环境检查...
frpc 正在运行，跳过重启。
非维护时间，核心服务保持运行。
[2026年 03月 19日 星期四 08:40:01 CST] 启动环境检查...
frpc 正在运行，跳过重启。
非维护时间，核心服务保持运行。
[2026年 03月 19日 星期四 08:45:01 CST] 启动环境检查...
frpc 正在运行，跳过重启。
非维护时间，核心服务保持运行。
[2026年 03月 19日 星期四 08:50:01 CST] 启动环境检查...
frpc 正在运行，跳过重启。
非维护时间，核心服务保持运行。
[2026年 03月 19日 星期四 08:55:01 CST] 启动环境检查...
frpc 正在运行，跳过重启。
非维护时间，核心服务保持运行。
[2026年 03月 19日 星期四 09:00:01 CST] 启动环境检查...
frpc 正在运行，跳过重启。
非维护时间，核心服务保持运行。
[2026年 03月 19日 星期四 09:05:01 CST] 启动环境检查...
frpc 正在运行，跳过重启。
非维护时间，核心服务保持运行。
[2026年 03月 19日 星期四 09:10:01 CST] 启动环境检查...
frpc 正在运行，跳过重启。
非维护时间，核心服务保持运行。
[2026年 03月 19日 星期四 09:15:01 CST] 启动环境检查...
frpc 正在运行，跳过重启。
非维护时间，核心服务保持运行。
[2026年 03月 19日 星期四 09:20:01 CST] 启动环境检查...
frpc 正在运行，跳过重启。
非维护时间，核心服务保持运行。
[2026年 03月 19日 星期四 09:25:01 CST] 启动环境检查...
frpc 正在运行，跳过重启。
非维护时间，核心服务保持运行。
[2026年 03月 19日 星期四 09:30:01 CST] 启动环境检查...
frpc 正在运行，跳过重启。
非维护时间，核心服务保持运行。
[2026年 03月 19日 星期四 09:35:01 CST] 启动环境检查...
frpc 正在运行，跳过重启。
非维护时间，核心服务保持运行。
[2026年 03月 19日 星期四 09:40:01 CST] 启动环境检查...
frpc 正在运行，跳过重启。
非维护时间，核心服务保持运行。
[2026年 03月 19日 星期四 09:45:01 CST] 启动环境检查...
frpc 正在运行，跳过重启。
非维护时间，核心服务保持运行。
[2026年 03月 19日 星期四 09:50:01 CST] 启动环境检查...
frpc 正在运行，跳过重启。
非维护时间，核心服务保持运行。
[2026年 03月 19日 星期四 09:55:01 CST] 启动环境检查...
frpc 正在运行，跳过重启。
非维护时间，核心服务保持运行。
[2026年 03月 19日 星期四 10:00:01 CST] 启动环境检查...
frpc 正在运行，跳过重启。
非维护时间，核心服务保持运行。
[2026年 03月 19日 星期四 10:05:01 CST] 启动环境检查...
frpc 正在运行，跳过重启。
非维护时间，核心服务保持运行。
[2026年 03月 19日 星期四 10:10:01 CST] 启动环境检查...
frpc 正在运行，跳过重启。
非维护时间，核心服务保持运行。
[2026年 03月 19日 星期四 10:15:01 CST] 启动环境检查...
frpc 正在运行，跳过重启。
非维护时间，核心服务保持运行。
[2026年 03月 19日 星期四 10:20:01 CST] 启动环境检查...
frpc 正在运行，跳过重启。
非维护时间，核心服务保持运行。
[2026年 03月 19日 星期四 10:25:01 CST] 启动环境检查...
frpc 正在运行，跳过重启。
非维护时间，核心服务保持运行。
[2026年 03月 19日 星期四 10:30:01 CST] 启动环境检查...
frpc 正在运行，跳过重启。
非维护时间，核心服务保持运行。
[2026年 03月 19日 星期四 10:35:01 CST] 启动环境检查...
frpc 正在运行，跳过重启。
非维护时间，核心服务保持运行。
[2026年 03月 19日 星期四 10:40:01 CST] 启动环境检查...
frpc 正在运行，跳过重启。
非维护时间，核心服务保持运行。
[2026年 03月 19日 星期四 10:45:01 CST] 启动环境检查...
frpc 正在运行，跳过重启。
非维护时间，核心服务保持运行。
[2026年 03月 19日 星期四 10:50:01 CST] 启动环境检查...
frpc 正在运行，跳过重启。
非维护时间，核心服务保持运行。
[2026年 03月 19日 星期四 10:55:01 CST] 启动环境检查...
frpc 正在运行，跳过重启。
非维护时间，核心服务保持运行。
[2026年 03月 19日 星期四 11:00:01 CST] 启动环境检查...
frpc 正在运行，跳过重启。
非维护时间，核心服务保持运行。
[2026年 03月 19日 星期四 11:05:01 CST] 启动环境检查...
frpc 正在运行，跳过重启。
非维护时间，核心服务保持运行。
[2026年 03月 19日 星期四 11:10:02 CST] 启动环境检查...
frpc 正在运行，跳过重启。
非维护时间，核心服务保持运行。
[2026年 03月 19日 星期四 11:15:01 CST] 启动环境检查...
frpc 正在运行，跳过重启。
非维护时间，核心服务保持运行。
[2026年 03月 19日 星期四 11:20:01 CST] 启动环境检查...
frpc 正在运行，跳过重启。
非维护时间，核心服务保持运行。
[2026年 03月 19日 星期四 11:25:01 CST] 启动环境检查...
frpc 正在运行，跳过重启。
非维护时间，核心服务保持运行。
[2026年 03月 19日 星期四 11:30:01 CST] 启动环境检查...
frpc 正在运行，跳过重启。
非维护时间，核心服务保持运行。
[2026年 03月 19日 星期四 11:35:01 CST] 启动环境检查...
frpc 正在运行，跳过重启。
非维护时间，核心服务保持运行。
[2026年 03月 19日 星期四 11:40:01 CST] 启动环境检查...
frpc 正在运行，跳过重启。
非维护时间，核心服务保持运行。
[2026年 03月 19日 星期四 11:45:01 CST] 启动环境检查...
frpc 正在运行，跳过重启。
非维护时间，核心服务保持运行。
[2026年 03月 19日 星期四 11:50:01 CST] 启动环境检查...
frpc 正在运行，跳过重启。
非维护时间，核心服务保持运行。
[2026年 03月 19日 星期四 11:55:01 CST] 启动环境检查...
frpc 正在运行，跳过重启。
非维护时间，核心服务保持运行。
[2026年 03月 19日 星期四 12:00:01 CST] 启动环境检查...
frpc 正在运行，跳过重启。
非维护时间，核心服务保持运行。
[2026年 03月 19日 星期四 12:05:01 CST] 启动环境检查...
frpc 正在运行，跳过重启。
非维护时间，核心服务保持运行。
[2026年 03月 19日 星期四 12:10:01 CST] 启动环境检查...
frpc 正在运行，跳过重启。
非维护时间，核心服务保持运行。
[2026年 03月 19日 星期四 12:15:01 CST] 启动环境检查...
frpc 正在运行，跳过重启。
非维护时间，核心服务保持运行。
[2026年 03月 19日 星期四 12:20:01 CST] 启动环境检查...
frpc 正在运行，跳过重启。
非维护时间，核心服务保持运行。
[2026年 03月 19日 星期四 12:25:01 CST] 启动环境检查...
frpc 正在运行，跳过重启。
非维护时间，核心服务保持运行。
[2026年 03月 19日 星期四 12:30:01 CST] 启动环境检查...
frpc 正在运行，跳过重启。
非维护时间，核心服务保持运行。
[2026年 03月 19日 星期四 12:35:01 CST] 启动环境检查...
frpc 正在运行，跳过重启。
非维护时间，核心服务保持运行。
[2026年 03月 19日 星期四 12:40:01 CST] 启动环境检查...
frpc 正在运行，跳过重启。
非维护时间，核心服务保持运行。
[2026年 03月 19日 星期四 12:45:01 CST] 启动环境检查...
frpc 正在运行，跳过重启。
非维护时间，核心服务保持运行。
[2026年 03月 19日 星期四 12:50:01 CST] 启动环境检查...
frpc 正在运行，跳过重启。
非维护时间，核心服务保持运行。
[2026年 03月 19日 星期四 12:55:01 CST] 启动环境检查...
frpc 正在运行，跳过重启。
非维护时间，核心服务保持运行。
[2026年 03月 19日 星期四 13:00:01 CST] 启动环境检查...
frpc 正在运行，跳过重启。
非维护时间，核心服务保持运行。
[2026年 03月 19日 星期四 13:05:01 CST] 启动环境检查...
frpc 正在运行，跳过重启。
非维护时间，核心服务保持运行。
[2026年 03月 19日 星期四 13:10:01 CST] 启动环境检查...
frpc 正在运行，跳过重启。
非维护时间，核心服务保持运行。
[2026年 03月 19日 星期四 13:15:01 CST] 启动环境检查...
frpc 正在运行，跳过重启。
非维护时间，核心服务保持运行。
[2026年 03月 19日 星期四 13:20:01 CST] 启动环境检查...
frpc 正在运行，跳过重启。
非维护时间，核心服务保持运行。
[2026年 03月 19日 星期四 13:25:01 CST] 启动环境检查...
frpc 正在运行，跳过重启。
非维护时间，核心服务保持运行。
[2026年 03月 19日 星期四 13:30:01 CST] 启动环境检查...
frpc 正在运行，跳过重启。
非维护时间，核心服务保持运行。
[2026年 03月 19日 星期四 13:35:01 CST] 启动环境检查...
frpc 正在运行，跳过重启。
非维护时间，核心服务保持运行。
[2026年 03月 19日 星期四 13:40:01 CST] 启动环境检查...
frpc 正在运行，跳过重启。
非维护时间，核心服务保持运行。
[2026年 03月 19日 星期四 13:45:01 CST] 启动环境检查...
frpc 正在运行，跳过重启。
非维护时间，核心服务保持运行。
[2026年 03月 19日 星期四 13:50:02 CST] 启动环境检查...
frpc 正在运行，跳过重启。
非维护时间，核心服务保持运行。
[2026年 03月 19日 星期四 13:55:01 CST] 启动环境检查...
frpc 正在运行，跳过重启。
非维护时间，核心服务保持运行。
[2026年 03月 19日 星期四 14:00:01 CST] 启动环境检查...
frpc 正在运行，跳过重启。
非维护时间，核心服务保持运行。
[2026年 03月 19日 星期四 14:05:01 CST] 启动环境检查...
frpc 正在运行，跳过重启。
非维护时间，核心服务保持运行。
[2026年 03月 19日 星期四 14:10:01 CST] 启动环境检查...
frpc 正在运行，跳过重启。
非维护时间，核心服务保持运行。
[2026年 03月 19日 星期四 14:15:01 CST] 启动环境检查...
frpc 正在运行，跳过重启。
非维护时间，核心服务保持运行。
[2026年 03月 19日 星期四 14:20:01 CST] 启动环境检查...
frpc 正在运行，跳过重启。
非维护时间，核心服务保持运行。
[2026年 03月 19日 星期四 14:25:01 CST] 启动环境检查...
frpc 正在运行，跳过重启。
非维护时间，核心服务保持运行。
[2026年 03月 19日 星期四 14:30:01 CST] 启动环境检查...
frpc 正在运行，跳过重启。
非维护时间，核心服务保持运行。
[2026年 03月 19日 星期四 14:35:01 CST] 启动环境检查...
frpc 正在运行，跳过重启。
非维护时间，核心服务保持运行。
[2026年 03月 19日 星期四 14:40:01 CST] 启动环境检查...
frpc 正在运行，跳过重启。
非维护时间，核心服务保持运行。
[2026年 03月 19日 星期四 14:45:01 CST] 启动环境检查...
frpc 正在运行，跳过重启。
非维护时间，核心服务保持运行。
[2026年 03月 19日 星期四 14:50:01 CST] 启动环境检查...
frpc 正在运行，跳过重启。
非维护时间，核心服务保持运行。
[2026年 03月 19日 星期四 14:55:01 CST] 启动环境检查...
frpc 正在运行，跳过重启。
非维护时间，核心服务保持运行。
[2026年 03月 19日 星期四 15:00:01 CST] 启动环境检查...
frpc 正在运行，跳过重启。
非维护时间，核心服务保持运行。
[2026年 03月 19日 星期四 15:05:01 CST] 启动环境检查...
frpc 正在运行，跳过重启。
非维护时间，核心服务保持运行。
[2026年 03月 19日 星期四 15:10:01 CST] 启动环境检查...
frpc 正在运行，跳过重启。
非维护时间，核心服务保持运行。
[2026年 03月 19日 星期四 15:15:01 CST] 启动环境检查...
frpc 正在运行，跳过重启。
非维护时间，核心服务保持运行。
[2026年 03月 19日 星期四 15:20:01 CST] 启动环境检查...
frpc 正在运行，跳过重启。
非维护时间，核心服务保持运行。
[2026年 03月 19日 星期四 15:25:01 CST] 启动环境检查...
frpc 正在运行，跳过重启。
非维护时间，核心服务保持运行。
[2026年 03月 19日 星期四 15:30:01 CST] 启动环境检查...
frpc 正在运行，跳过重启。
非维护时间，核心服务保持运行。
[2026年 03月 19日 星期四 15:35:01 CST] 启动环境检查...
frpc 正在运行，跳过重启。
非维护时间，核心服务保持运行。
[2026年 03月 19日 星期四 15:40:01 CST] 启动环境检查...
frpc 正在运行，跳过重启。
非维护时间，核心服务保持运行。
[2026年 03月 19日 星期四 15:45:01 CST] 启动环境检查...
frpc 正在运行，跳过重启。
非维护时间，核心服务保持运行。
[2026年 03月 19日 星期四 15:50:01 CST] 启动环境检查...
frpc 正在运行，跳过重启。
非维护时间，核心服务保持运行。
[2026年 03月 19日 星期四 15:55:01 CST] 启动环境检查...
frpc 正在运行，跳过重启。
非维护时间，核心服务保持运行。
[2026年 03月 19日 星期四 16:00:01 CST] 启动环境检查...
frpc 正在运行，跳过重启。
非维护时间，核心服务保持运行。
[2026年 03月 19日 星期四 16:05:01 CST] 启动环境检查...
frpc 正在运行，跳过重启。
非维护时间，核心服务保持运行。
[2026年 03月 19日 星期四 16:10:01 CST] 启动环境检查...
frpc 正在运行，跳过重启。
非维护时间，核心服务保持运行。
[2026年 03月 19日 星期四 16:15:01 CST] 启动环境检查...
frpc 正在运行，跳过重启。
非维护时间，核心服务保持运行。
[2026年 03月 19日 星期四 16:20:01 CST] 启动环境检查...
frpc 正在运行，跳过重启。
非维护时间，核心服务保持运行。
[2026年 03月 19日 星期四 16:25:01 CST] 启动环境检查...
frpc 正在运行，跳过重启。
非维护时间，核心服务保持运行。
[2026年 03月 19日 星期四 16:30:01 CST] 启动环境检查...
frpc 正在运行，跳过重启。
非维护时间，核心服务保持运行。
[2026年 03月 19日 星期四 16:35:01 CST] 启动环境检查...
frpc 正在运行，跳过重启。
非维护时间，核心服务保持运行。
[2026年 03月 19日 星期四 16:40:01 CST] 启动环境检查...
frpc 正在运行，跳过重启。
非维护时间，核心服务保持运行。
[2026年 03月 19日 星期四 16:45:01 CST] 启动环境检查...
frpc 正在运行，跳过重启。
非维护时间，核心服务保持运行。
[2026年 03月 19日 星期四 16:50:01 CST] 启动环境检查...
frpc 正在运行，跳过重启。
非维护时间，核心服务保持运行。
[2026年 03月 19日 星期四 16:55:01 CST] 启动环境检查...
frpc 正在运行，跳过重启。
非维护时间，核心服务保持运行。
[2026年 03月 19日 星期四 17:00:01 CST] 启动环境检查...
frpc 正在运行，跳过重启。
非维护时间，核心服务保持运行。
[2026年 03月 19日 星期四 17:05:01 CST] 启动环境检查...
frpc 正在运行，跳过重启。
非维护时间，核心服务保持运行。
[2026年 03月 19日 星期四 17:10:01 CST] 启动环境检查...
frpc 正在运行，跳过重启。
非维护时间，核心服务保持运行。
[2026年 03月 19日 星期四 17:15:01 CST] 启动环境检查...
frpc 正在运行，跳过重启。
非维护时间，核心服务保持运行。
[2026年 03月 19日 星期四 17:20:01 CST] 启动环境检查...
frpc 正在运行，跳过重启。
非维护时间，核心服务保持运行。
[2026年 03月 19日 星期四 17:25:01 CST] 启动环境检查...
frpc 正在运行，跳过重启。
非维护时间，核心服务保持运行。
[2026年 03月 19日 星期四 17:30:01 CST] 启动环境检查...
frpc 正在运行，跳过重启。
非维护时间，核心服务保持运行。
[2026年 03月 19日 星期四 17:35:01 CST] 启动环境检查...
frpc 正在运行，跳过重启。
非维护时间，核心服务保持运行。
[2026年 03月 19日 星期四 17:40:01 CST] 启动环境检查...
frpc 正在运行，跳过重启。
非维护时间，核心服务保持运行。
[2026年 03月 19日 星期四 17:45:01 CST] 启动环境检查...
frpc 正在运行，跳过重启。
非维护时间，核心服务保持运行。
[2026年 03月 19日 星期四 17:50:01 CST] 启动环境检查...
frpc 正在运行，跳过重启。
非维护时间，核心服务保持运行。
[2026年 03月 19日 星期四 17:55:01 CST] 启动环境检查...
frpc 正在运行，跳过重启。
非维护时间，核心服务保持运行。
[2026年 03月 19日 星期四 18:00:01 CST] 启动环境检查...
frpc 正在运行，跳过重启。
非维护时间，核心服务保持运行。
[2026年 03月 19日 星期四 18:05:01 CST] 启动环境检查...
frpc 正在运行，跳过重启。
非维护时间，核心服务保持运行。
[2026年 03月 19日 星期四 18:10:01 CST] 启动环境检查...
frpc 正在运行，跳过重启。
非维护时间，核心服务保持运行。
[2026年 03月 19日 星期四 18:15:01 CST] 启动环境检查...
frpc 正在运行，跳过重启。
非维护时间，核心服务保持运行。
[2026年 03月 19日 星期四 18:20:02 CST] 启动环境检查...
frpc 正在运行，跳过重启。
非维护时间，核心服务保持运行。
[2026年 03月 19日 星期四 18:25:01 CST] 启动环境检查...
frpc 正在运行，跳过重启。
非维护时间，核心服务保持运行。
[2026年 03月 19日 星期四 18:30:01 CST] 启动环境检查...
frpc 正在运行，跳过重启。
非维护时间，核心服务保持运行。
[2026年 03月 19日 星期四 18:35:01 CST] 启动环境检查...
frpc 正在运行，跳过重启。
非维护时间，核心服务保持运行。
[2026年 03月 19日 星期四 18:40:01 CST] 启动环境检查...
frpc 正在运行，跳过重启。
非维护时间，核心服务保持运行。
[2026年 03月 19日 星期四 18:45:01 CST] 启动环境检查...
frpc 正在运行，跳过重启。
非维护时间，核心服务保持运行。
[2026年 03月 19日 星期四 18:50:01 CST] 启动环境检查...
frpc 正在运行，跳过重启。
非维护时间，核心服务保持运行。
[2026年 03月 19日 星期四 18:55:01 CST] 启动环境检查...
frpc 正在运行，跳过重启。
非维护时间，核心服务保持运行。
[2026年 03月 19日 星期四 19:00:01 CST] 启动环境检查...
frpc 正在运行，跳过重启。
非维护时间，核心服务保持运行。
[2026年 03月 19日 星期四 19:05:01 CST] 启动环境检查...
frpc 正在运行，跳过重启。
非维护时间，核心服务保持运行。
[2026年 03月 19日 星期四 19:10:01 CST] 启动环境检查...
frpc 正在运行，跳过重启。
非维护时间，核心服务保持运行。
[2026年 03月 19日 星期四 19:15:01 CST] 启动环境检查...
frpc 正在运行，跳过重启。
非维护时间，核心服务保持运行。
[2026年 03月 19日 星期四 19:20:01 CST] 启动环境检查...
frpc 正在运行，跳过重启。
非维护时间，核心服务保持运行。
[2026年 03月 19日 星期四 19:25:01 CST] 启动环境检查...
frpc 正在运行，跳过重启。
非维护时间，核心服务保持运行。
[2026年 03月 19日 星期四 19:30:01 CST] 启动环境检查...
frpc 正在运行，跳过重启。
非维护时间，核心服务保持运行。
[2026年 03月 19日 星期四 19:35:01 CST] 启动环境检查...
frpc 正在运行，跳过重启。
非维护时间，核心服务保持运行。
[2026年 03月 19日 星期四 19:40:01 CST] 启动环境检查...
frpc 正在运行，跳过重启。
非维护时间，核心服务保持运行。
[2026年 03月 19日 星期四 19:45:01 CST] 启动环境检查...
frpc 正在运行，跳过重启。
非维护时间，核心服务保持运行。
[2026年 03月 19日 星期四 19:50:01 CST] 启动环境检查...
frpc 正在运行，跳过重启。
非维护时间，核心服务保持运行。
[2026年 03月 19日 星期四 19:55:01 CST] 启动环境检查...
frpc 正在运行，跳过重启。
非维护时间，核心服务保持运行。
[2026年 03月 19日 星期四 20:00:01 CST] 启动环境检查...
frpc 正在运行，跳过重启。
非维护时间，核心服务保持运行。
[2026年 03月 19日 星期四 20:05:01 CST] 启动环境检查...
frpc 正在运行，跳过重启。
非维护时间，核心服务保持运行。
[2026年 03月 19日 星期四 20:10:01 CST] 启动环境检查...
frpc 正在运行，跳过重启。
非维护时间，核心服务保持运行。
[2026年 03月 19日 星期四 20:15:01 CST] 启动环境检查...
frpc 正在运行，跳过重启。
非维护时间，核心服务保持运行。
[2026年 03月 19日 星期四 20:20:01 CST] 启动环境检查...
frpc 正在运行，跳过重启。
非维护时间，核心服务保持运行。
[2026年 03月 19日 星期四 20:25:01 CST] 启动环境检查...
frpc 正在运行，跳过重启。
非维护时间，核心服务保持运行。
[2026年 03月 19日 星期四 20:30:01 CST] 启动环境检查...
frpc 正在运行，跳过重启。
非维护时间，核心服务保持运行。
[2026年 03月 19日 星期四 20:35:01 CST] 启动环境检查...
frpc 正在运行，跳过重启。
非维护时间，核心服务保持运行。
[2026年 03月 19日 星期四 20:40:01 CST] 启动环境检查...
frpc 正在运行，跳过重启。
非维护时间，核心服务保持运行。
[2026年 03月 19日 星期四 20:45:01 CST] 启动环境检查...
frpc 正在运行，跳过重启。
非维护时间，核心服务保持运行。
[2026年 03月 19日 星期四 20:50:01 CST] 启动环境检查...
frpc 正在运行，跳过重启。
非维护时间，核心服务保持运行。
[2026年 03月 19日 星期四 20:55:01 CST] 启动环境检查...
frpc 正在运行，跳过重启。
非维护时间，核心服务保持运行。
[2026年 03月 19日 星期四 21:00:02 CST] 启动环境检查...
frpc 正在运行，跳过重启。
非维护时间，核心服务保持运行。
[2026年 03月 19日 星期四 21:05:01 CST] 启动环境检查...
frpc 正在运行，跳过重启。
非维护时间，核心服务保持运行。
[2026年 03月 19日 星期四 21:10:01 CST] 启动环境检查...
frpc 正在运行，跳过重启。
非维护时间，核心服务保持运行。
[2026年 03月 19日 星期四 21:15:01 CST] 启动环境检查...
frpc 正在运行，跳过重启。
非维护时间，核心服务保持运行。
[2026年 03月 19日 星期四 21:20:01 CST] 启动环境检查...
frpc 正在运行，跳过重启。
非维护时间，核心服务保持运行。
[2026年 03月 19日 星期四 21:25:01 CST] 启动环境检查...
frpc 正在运行，跳过重启。
非维护时间，核心服务保持运行。
[2026年 03月 19日 星期四 21:30:01 CST] 启动环境检查...
frpc 正在运行，跳过重启。
非维护时间，核心服务保持运行。
[2026年 03月 19日 星期四 21:35:01 CST] 启动环境检查...
frpc 正在运行，跳过重启。
非维护时间，核心服务保持运行。
[2026年 03月 19日 星期四 21:40:01 CST] 启动环境检查...
frpc 正在运行，跳过重启。
非维护时间，核心服务保持运行。
[2026年 03月 19日 星期四 21:45:01 CST] 启动环境检查...
frpc 正在运行，跳过重启。
非维护时间，核心服务保持运行。
[2026年 03月 19日 星期四 21:50:01 CST] 启动环境检查...
frpc 正在运行，跳过重启。
非维护时间，核心服务保持运行。
[2026年 03月 19日 星期四 21:55:01 CST] 启动环境检查...
frpc 正在运行，跳过重启。
非维护时间，核心服务保持运行。
[2026年 03月 19日 星期四 22:00:01 CST] 启动环境检查...
frpc 正在运行，跳过重启。
非维护时间，核心服务保持运行。
[2026年 03月 19日 星期四 22:05:01 CST] 启动环境检查...
frpc 正在运行，跳过重启。
非维护时间，核心服务保持运行。
[2026年 03月 19日 星期四 22:10:01 CST] 启动环境检查...
frpc 正在运行，跳过重启。
非维护时间，核心服务保持运行。
[2026年 03月 19日 星期四 22:15:01 CST] 启动环境检查...
frpc 正在运行，跳过重启。
非维护时间，核心服务保持运行。
[2026年 03月 19日 星期四 22:20:01 CST] 启动环境检查...
frpc 正在运行，跳过重启。
非维护时间，核心服务保持运行。
[2026年 03月 19日 星期四 22:25:01 CST] 启动环境检查...
frpc 正在运行，跳过重启。
非维护时间，核心服务保持运行。
[2026年 03月 19日 星期四 22:30:01 CST] 启动环境检查...
frpc 正在运行，跳过重启。
非维护时间，核心服务保持运行。
[2026年 03月 19日 星期四 22:35:01 CST] 启动环境检查...
frpc 正在运行，跳过重启。
非维护时间，核心服务保持运行。
[2026年 03月 19日 星期四 22:40:01 CST] 启动环境检查...
frpc 正在运行，跳过重启。
非维护时间，核心服务保持运行。
[2026年 03月 19日 星期四 22:45:01 CST] 启动环境检查...
frpc 正在运行，跳过重启。
非维护时间，核心服务保持运行。
[2026年 03月 19日 星期四 22:50:01 CST] 启动环境检查...
frpc 正在运行，跳过重启。
非维护时间，核心服务保持运行。
[2026年 03月 19日 星期四 22:55:01 CST] 启动环境检查...
frpc 正在运行，跳过重启。
非维护时间，核心服务保持运行。
[2026年 03月 19日 星期四 23:00:01 CST] 启动环境检查...
frpc 正在运行，跳过重启。
非维护时间，核心服务保持运行。
[2026年 03月 19日 星期四 23:05:01 CST] 启动环境检查...
frpc 正在运行，跳过重启。
非维护时间，核心服务保持运行。
[2026年 03月 19日 星期四 23:10:01 CST] 启动环境检查...
frpc 正在运行，跳过重启。
非维护时间，核心服务保持运行。
[2026年 03月 19日 星期四 23:15:01 CST] 启动环境检查...
frpc 正在运行，跳过重启。
非维护时间，核心服务保持运行。
[2026年 03月 19日 星期四 23:20:01 CST] 启动环境检查...
frpc 正在运行，跳过重启。
非维护时间，核心服务保持运行。
[2026年 03月 19日 星期四 23:25:01 CST] 启动环境检查...
frpc 正在运行，跳过重启。
非维护时间，核心服务保持运行。
[2026年 03月 19日 星期四 23:30:01 CST] 启动环境检查...
frpc 正在运行，跳过重启。
非维护时间，核心服务保持运行。
[2026年 03月 19日 星期四 23:35:01 CST] 启动环境检查...
frpc 正在运行，跳过重启。
非维护时间，核心服务保持运行。
[2026年 03月 19日 星期四 23:40:02 CST] 启动环境检查...
frpc 正在运行，跳过重启。
非维护时间，核心服务保持运行。
[2026年 03月 19日 星期四 23:45:01 CST] 启动环境检查...
frpc 正在运行，跳过重启。
非维护时间，核心服务保持运行。
[2026年 03月 19日 星期四 23:50:01 CST] 启动环境检查...
frpc 正在运行，跳过重启。
非维护时间，核心服务保持运行。
[2026年 03月 19日 星期四 23:55:01 CST] 启动环境检查...
frpc 正在运行，跳过重启。
非维护时间，核心服务保持运行。
[2026年 03月 20日 星期五 00:00:01 CST] 启动环境检查...
frpc 正在运行，跳过重启。
非维护时间，核心服务保持运行。
[2026年 03月 20日 星期五 00:05:01 CST] 启动环境检查...
frpc 正在运行，跳过重启。
非维护时间，核心服务保持运行。
[2026年 03月 20日 星期五 00:10:01 CST] 启动环境检查...
frpc 正在运行，跳过重启。
非维护时间，核心服务保持运行。
[2026年 03月 20日 星期五 00:15:01 CST] 启动环境检查...
frpc 正在运行，跳过重启。
非维护时间，核心服务保持运行。
[2026年 03月 20日 星期五 00:20:01 CST] 启动环境检查...
frpc 正在运行，跳过重启。
非维护时间，核心服务保持运行。
[2026年 03月 20日 星期五 00:25:01 CST] 启动环境检查...
frpc 正在运行，跳过重启。
非维护时间，核心服务保持运行。
[2026年 03月 20日 星期五 00:30:01 CST] 启动环境检查...
frpc 正在运行，跳过重启。
非维护时间，核心服务保持运行。
[2026年 03月 20日 星期五 00:35:01 CST] 启动环境检查...
frpc 正在运行，跳过重启。
非维护时间，核心服务保持运行。
[2026年 03月 20日 星期五 00:40:01 CST] 启动环境检查...
frpc 正在运行，跳过重启。
非维护时间，核心服务保持运行。
[2026年 03月 20日 星期五 00:45:01 CST] 启动环境检查...
frpc 正在运行，跳过重启。
非维护时间，核心服务保持运行。
[2026年 03月 20日 星期五 00:50:01 CST] 启动环境检查...
frpc 正在运行，跳过重启。
非维护时间，核心服务保持运行。
[2026年 03月 20日 星期五 00:55:01 CST] 启动环境检查...
frpc 正在运行，跳过重启。
非维护时间，核心服务保持运行。
[2026年 03月 20日 星期五 01:00:01 CST] 启动环境检查...
frpc 正在运行，跳过重启。
非维护时间，核心服务保持运行。
[2026年 03月 20日 星期五 01:05:01 CST] 启动环境检查...
frpc 正在运行，跳过重启。
非维护时间，核心服务保持运行。
[2026年 03月 20日 星期五 01:10:01 CST] 启动环境检查...
frpc 正在运行，跳过重启。
非维护时间，核心服务保持运行。
[2026年 03月 20日 星期五 01:15:01 CST] 启动环境检查...
frpc 正在运行，跳过重启。
非维护时间，核心服务保持运行。
[2026年 03月 20日 星期五 01:20:01 CST] 启动环境检查...
frpc 正在运行，跳过重启。
非维护时间，核心服务保持运行。
[2026年 03月 20日 星期五 01:25:01 CST] 启动环境检查...
frpc 正在运行，跳过重启。
非维护时间，核心服务保持运行。
[2026年 03月 20日 星期五 01:30:01 CST] 启动环境检查...
frpc 正在运行，跳过重启。
非维护时间，核心服务保持运行。
[2026年 03月 20日 星期五 01:35:01 CST] 启动环境检查...
frpc 正在运行，跳过重启。
非维护时间，核心服务保持运行。
[2026年 03月 20日 星期五 01:40:01 CST] 启动环境检查...
frpc 正在运行，跳过重启。
非维护时间，核心服务保持运行。
[2026年 03月 20日 星期五 01:45:01 CST] 启动环境检查...
frpc 正在运行，跳过重启。
非维护时间，核心服务保持运行。
[2026年 03月 20日 星期五 01:50:01 CST] 启动环境检查...
frpc 正在运行，跳过重启。
非维护时间，核心服务保持运行。
[2026年 03月 20日 星期五 01:55:01 CST] 启动环境检查...
frpc 正在运行，跳过重启。
非维护时间，核心服务保持运行。
[2026年 03月 20日 星期五 02:00:01 CST] 启动环境检查...
frpc 正在运行，跳过重启。
非维护时间，核心服务保持运行。
[2026年 03月 20日 星期五 02:05:01 CST] 启动环境检查...
frpc 正在运行，跳过重启。
非维护时间，核心服务保持运行。
[2026年 03月 20日 星期五 02:10:01 CST] 启动环境检查...
frpc 正在运行，跳过重启。
非维护时间，核心服务保持运行。
[2026年 03月 20日 星期五 02:15:01 CST] 启动环境检查...
frpc 正在运行，跳过重启。
非维护时间，核心服务保持运行。
[2026年 03月 20日 星期五 02:20:01 CST] 启动环境检查...
frpc 正在运行，跳过重启。
非维护时间，核心服务保持运行。
[2026年 03月 20日 星期五 02:25:01 CST] 启动环境检查...
frpc 正在运行，跳过重启。
非维护时间，核心服务保持运行。
[2026年 03月 20日 星期五 02:30:01 CST] 启动环境检查...
frpc 正在运行，跳过重启。
非维护时间，核心服务保持运行。
[2026年 03月 20日 星期五 02:35:01 CST] 启动环境检查...
frpc 正在运行，跳过重启。
非维护时间，核心服务保持运行。
[2026年 03月 20日 星期五 02:40:01 CST] 启动环境检查...
frpc 正在运行，跳过重启。
非维护时间，核心服务保持运行。
[2026年 03月 20日 星期五 02:45:01 CST] 启动环境检查...
frpc 正在运行，跳过重启。
非维护时间，核心服务保持运行。
[2026年 03月 20日 星期五 02:50:01 CST] 启动环境检查...
frpc 正在运行，跳过重启。
非维护时间，核心服务保持运行。
[2026年 03月 20日 星期五 02:55:01 CST] 启动环境检查...
frpc 正在运行，跳过重启。
非维护时间，核心服务保持运行。
[2026年 03月 20日 星期五 03:00:01 CST] 启动环境检查...
frpc 正在运行，跳过重启。
触发凌晨 3:00 定时维护，准备重启核心服务...
清理端口 8000 的进程 96971
清理端口 7100 的进程 96970
核心服务已完成每日例行重启。
[2026年 03月 20日 星期五 03:05:01 CST] 启动环境检查...
frpc 正在运行，跳过重启。
触发凌晨 3:00 定时维护，准备重启核心服务...
清理端口 8000 的进程 104628
清理端口 7100 的进程 104629
核心服务已完成每日例行重启。
[2026年 03月 20日 星期五 03:10:01 CST] 启动环境检查...
frpc 正在运行，跳过重启。
触发凌晨 3:00 定时维护，准备重启核心服务...
清理端口 8000 的进程 105342
清理端口 7100 的进程 105341
核心服务已完成每日例行重启。
[2026年 03月 20日 星期五 03:15:01 CST] 启动环境检查...
frpc 正在运行，跳过重启。
触发凌晨 3:00 定时维护，准备重启核心服务...
清理端口 8000 的进程 106051
清理端口 7100 的进程 106052
核心服务已完成每日例行重启。
[2026年 03月 20日 星期五 03:20:01 CST] 启动环境检查...
frpc 正在运行，跳过重启。
触发凌晨 3:00 定时维护，准备重启核心服务...
清理端口 8000 的进程 106759
清理端口 7100 的进程 106760
核心服务已完成每日例行重启。
[2026年 03月 20日 星期五 03:25:01 CST] 启动环境检查...
frpc 正在运行，跳过重启。
触发凌晨 3:00 定时维护，准备重启核心服务...
清理端口 8000 的进程 107468
清理端口 7100 的进程 107467
核心服务已完成每日例行重启。
[2026年 03月 20日 星期五 03:30:01 CST] 启动环境检查...
frpc 正在运行，跳过重启。
触发凌晨 3:00 定时维护，准备重启核心服务...
清理端口 8000 的进程 108175
清理端口 7100 的进程 108174
核心服务已完成每日例行重启。
[2026年 03月 20日 星期五 03:35:01 CST] 启动环境检查...
frpc 正在运行，跳过重启。
触发凌晨 3:00 定时维护，准备重启核心服务...
清理端口 8000 的进程 108882
清理端口 7100 的进程 108881
核心服务已完成每日例行重启。
[2026年 03月 20日 星期五 03:40:01 CST] 启动环境检查...
frpc 正在运行，跳过重启。
触发凌晨 3:00 定时维护，准备重启核心服务...
清理端口 8000 的进程 109588
清理端口 7100 的进程 109587
核心服务已完成每日例行重启。
[2026年 03月 20日 星期五 03:45:01 CST] 启动环境检查...
frpc 正在运行，跳过重启。
触发凌晨 3:00 定时维护，准备重启核心服务...
清理端口 8000 的进程 110294
清理端口 7100 的进程 110293
核心服务已完成每日例行重启。
[2026年 03月 20日 星期五 03:50:01 CST] 启动环境检查...
frpc 正在运行，跳过重启。
触发凌晨 3:00 定时维护，准备重启核心服务...
清理端口 8000 的进程 111013
清理端口 7100 的进程 111012
核心服务已完成每日例行重启。
[2026年 03月 20日 星期五 03:55:01 CST] 启动环境检查...
frpc 正在运行，跳过重启。
触发凌晨 3:00 定时维护，准备重启核心服务...
清理端口 8000 的进程 111721
清理端口 7100 的进程 111722
核心服务已完成每日例行重启。
[2026年 03月 20日 星期五 04:00:01 CST] 启动环境检查...
frpc 正在运行，跳过重启。
非维护时间，核心服务保持运行。
[2026年 03月 20日 星期五 04:05:01 CST] 启动环境检查...
frpc 正在运行，跳过重启。
非维护时间，核心服务保持运行。
[2026年 03月 20日 星期五 04:10:01 CST] 启动环境检查...
frpc 正在运行，跳过重启。
非维护时间，核心服务保持运行。
[2026年 03月 20日 星期五 04:15:01 CST] 启动环境检查...
frpc 正在运行，跳过重启。
非维护时间，核心服务保持运行。
[2026年 03月 20日 星期五 04:20:01 CST] 启动环境检查...
frpc 正在运行，跳过重启。
非维护时间，核心服务保持运行。
[2026年 03月 20日 星期五 04:25:01 CST] 启动环境检查...
frpc 正在运行，跳过重启。
非维护时间，核心服务保持运行。
[2026年 03月 20日 星期五 04:30:01 CST] 启动环境检查...
frpc 正在运行，跳过重启。
非维护时间，核心服务保持运行。
[2026年 03月 20日 星期五 04:35:01 CST] 启动环境检查...
frpc 正在运行，跳过重启。
非维护时间，核心服务保持运行。
[2026年 03月 20日 星期五 04:40:01 CST] 启动环境检查...
frpc 正在运行，跳过重启。
非维护时间，核心服务保持运行。
[2026年 03月 20日 星期五 04:45:01 CST] 启动环境检查...
frpc 正在运行，跳过重启。
非维护时间，核心服务保持运行。
[2026年 03月 20日 星期五 04:50:01 CST] 启动环境检查...
frpc 正在运行，跳过重启。
非维护时间，核心服务保持运行。
[2026年 03月 20日 星期五 04:55:01 CST] 启动环境检查...
frpc 正在运行，跳过重启。
非维护时间，核心服务保持运行。
[2026年 03月 20日 星期五 05:00:01 CST] 启动环境检查...
frpc 正在运行，跳过重启。
非维护时间，核心服务保持运行。
[2026年 03月 20日 星期五 05:05:01 CST] 启动环境检查...
frpc 正在运行，跳过重启。
非维护时间，核心服务保持运行。
[2026年 03月 20日 星期五 05:10:01 CST] 启动环境检查...
frpc 正在运行，跳过重启。
非维护时间，核心服务保持运行。
[2026年 03月 20日 星期五 05:15:01 CST] 启动环境检查...
frpc 正在运行，跳过重启。
非维护时间，核心服务保持运行。
[2026年 03月 20日 星期五 05:20:01 CST] 启动环境检查...
frpc 正在运行，跳过重启。
非维护时间，核心服务保持运行。
[2026年 03月 20日 星期五 05:25:01 CST] 启动环境检查...
frpc 正在运行，跳过重启。
非维护时间，核心服务保持运行。
[2026年 03月 20日 星期五 05:30:01 CST] 启动环境检查...
frpc 正在运行，跳过重启。
非维护时间，核心服务保持运行。
[2026年 03月 20日 星期五 05:35:01 CST] 启动环境检查...
frpc 正在运行，跳过重启。
非维护时间，核心服务保持运行。
[2026年 03月 20日 星期五 05:40:01 CST] 启动环境检查...
frpc 正在运行，跳过重启。
非维护时间，核心服务保持运行。
[2026年 03月 20日 星期五 05:45:02 CST] 启动环境检查...
frpc 正在运行，跳过重启。
非维护时间，核心服务保持运行。
[2026年 03月 20日 星期五 05:50:01 CST] 启动环境检查...
frpc 正在运行，跳过重启。
非维护时间，核心服务保持运行。
[2026年 03月 20日 星期五 05:55:01 CST] 启动环境检查...
frpc 正在运行，跳过重启。
非维护时间，核心服务保持运行。
[2026年 03月 20日 星期五 06:00:01 CST] 启动环境检查...
frpc 正在运行，跳过重启。
非维护时间，核心服务保持运行。
[2026年 03月 20日 星期五 06:05:01 CST] 启动环境检查...
frpc 正在运行，跳过重启。
非维护时间，核心服务保持运行。
[2026年 03月 20日 星期五 06:10:01 CST] 启动环境检查...
frpc 正在运行，跳过重启。
非维护时间，核心服务保持运行。
[2026年 03月 20日 星期五 06:15:01 CST] 启动环境检查...
frpc 正在运行，跳过重启。
非维护时间，核心服务保持运行。
[2026年 03月 20日 星期五 06:20:01 CST] 启动环境检查...
frpc 正在运行，跳过重启。
非维护时间，核心服务保持运行。
[2026年 03月 20日 星期五 06:25:01 CST] 启动环境检查...
frpc 正在运行，跳过重启。
非维护时间，核心服务保持运行。
[2026年 03月 20日 星期五 06:30:01 CST] 启动环境检查...
frpc 正在运行，跳过重启。
非维护时间，核心服务保持运行。
[2026年 03月 20日 星期五 06:35:01 CST] 启动环境检查...
frpc 正在运行，跳过重启。
非维护时间，核心服务保持运行。
[2026年 03月 20日 星期五 06:40:02 CST] 启动环境检查...
frpc 正在运行，跳过重启。
非维护时间，核心服务保持运行。
[2026年 03月 20日 星期五 06:45:01 CST] 启动环境检查...
frpc 正在运行，跳过重启。
非维护时间，核心服务保持运行。
[2026年 03月 20日 星期五 06:50:01 CST] 启动环境检查...
frpc 正在运行，跳过重启。
非维护时间，核心服务保持运行。
[2026年 03月 20日 星期五 06:55:01 CST] 启动环境检查...
frpc 正在运行，跳过重启。
非维护时间，核心服务保持运行。
[2026年 03月 20日 星期五 07:00:01 CST] 启动环境检查...
frpc 正在运行，跳过重启。
非维护时间，核心服务保持运行。
[2026年 03月 20日 星期五 07:05:01 CST] 启动环境检查...
frpc 正在运行，跳过重启。
非维护时间，核心服务保持运行。
[2026年 03月 20日 星期五 07:10:01 CST] 启动环境检查...
frpc 正在运行，跳过重启。
非维护时间，核心服务保持运行。
[2026年 03月 20日 星期五 07:15:01 CST] 启动环境检查...
frpc 正在运行，跳过重启。
非维护时间，核心服务保持运行。
[2026年 03月 20日 星期五 07:20:01 CST] 启动环境检查...
frpc 正在运行，跳过重启。
非维护时间，核心服务保持运行。
[2026年 03月 20日 星期五 07:25:01 CST] 启动环境检查...
frpc 正在运行，跳过重启。
非维护时间，核心服务保持运行。
[2026年 03月 20日 星期五 07:30:01 CST] 启动环境检查...
frpc 正在运行，跳过重启。
非维护时间，核心服务保持运行。
[2026年 03月 20日 星期五 07:35:01 CST] 启动环境检查...
frpc 正在运行，跳过重启。
非维护时间，核心服务保持运行。
[2026年 03月 20日 星期五 07:40:01 CST] 启动环境检查...
frpc 正在运行，跳过重启。
非维护时间，核心服务保持运行。
[2026年 03月 20日 星期五 07:45:01 CST] 启动环境检查...
frpc 正在运行，跳过重启。
非维护时间，核心服务保持运行。
[2026年 03月 20日 星期五 07:50:01 CST] 启动环境检查...
frpc 正在运行，跳过重启。
非维护时间，核心服务保持运行。
[2026年 03月 20日 星期五 07:55:01 CST] 启动环境检查...
frpc 正在运行，跳过重启。
非维护时间，核心服务保持运行。
[2026年 03月 20日 星期五 08:00:01 CST] 启动环境检查...
frpc 正在运行，跳过重启。
非维护时间，核心服务保持运行。
[2026年 03月 20日 星期五 08:05:01 CST] 启动环境检查...
frpc 正在运行，跳过重启。
非维护时间，核心服务保持运行。
[2026年 03月 20日 星期五 08:10:01 CST] 启动环境检查...
frpc 正在运行，跳过重启。
非维护时间，核心服务保持运行。
[2026年 03月 20日 星期五 08:15:01 CST] 启动环境检查...
frpc 正在运行，跳过重启。
非维护时间，核心服务保持运行。
[2026年 03月 20日 星期五 08:20:01 CST] 启动环境检查...
frpc 正在运行，跳过重启。
非维护时间，核心服务保持运行。
[2026年 03月 20日 星期五 08:25:02 CST] 启动环境检查...
frpc 正在运行，跳过重启。
非维护时间，核心服务保持运行。
[2026年 03月 20日 星期五 08:30:01 CST] 启动环境检查...
frpc 正在运行，跳过重启。
非维护时间，核心服务保持运行。
[2026年 03月 20日 星期五 08:35:01 CST] 启动环境检查...
frpc 正在运行，跳过重启。
非维护时间，核心服务保持运行。
[2026年 03月 20日 星期五 08:40:01 CST] 启动环境检查...
frpc 正在运行，跳过重启。
非维护时间，核心服务保持运行。
[2026年 03月 20日 星期五 08:45:01 CST] 启动环境检查...
frpc 正在运行，跳过重启。
非维护时间，核心服务保持运行。
[2026年 03月 20日 星期五 08:50:01 CST] 启动环境检查...
frpc 正在运行，跳过重启。
非维护时间，核心服务保持运行。
[2026年 03月 20日 星期五 08:55:01 CST] 启动环境检查...
frpc 正在运行，跳过重启。
非维护时间，核心服务保持运行。
[2026年 03月 20日 星期五 09:00:01 CST] 启动环境检查...
frpc 正在运行，跳过重启。
非维护时间，核心服务保持运行。
[2026年 03月 20日 星期五 09:05:01 CST] 启动环境检查...
frpc 正在运行，跳过重启。
非维护时间，核心服务保持运行。
[2026年 03月 20日 星期五 09:10:01 CST] 启动环境检查...
frpc 正在运行，跳过重启。
非维护时间，核心服务保持运行。
[2026年 03月 20日 星期五 09:15:01 CST] 启动环境检查...
frpc 正在运行，跳过重启。
非维护时间，核心服务保持运行。
[2026年 03月 20日 星期五 09:20:02 CST] 启动环境检查...
frpc 正在运行，跳过重启。
非维护时间，核心服务保持运行。
[2026年 03月 20日 星期五 09:25:01 CST] 启动环境检查...
frpc 正在运行，跳过重启。
非维护时间，核心服务保持运行。
[2026年 03月 20日 星期五 09:30:01 CST] 启动环境检查...
frpc 正在运行，跳过重启。
非维护时间，核心服务保持运行。
[2026年 03月 20日 星期五 09:35:01 CST] 启动环境检查...
frpc 正在运行，跳过重启。
非维护时间，核心服务保持运行。
[2026年 03月 20日 星期五 09:40:01 CST] 启动环境检查...
frpc 正在运行，跳过重启。
非维护时间，核心服务保持运行。
[2026年 03月 20日 星期五 09:45:01 CST] 启动环境检查...
frpc 正在运行，跳过重启。
非维护时间，核心服务保持运行。
[2026年 03月 20日 星期五 09:50:01 CST] 启动环境检查...
frpc 正在运行，跳过重启。
非维护时间，核心服务保持运行。
[2026年 03月 20日 星期五 09:55:01 CST] 启动环境检查...
frpc 正在运行，跳过重启。
非维护时间，核心服务保持运行。
[2026年 03月 20日 星期五 10:00:01 CST] 启动环境检查...
frpc 正在运行，跳过重启。
非维护时间，核心服务保持运行。
[2026年 03月 20日 星期五 10:05:01 CST] 启动环境检查...
frpc 正在运行，跳过重启。
非维护时间，核心服务保持运行。
[2026年 03月 20日 星期五 10:10:01 CST] 启动环境检查...
frpc 正在运行，跳过重启。
非维护时间，核心服务保持运行。
[2026年 03月 20日 星期五 10:15:02 CST] 启动环境检查...
frpc 正在运行，跳过重启。
非维护时间，核心服务保持运行。
[2026年 03月 20日 星期五 10:20:01 CST] 启动环境检查...
frpc 正在运行，跳过重启。
非维护时间，核心服务保持运行。
[2026年 03月 20日 星期五 10:25:01 CST] 启动环境检查...
frpc 正在运行，跳过重启。
非维护时间，核心服务保持运行。
[2026年 03月 20日 星期五 10:30:01 CST] 启动环境检查...
frpc 正在运行，跳过重启。
非维护时间，核心服务保持运行。
[2026年 03月 20日 星期五 10:35:01 CST] 启动环境检查...
frpc 正在运行，跳过重启。
非维护时间，核心服务保持运行。
[2026年 03月 20日 星期五 10:40:01 CST] 启动环境检查...
frpc 正在运行，跳过重启。
非维护时间，核心服务保持运行。
[2026年 03月 20日 星期五 10:45:01 CST] 启动环境检查...
frpc 正在运行，跳过重启。
非维护时间，核心服务保持运行。
[2026年 03月 20日 星期五 10:50:01 CST] 启动环境检查...
frpc 正在运行，跳过重启。
非维护时间，核心服务保持运行。
[2026年 03月 20日 星期五 10:55:01 CST] 启动环境检查...
frpc 正在运行，跳过重启。
非维护时间，核心服务保持运行。
[2026年 03月 20日 星期五 11:00:01 CST] 启动环境检查...
frpc 正在运行，跳过重启。
非维护时间，核心服务保持运行。
[2026年 03月 20日 星期五 11:05:01 CST] 启动环境检查...
frpc 正在运行，跳过重启。
非维护时间，核心服务保持运行。
[2026年 03月 20日 星期五 11:10:02 CST] 启动环境检查...
frpc 正在运行，跳过重启。
非维护时间，核心服务保持运行。
[2026年 03月 20日 星期五 11:15:01 CST] 启动环境检查...
frpc 正在运行，跳过重启。
非维护时间，核心服务保持运行。
[2026年 03月 20日 星期五 11:20:01 CST] 启动环境检查...
frpc 正在运行，跳过重启。
非维护时间，核心服务保持运行。
[2026年 03月 20日 星期五 11:25:01 CST] 启动环境检查...
frpc 正在运行，跳过重启。
非维护时间，核心服务保持运行。
[2026年 03月 20日 星期五 11:30:01 CST] 启动环境检查...
frpc 正在运行，跳过重启。
非维护时间，核心服务保持运行。
[2026年 03月 20日 星期五 11:35:01 CST] 启动环境检查...
frpc 正在运行，跳过重启。
非维护时间，核心服务保持运行。
[2026年 03月 20日 星期五 11:40:01 CST] 启动环境检查...
frpc 正在运行，跳过重启。
非维护时间，核心服务保持运行。
[2026年 03月 20日 星期五 11:45:01 CST] 启动环境检查...
frpc 正在运行，跳过重启。
非维护时间，核心服务保持运行。
[2026年 03月 20日 星期五 11:50:01 CST] 启动环境检查...
frpc 正在运行，跳过重启。
非维护时间，核心服务保持运行。
[2026年 03月 20日 星期五 11:55:01 CST] 启动环境检查...
frpc 正在运行，跳过重启。
非维护时间，核心服务保持运行。
[2026年 03月 20日 星期五 12:00:01 CST] 启动环境检查...
frpc 正在运行，跳过重启。
非维护时间，核心服务保持运行。
[2026年 03月 20日 星期五 12:05:01 CST] 启动环境检查...
frpc 正在运行，跳过重启。
非维护时间，核心服务保持运行。
[2026年 03月 20日 星期五 12:10:01 CST] 启动环境检查...
frpc 正在运行，跳过重启。
非维护时间，核心服务保持运行。
[2026年 03月 20日 星期五 12:15:01 CST] 启动环境检查...
frpc 正在运行，跳过重启。
非维护时间，核心服务保持运行。
[2026年 03月 20日 星期五 12:20:01 CST] 启动环境检查...
frpc 正在运行，跳过重启。
非维护时间，核心服务保持运行。
[2026年 03月 20日 星期五 12:25:01 CST] 启动环境检查...
frpc 正在运行，跳过重启。
非维护时间，核心服务保持运行。
[2026年 03月 20日 星期五 12:30:01 CST] 启动环境检查...
frpc 正在运行，跳过重启。
非维护时间，核心服务保持运行。
[2026年 03月 20日 星期五 12:35:01 CST] 启动环境检查...
frpc 正在运行，跳过重启。
非维护时间，核心服务保持运行。
[2026年 03月 20日 星期五 12:40:01 CST] 启动环境检查...
frpc 正在运行，跳过重启。
非维护时间，核心服务保持运行。
[2026年 03月 20日 星期五 12:45:01 CST] 启动环境检查...
frpc 正在运行，跳过重启。
非维护时间，核心服务保持运行。
[2026年 03月 20日 星期五 12:50:01 CST] 启动环境检查...
frpc 正在运行，跳过重启。
非维护时间，核心服务保持运行。
[2026年 03月 20日 星期五 12:55:01 CST] 启动环境检查...
frpc 正在运行，跳过重启。
非维护时间，核心服务保持运行。
[2026年 03月 20日 星期五 13:00:01 CST] 启动环境检查...
frpc 正在运行，跳过重启。
非维护时间，核心服务保持运行。
[2026年 03月 20日 星期五 13:05:01 CST] 启动环境检查...
frpc 正在运行，跳过重启。
非维护时间，核心服务保持运行。
[2026年 03月 20日 星期五 13:10:01 CST] 启动环境检查...
frpc 正在运行，跳过重启。
非维护时间，核心服务保持运行。
[2026年 03月 20日 星期五 13:15:01 CST] 启动环境检查...
frpc 正在运行，跳过重启。
非维护时间，核心服务保持运行。
[2026年 03月 20日 星期五 13:20:01 CST] 启动环境检查...
frpc 正在运行，跳过重启。
非维护时间，核心服务保持运行。
[2026年 03月 20日 星期五 13:25:01 CST] 启动环境检查...
frpc 正在运行，跳过重启。
非维护时间，核心服务保持运行。
[2026年 03月 20日 星期五 13:30:01 CST] 启动环境检查...
frpc 正在运行，跳过重启。
非维护时间，核心服务保持运行。
[2026年 03月 20日 星期五 13:35:01 CST] 启动环境检查...
frpc 正在运行，跳过重启。
非维护时间，核心服务保持运行。
[2026年 03月 20日 星期五 13:40:01 CST] 启动环境检查...
frpc 正在运行，跳过重启。
非维护时间，核心服务保持运行。
[2026年 03月 20日 星期五 13:45:01 CST] 启动环境检查...
frpc 正在运行，跳过重启。
非维护时间，核心服务保持运行。
[2026年 03月 20日 星期五 13:50:01 CST] 启动环境检查...
frpc 正在运行，跳过重启。
非维护时间，核心服务保持运行。
[2026年 03月 20日 星期五 13:55:01 CST] 启动环境检查...
frpc 正在运行，跳过重启。
非维护时间，核心服务保持运行。
[2026年 03月 20日 星期五 14:00:01 CST] 启动环境检查...
frpc 正在运行，跳过重启。
非维护时间，核心服务保持运行。
[2026年 03月 20日 星期五 14:05:01 CST] 启动环境检查...
frpc 正在运行，跳过重启。
非维护时间，核心服务保持运行。
[2026年 03月 20日 星期五 14:10:01 CST] 启动环境检查...
frpc 正在运行，跳过重启。
非维护时间，核心服务保持运行。
[2026年 03月 20日 星期五 14:15:01 CST] 启动环境检查...
frpc 正在运行，跳过重启。
非维护时间，核心服务保持运行。
[2026年 03月 20日 星期五 14:20:01 CST] 启动环境检查...
frpc 正在运行，跳过重启。
非维护时间，核心服务保持运行。
[2026年 03月 20日 星期五 14:25:01 CST] 启动环境检查...
frpc 正在运行，跳过重启。
非维护时间，核心服务保持运行。
[2026年 03月 20日 星期五 14:30:01 CST] 启动环境检查...
frpc 正在运行，跳过重启。
非维护时间，核心服务保持运行。
[2026年 03月 20日 星期五 14:35:01 CST] 启动环境检查...
frpc 正在运行，跳过重启。
非维护时间，核心服务保持运行。
[2026年 03月 20日 星期五 14:40:01 CST] 启动环境检查...
frpc 正在运行，跳过重启。
非维护时间，核心服务保持运行。
[2026年 03月 20日 星期五 14:45:01 CST] 启动环境检查...
frpc 正在运行，跳过重启。
非维护时间，核心服务保持运行。
[2026年 03月 20日 星期五 14:50:01 CST] 启动环境检查...
frpc 正在运行，跳过重启。
非维护时间，核心服务保持运行。
[2026年 03月 20日 星期五 14:55:01 CST] 启动环境检查...
frpc 正在运行，跳过重启。
非维护时间，核心服务保持运行。
[2026年 03月 20日 星期五 15:00:01 CST] 启动环境检查...
frpc 正在运行，跳过重启。
非维护时间，核心服务保持运行。
[2026年 03月 20日 星期五 15:05:01 CST] 启动环境检查...
frpc 正在运行，跳过重启。
非维护时间，核心服务保持运行。
[2026年 03月 20日 星期五 15:10:01 CST] 启动环境检查...
frpc 正在运行，跳过重启。
非维护时间，核心服务保持运行。
[2026年 03月 20日 星期五 15:15:01 CST] 启动环境检查...
frpc 正在运行，跳过重启。
非维护时间，核心服务保持运行。
[2026年 03月 20日 星期五 15:20:01 CST] 启动环境检查...
frpc 正在运行，跳过重启。
非维护时间，核心服务保持运行。
[2026年 03月 20日 星期五 15:25:01 CST] 启动环境检查...
frpc 正在运行，跳过重启。
非维护时间，核心服务保持运行。
[2026年 03月 20日 星期五 15:30:01 CST] 启动环境检查...
frpc 正在运行，跳过重启。
非维护时间，核心服务保持运行。
[2026年 03月 20日 星期五 15:35:01 CST] 启动环境检查...
frpc 正在运行，跳过重启。
非维护时间，核心服务保持运行。
[2026年 03月 20日 星期五 15:40:01 CST] 启动环境检查...
frpc 正在运行，跳过重启。
非维护时间，核心服务保持运行。
[2026年 03月 20日 星期五 15:45:01 CST] 启动环境检查...
frpc 正在运行，跳过重启。
非维护时间，核心服务保持运行。
[2026年 03月 20日 星期五 15:50:02 CST] 启动环境检查...
frpc 正在运行，跳过重启。
非维护时间，核心服务保持运行。
[2026年 03月 20日 星期五 15:55:01 CST] 启动环境检查...
frpc 正在运行，跳过重启。
非维护时间，核心服务保持运行。
[2026年 03月 20日 星期五 16:00:01 CST] 启动环境检查...
frpc 正在运行，跳过重启。
非维护时间，核心服务保持运行。
[2026年 03月 20日 星期五 16:05:01 CST] 启动环境检查...
frpc 正在运行，跳过重启。
非维护时间，核心服务保持运行。
[2026年 03月 20日 星期五 16:10:01 CST] 启动环境检查...
frpc 正在运行，跳过重启。
非维护时间，核心服务保持运行。
[2026年 03月 20日 星期五 16:15:01 CST] 启动环境检查...
frpc 正在运行，跳过重启。
非维护时间，核心服务保持运行。
[2026年 03月 20日 星期五 16:20:01 CST] 启动环境检查...
frpc 正在运行，跳过重启。
非维护时间，核心服务保持运行。
[2026年 03月 20日 星期五 16:25:01 CST] 启动环境检查...
frpc 正在运行，跳过重启。
非维护时间，核心服务保持运行。
[2026年 03月 20日 星期五 16:30:01 CST] 启动环境检查...
frpc 正在运行，跳过重启。
非维护时间，核心服务保持运行。
[2026年 03月 20日 星期五 16:35:01 CST] 启动环境检查...
frpc 正在运行，跳过重启。
非维护时间，核心服务保持运行。
[2026年 03月 20日 星期五 16:40:01 CST] 启动环境检查...
frpc 正在运行，跳过重启。
非维护时间，核心服务保持运行。
[2026年 03月 20日 星期五 16:45:01 CST] 启动环境检查...
frpc 正在运行，跳过重启。
非维护时间，核心服务保持运行。
[2026年 03月 20日 星期五 16:50:01 CST] 启动环境检查...
frpc 正在运行，跳过重启。
非维护时间，核心服务保持运行。
[2026年 03月 20日 星期五 16:55:01 CST] 启动环境检查...
frpc 正在运行，跳过重启。
非维护时间，核心服务保持运行。
[2026年 03月 20日 星期五 17:00:01 CST] 启动环境检查...
frpc 正在运行，跳过重启。
非维护时间，核心服务保持运行。
[2026年 03月 20日 星期五 17:05:01 CST] 启动环境检查...
frpc 正在运行，跳过重启。
非维护时间，核心服务保持运行。
[2026年 03月 20日 星期五 17:10:01 CST] 启动环境检查...
frpc 正在运行，跳过重启。
非维护时间，核心服务保持运行。
[2026年 03月 20日 星期五 17:15:01 CST] 启动环境检查...
frpc 正在运行，跳过重启。
非维护时间，核心服务保持运行。
[2026年 03月 20日 星期五 17:20:01 CST] 启动环境检查...
frpc 正在运行，跳过重启。
非维护时间，核心服务保持运行。
[2026年 03月 20日 星期五 17:25:01 CST] 启动环境检查...
frpc 正在运行，跳过重启。
非维护时间，核心服务保持运行。
[2026年 03月 20日 星期五 17:30:01 CST] 启动环境检查...
frpc 正在运行，跳过重启。
非维护时间，核心服务保持运行。
[2026年 03月 20日 星期五 17:35:01 CST] 启动环境检查...
frpc 正在运行，跳过重启。
非维护时间，核心服务保持运行。
[2026年 03月 20日 星期五 17:40:01 CST] 启动环境检查...
frpc 正在运行，跳过重启。
非维护时间，核心服务保持运行。
[2026年 03月 20日 星期五 17:45:01 CST] 启动环境检查...
frpc 正在运行，跳过重启。
非维护时间，核心服务保持运行。
[2026年 03月 20日 星期五 17:50:01 CST] 启动环境检查...
frpc 正在运行，跳过重启。
非维护时间，核心服务保持运行。
[2026年 03月 20日 星期五 17:55:01 CST] 启动环境检查...
frpc 正在运行，跳过重启。
非维护时间，核心服务保持运行。
[2026年 03月 20日 星期五 18:00:01 CST] 启动环境检查...
frpc 正在运行，跳过重启。
非维护时间，核心服务保持运行。
[2026年 03月 20日 星期五 18:05:01 CST] 启动环境检查...
frpc 正在运行，跳过重启。
非维护时间，核心服务保持运行。
[2026年 03月 20日 星期五 18:10:01 CST] 启动环境检查...
frpc 正在运行，跳过重启。
非维护时间，核心服务保持运行。
[2026年 03月 20日 星期五 18:15:01 CST] 启动环境检查...
frpc 正在运行，跳过重启。
非维护时间，核心服务保持运行。
[2026年 03月 20日 星期五 18:20:01 CST] 启动环境检查...
frpc 正在运行，跳过重启。
非维护时间，核心服务保持运行。
[2026年 03月 20日 星期五 18:25:01 CST] 启动环境检查...
frpc 正在运行，跳过重启。
非维护时间，核心服务保持运行。
[2026年 03月 20日 星期五 18:30:01 CST] 启动环境检查...
frpc 正在运行，跳过重启。
非维护时间，核心服务保持运行。
[2026年 03月 20日 星期五 18:35:01 CST] 启动环境检查...
frpc 正在运行，跳过重启。
非维护时间，核心服务保持运行。
[2026年 03月 20日 星期五 18:40:01 CST] 启动环境检查...
frpc 正在运行，跳过重启。
非维护时间，核心服务保持运行。
[2026年 03月 20日 星期五 18:45:01 CST] 启动环境检查...
frpc 正在运行，跳过重启。
非维护时间，核心服务保持运行。
[2026年 03月 20日 星期五 18:50:01 CST] 启动环境检查...
frpc 正在运行，跳过重启。
非维护时间，核心服务保持运行。
[2026年 03月 20日 星期五 18:55:02 CST] 启动环境检查...
frpc 正在运行，跳过重启。
非维护时间，核心服务保持运行。
[2026年 03月 20日 星期五 19:00:01 CST] 启动环境检查...
frpc 正在运行，跳过重启。
非维护时间，核心服务保持运行。
[2026年 03月 20日 星期五 19:05:01 CST] 启动环境检查...
frpc 正在运行，跳过重启。
非维护时间，核心服务保持运行。
[2026年 03月 20日 星期五 19:10:01 CST] 启动环境检查...
frpc 正在运行，跳过重启。
非维护时间，核心服务保持运行。
[2026年 03月 20日 星期五 19:15:01 CST] 启动环境检查...
frpc 正在运行，跳过重启。
非维护时间，核心服务保持运行。
[2026年 03月 20日 星期五 19:20:01 CST] 启动环境检查...
frpc 正在运行，跳过重启。
非维护时间，核心服务保持运行。
[2026年 03月 20日 星期五 19:25:01 CST] 启动环境检查...
frpc 正在运行，跳过重启。
非维护时间，核心服务保持运行。
[2026年 03月 20日 星期五 19:30:01 CST] 启动环境检查...
frpc 正在运行，跳过重启。
非维护时间，核心服务保持运行。
[2026年 03月 20日 星期五 19:35:01 CST] 启动环境检查...
frpc 正在运行，跳过重启。
非维护时间，核心服务保持运行。
[2026年 03月 20日 星期五 19:40:01 CST] 启动环境检查...
frpc 正在运行，跳过重启。
非维护时间，核心服务保持运行。
[2026年 03月 20日 星期五 19:45:01 CST] 启动环境检查...
frpc 正在运行，跳过重启。
非维护时间，核心服务保持运行。
[2026年 03月 20日 星期五 19:50:01 CST] 启动环境检查...
frpc 正在运行，跳过重启。
非维护时间，核心服务保持运行。
[2026年 03月 20日 星期五 19:55:01 CST] 启动环境检查...
frpc 正在运行，跳过重启。
非维护时间，核心服务保持运行。
[2026年 03月 20日 星期五 20:00:01 CST] 启动环境检查...
frpc 正在运行，跳过重启。
非维护时间，核心服务保持运行。
[2026年 03月 20日 星期五 20:05:01 CST] 启动环境检查...
frpc 正在运行，跳过重启。
非维护时间，核心服务保持运行。
[2026年 03月 20日 星期五 20:10:01 CST] 启动环境检查...
frpc 正在运行，跳过重启。
非维护时间，核心服务保持运行。
[2026年 03月 20日 星期五 20:15:01 CST] 启动环境检查...
frpc 正在运行，跳过重启。
非维护时间，核心服务保持运行。
[2026年 03月 20日 星期五 20:20:01 CST] 启动环境检查...
frpc 正在运行，跳过重启。
非维护时间，核心服务保持运行。
[2026年 03月 20日 星期五 20:25:01 CST] 启动环境检查...
frpc 正在运行，跳过重启。
非维护时间，核心服务保持运行。
[2026年 03月 20日 星期五 20:30:01 CST] 启动环境检查...
frpc 正在运行，跳过重启。
非维护时间，核心服务保持运行。
[2026年 03月 20日 星期五 20:35:01 CST] 启动环境检查...
frpc 正在运行，跳过重启。
非维护时间，核心服务保持运行。
[2026年 03月 20日 星期五 20:40:01 CST] 启动环境检查...
frpc 正在运行，跳过重启。
非维护时间，核心服务保持运行。
[2026年 03月 20日 星期五 20:45:01 CST] 启动环境检查...
frpc 正在运行，跳过重启。
非维护时间，核心服务保持运行。
[2026年 03月 20日 星期五 20:50:01 CST] 启动环境检查...
frpc 正在运行，跳过重启。
非维护时间，核心服务保持运行。
[2026年 03月 20日 星期五 20:55:01 CST] 启动环境检查...
frpc 正在运行，跳过重启。
非维护时间，核心服务保持运行。
[2026年 03月 20日 星期五 21:00:01 CST] 启动环境检查...
frpc 正在运行，跳过重启。
非维护时间，核心服务保持运行。
[2026年 03月 20日 星期五 21:05:01 CST] 启动环境检查...
frpc 正在运行，跳过重启。
非维护时间，核心服务保持运行。
[2026年 03月 20日 星期五 21:10:01 CST] 启动环境检查...
frpc 正在运行，跳过重启。
非维护时间，核心服务保持运行。
[2026年 03月 20日 星期五 21:15:01 CST] 启动环境检查...
frpc 正在运行，跳过重启。
非维护时间，核心服务保持运行。
[2026年 03月 20日 星期五 21:20:01 CST] 启动环境检查...
frpc 正在运行，跳过重启。
非维护时间，核心服务保持运行。
[2026年 03月 20日 星期五 21:25:01 CST] 启动环境检查...
frpc 正在运行，跳过重启。
非维护时间，核心服务保持运行。
[2026年 03月 20日 星期五 21:30:01 CST] 启动环境检查...
frpc 正在运行，跳过重启。
非维护时间，核心服务保持运行。
[2026年 03月 20日 星期五 21:35:01 CST] 启动环境检查...
frpc 正在运行，跳过重启。
非维护时间，核心服务保持运行。
[2026年 03月 20日 星期五 21:40:01 CST] 启动环境检查...
frpc 正在运行，跳过重启。
非维护时间，核心服务保持运行。
[2026年 03月 20日 星期五 21:45:01 CST] 启动环境检查...
frpc 正在运行，跳过重启。
非维护时间，核心服务保持运行。
[2026年 03月 20日 星期五 21:50:01 CST] 启动环境检查...
frpc 正在运行，跳过重启。
非维护时间，核心服务保持运行。
[2026年 03月 20日 星期五 21:55:01 CST] 启动环境检查...
frpc 正在运行，跳过重启。
非维护时间，核心服务保持运行。
[2026年 03月 20日 星期五 22:00:01 CST] 启动环境检查...
frpc 正在运行，跳过重启。
非维护时间，核心服务保持运行。
[2026年 03月 20日 星期五 22:05:01 CST] 启动环境检查...
frpc 正在运行，跳过重启。
非维护时间，核心服务保持运行。
[2026年 03月 20日 星期五 22:10:01 CST] 启动环境检查...
frpc 正在运行，跳过重启。
非维护时间，核心服务保持运行。
[2026年 03月 20日 星期五 22:15:01 CST] 启动环境检查...
frpc 正在运行，跳过重启。
非维护时间，核心服务保持运行。
[2026年 03月 20日 星期五 22:20:01 CST] 启动环境检查...
frpc 正在运行，跳过重启。
非维护时间，核心服务保持运行。
[2026年 03月 20日 星期五 22:25:01 CST] 启动环境检查...
frpc 正在运行，跳过重启。
非维护时间，核心服务保持运行。
[2026年 03月 20日 星期五 22:30:01 CST] 启动环境检查...
frpc 正在运行，跳过重启。
非维护时间，核心服务保持运行。
[2026年 03月 20日 星期五 22:35:01 CST] 启动环境检查...
frpc 正在运行，跳过重启。
非维护时间，核心服务保持运行。
[2026年 03月 20日 星期五 22:40:01 CST] 启动环境检查...
frpc 正在运行，跳过重启。
非维护时间，核心服务保持运行。
[2026年 03月 20日 星期五 22:45:01 CST] 启动环境检查...
frpc 正在运行，跳过重启。
非维护时间，核心服务保持运行。
[2026年 03月 20日 星期五 22:50:01 CST] 启动环境检查...
frpc 正在运行，跳过重启。
非维护时间，核心服务保持运行。
[2026年 03月 20日 星期五 22:55:01 CST] 启动环境检查...
frpc 正在运行，跳过重启。
非维护时间，核心服务保持运行。
[2026年 03月 20日 星期五 23:00:01 CST] 启动环境检查...
frpc 正在运行，跳过重启。
非维护时间，核心服务保持运行。
[2026年 03月 20日 星期五 23:05:01 CST] 启动环境检查...
frpc 正在运行，跳过重启。
非维护时间，核心服务保持运行。
[2026年 03月 20日 星期五 23:10:01 CST] 启动环境检查...
frpc 正在运行，跳过重启。
非维护时间，核心服务保持运行。
[2026年 03月 20日 星期五 23:15:01 CST] 启动环境检查...
frpc 正在运行，跳过重启。
非维护时间，核心服务保持运行。
[2026年 03月 20日 星期五 23:20:01 CST] 启动环境检查...
frpc 正在运行，跳过重启。
非维护时间，核心服务保持运行。
[2026年 03月 20日 星期五 23:25:01 CST] 启动环境检查...
frpc 正在运行，跳过重启。
非维护时间，核心服务保持运行。
[2026年 03月 20日 星期五 23:30:01 CST] 启动环境检查...
frpc 正在运行，跳过重启。
非维护时间，核心服务保持运行。
[2026年 03月 20日 星期五 23:35:01 CST] 启动环境检查...
frpc 正在运行，跳过重启。
非维护时间，核心服务保持运行。
[2026年 03月 20日 星期五 23:40:01 CST] 启动环境检查...
frpc 正在运行，跳过重启。
非维护时间，核心服务保持运行。
[2026年 03月 20日 星期五 23:45:01 CST] 启动环境检查...
frpc 正在运行，跳过重启。
非维护时间，核心服务保持运行。
[2026年 03月 20日 星期五 23:50:01 CST] 启动环境检查...
frpc 正在运行，跳过重启。
非维护时间，核心服务保持运行。
[2026年 03月 20日 星期五 23:55:01 CST] 启动环境检查...
frpc 正在运行，跳过重启。
非维护时间，核心服务保持运行。
[2026年 03月 21日 星期六 00:00:01 CST] 启动环境检查...
frpc 正在运行，跳过重启。
非维护时间，核心服务保持运行。
[2026年 03月 21日 星期六 00:05:01 CST] 启动环境检查...
frpc 正在运行，跳过重启。
非维护时间，核心服务保持运行。
[2026年 03月 21日 星期六 00:10:01 CST] 启动环境检查...
frpc 正在运行，跳过重启。
非维护时间，核心服务保持运行。
[2026年 03月 21日 星期六 00:15:01 CST] 启动环境检查...
frpc 正在运行，跳过重启。
非维护时间，核心服务保持运行。
[2026年 03月 21日 星期六 00:20:01 CST] 启动环境检查...
frpc 正在运行，跳过重启。
非维护时间，核心服务保持运行。
[2026年 03月 21日 星期六 00:25:01 CST] 启动环境检查...
frpc 正在运行，跳过重启。
非维护时间，核心服务保持运行。
[2026年 03月 21日 星期六 00:30:01 CST] 启动环境检查...
frpc 正在运行，跳过重启。
非维护时间，核心服务保持运行。
[2026年 03月 21日 星期六 00:35:01 CST] 启动环境检查...
frpc 正在运行，跳过重启。
非维护时间，核心服务保持运行。
[2026年 03月 21日 星期六 00:40:01 CST] 启动环境检查...
frpc 正在运行，跳过重启。
非维护时间，核心服务保持运行。
[2026年 03月 21日 星期六 00:45:01 CST] 启动环境检查...
frpc 正在运行，跳过重启。
非维护时间，核心服务保持运行。
[2026年 03月 21日 星期六 00:50:01 CST] 启动环境检查...
frpc 正在运行，跳过重启。
非维护时间，核心服务保持运行。
[2026年 03月 21日 星期六 00:55:01 CST] 启动环境检查...
frpc 正在运行，跳过重启。
非维护时间，核心服务保持运行。
[2026年 03月 21日 星期六 01:00:01 CST] 启动环境检查...
frpc 正在运行，跳过重启。
非维护时间，核心服务保持运行。
[2026年 03月 21日 星期六 01:05:01 CST] 启动环境检查...
frpc 正在运行，跳过重启。
非维护时间，核心服务保持运行。
[2026年 03月 21日 星期六 01:10:01 CST] 启动环境检查...
frpc 正在运行，跳过重启。
非维护时间，核心服务保持运行。
[2026年 03月 21日 星期六 01:15:01 CST] 启动环境检查...
frpc 正在运行，跳过重启。
非维护时间，核心服务保持运行。
[2026年 03月 21日 星期六 01:20:01 CST] 启动环境检查...
frpc 正在运行，跳过重启。
非维护时间，核心服务保持运行。
[2026年 03月 21日 星期六 01:25:01 CST] 启动环境检查...
frpc 正在运行，跳过重启。
非维护时间，核心服务保持运行。
[2026年 03月 21日 星期六 01:30:01 CST] 启动环境检查...
frpc 正在运行，跳过重启。
非维护时间，核心服务保持运行。
[2026年 03月 21日 星期六 01:35:01 CST] 启动环境检查...
frpc 正在运行，跳过重启。
非维护时间，核心服务保持运行。
[2026年 03月 21日 星期六 01:40:01 CST] 启动环境检查...
frpc 正在运行，跳过重启。
非维护时间，核心服务保持运行。
[2026年 03月 21日 星期六 01:45:01 CST] 启动环境检查...
frpc 正在运行，跳过重启。
非维护时间，核心服务保持运行。
[2026年 03月 21日 星期六 01:50:01 CST] 启动环境检查...
frpc 正在运行，跳过重启。
非维护时间，核心服务保持运行。
[2026年 03月 21日 星期六 01:55:01 CST] 启动环境检查...
frpc 正在运行，跳过重启。
非维护时间，核心服务保持运行。
[2026年 03月 21日 星期六 02:00:01 CST] 启动环境检查...
frpc 正在运行，跳过重启。
非维护时间，核心服务保持运行。
[2026年 03月 21日 星期六 02:05:02 CST] 启动环境检查...
frpc 正在运行，跳过重启。
非维护时间，核心服务保持运行。
[2026年 03月 21日 星期六 02:10:01 CST] 启动环境检查...
frpc 正在运行，跳过重启。
非维护时间，核心服务保持运行。
[2026年 03月 21日 星期六 02:15:01 CST] 启动环境检查...
frpc 正在运行，跳过重启。
非维护时间，核心服务保持运行。
[2026年 03月 21日 星期六 02:20:01 CST] 启动环境检查...
frpc 正在运行，跳过重启。
非维护时间，核心服务保持运行。
[2026年 03月 21日 星期六 02:25:01 CST] 启动环境检查...
frpc 正在运行，跳过重启。
非维护时间，核心服务保持运行。
[2026年 03月 21日 星期六 02:30:01 CST] 启动环境检查...
frpc 正在运行，跳过重启。
非维护时间，核心服务保持运行。
[2026年 03月 21日 星期六 02:35:01 CST] 启动环境检查...
frpc 正在运行，跳过重启。
非维护时间，核心服务保持运行。
[2026年 03月 21日 星期六 02:40:01 CST] 启动环境检查...
frpc 正在运行，跳过重启。
非维护时间，核心服务保持运行。
[2026年 03月 21日 星期六 02:45:01 CST] 启动环境检查...
frpc 正在运行，跳过重启。
非维护时间，核心服务保持运行。
[2026年 03月 21日 星期六 02:50:01 CST] 启动环境检查...
frpc 正在运行，跳过重启。
非维护时间，核心服务保持运行。
[2026年 03月 21日 星期六 02:55:01 CST] 启动环境检查...
frpc 正在运行，跳过重启。
非维护时间，核心服务保持运行。
[2026年 03月 21日 星期六 03:00:01 CST] 启动环境检查...
frpc 正在运行，跳过重启。
触发凌晨 3:00 定时维护，准备重启核心服务...
清理端口 8000 的进程 112426
清理端口 7100 的进程 112427
核心服务已完成每日例行重启。
[2026年 03月 21日 星期六 03:05:01 CST] 启动环境检查...
frpc 正在运行，跳过重启。
触发凌晨 3:00 定时维护，准备重启核心服务...
清理端口 8000 的进程 121858
清理端口 7100 的进程 121859
核心服务已完成每日例行重启。
[2026年 03月 21日 星期六 03:10:01 CST] 启动环境检查...
frpc 正在运行，跳过重启。
触发凌晨 3:00 定时维护，准备重启核心服务...
清理端口 8000 的进程 122571
清理端口 7100 的进程 122570
核心服务已完成每日例行重启。
[2026年 03月 21日 星期六 03:15:01 CST] 启动环境检查...
frpc 正在运行，跳过重启。
触发凌晨 3:00 定时维护，准备重启核心服务...
清理端口 8000 的进程 123312
清理端口 7100 的进程 123281
核心服务已完成每日例行重启。
[2026年 03月 21日 星期六 03:20:01 CST] 启动环境检查...
frpc 正在运行，跳过重启。
触发凌晨 3:00 定时维护，准备重启核心服务...
清理端口 8000 的进程 123987
清理端口 7100 的进程 123988
核心服务已完成每日例行重启。
[2026年 03月 21日 星期六 03:25:01 CST] 启动环境检查...
frpc 正在运行，跳过重启。
触发凌晨 3:00 定时维护，准备重启核心服务...
清理端口 8000 的进程 124697
清理端口 7100 的进程 124696
核心服务已完成每日例行重启。
[2026年 03月 21日 星期六 03:30:01 CST] 启动环境检查...
frpc 正在运行，跳过重启。
触发凌晨 3:00 定时维护，准备重启核心服务...
清理端口 8000 的进程 125407
清理端口 7100 的进程 125406
核心服务已完成每日例行重启。
[2026年 03月 21日 星期六 03:35:01 CST] 启动环境检查...
frpc 正在运行，跳过重启。
触发凌晨 3:00 定时维护，准备重启核心服务...
清理端口 8000 的进程 126145
清理端口 7100 的进程 126114
核心服务已完成每日例行重启。
[2026年 03月 21日 星期六 03:40:01 CST] 启动环境检查...
frpc 正在运行，跳过重启。
触发凌晨 3:00 定时维护，准备重启核心服务...
清理端口 8000 的进程 126825
清理端口 7100 的进程 126824
核心服务已完成每日例行重启。
[2026年 03月 21日 星期六 03:45:01 CST] 启动环境检查...
frpc 正在运行，跳过重启。
触发凌晨 3:00 定时维护，准备重启核心服务...
清理端口 8000 的进程 127530
清理端口 7100 的进程 127529
核心服务已完成每日例行重启。
[2026年 03月 21日 星期六 03:50:01 CST] 启动环境检查...
frpc 正在运行，跳过重启。
触发凌晨 3:00 定时维护，准备重启核心服务...
清理端口 8000 的进程 128270
清理端口 7100 的进程 128269
核心服务已完成每日例行重启。
[2026年 03月 21日 星期六 03:55:01 CST] 启动环境检查...
frpc 正在运行，跳过重启。
触发凌晨 3:00 定时维护，准备重启核心服务...
清理端口 8000 的进程 128952
清理端口 7100 的进程 128953
核心服务已完成每日例行重启。
[2026年 03月 21日 星期六 04:00:01 CST] 启动环境检查...
frpc 正在运行，跳过重启。
非维护时间，核心服务保持运行。
[2026年 03月 21日 星期六 04:05:01 CST] 启动环境检查...
frpc 正在运行，跳过重启。
非维护时间，核心服务保持运行。
[2026年 03月 21日 星期六 04:10:01 CST] 启动环境检查...
frpc 正在运行，跳过重启。
非维护时间，核心服务保持运行。
[2026年 03月 21日 星期六 04:15:01 CST] 启动环境检查...
frpc 正在运行，跳过重启。
非维护时间，核心服务保持运行。
[2026年 03月 21日 星期六 04:20:01 CST] 启动环境检查...
frpc 正在运行，跳过重启。
非维护时间，核心服务保持运行。
[2026年 03月 21日 星期六 04:25:01 CST] 启动环境检查...
frpc 正在运行，跳过重启。
非维护时间，核心服务保持运行。
[2026年 03月 21日 星期六 04:30:01 CST] 启动环境检查...
frpc 正在运行，跳过重启。
非维护时间，核心服务保持运行。
[2026年 03月 21日 星期六 04:35:01 CST] 启动环境检查...
frpc 正在运行，跳过重启。
非维护时间，核心服务保持运行。
[2026年 03月 21日 星期六 04:40:01 CST] 启动环境检查...
frpc 正在运行，跳过重启。
非维护时间，核心服务保持运行。
[2026年 03月 21日 星期六 04:45:01 CST] 启动环境检查...
frpc 正在运行，跳过重启。
非维护时间，核心服务保持运行。
[2026年 03月 21日 星期六 04:50:01 CST] 启动环境检查...
frpc 正在运行，跳过重启。
非维护时间，核心服务保持运行。
[2026年 03月 21日 星期六 04:55:01 CST] 启动环境检查...
frpc 正在运行，跳过重启。
非维护时间，核心服务保持运行。
[2026年 03月 21日 星期六 05:00:01 CST] 启动环境检查...
frpc 正在运行，跳过重启。
非维护时间，核心服务保持运行。
[2026年 03月 21日 星期六 05:05:01 CST] 启动环境检查...
frpc 正在运行，跳过重启。
非维护时间，核心服务保持运行。
[2026年 03月 21日 星期六 05:10:01 CST] 启动环境检查...
frpc 正在运行，跳过重启。
非维护时间，核心服务保持运行。
[2026年 03月 21日 星期六 05:15:01 CST] 启动环境检查...
frpc 正在运行，跳过重启。
非维护时间，核心服务保持运行。
[2026年 03月 21日 星期六 05:20:02 CST] 启动环境检查...
frpc 正在运行，跳过重启。
非维护时间，核心服务保持运行。
[2026年 03月 21日 星期六 05:25:01 CST] 启动环境检查...
frpc 正在运行，跳过重启。
非维护时间，核心服务保持运行。
[2026年 03月 21日 星期六 05:30:01 CST] 启动环境检查...
frpc 正在运行，跳过重启。
非维护时间，核心服务保持运行。
[2026年 03月 21日 星期六 05:35:01 CST] 启动环境检查...
frpc 正在运行，跳过重启。
非维护时间，核心服务保持运行。
[2026年 03月 21日 星期六 05:40:01 CST] 启动环境检查...
frpc 正在运行，跳过重启。
非维护时间，核心服务保持运行。
[2026年 03月 21日 星期六 05:45:01 CST] 启动环境检查...
frpc 正在运行，跳过重启。
非维护时间，核心服务保持运行。
[2026年 03月 21日 星期六 05:50:01 CST] 启动环境检查...
frpc 正在运行，跳过重启。
非维护时间，核心服务保持运行。
[2026年 03月 21日 星期六 05:55:01 CST] 启动环境检查...
frpc 正在运行，跳过重启。
非维护时间，核心服务保持运行。
[2026年 03月 21日 星期六 06:00:01 CST] 启动环境检查...
frpc 正在运行，跳过重启。
非维护时间，核心服务保持运行。
[2026年 03月 21日 星期六 06:05:01 CST] 启动环境检查...
frpc 正在运行，跳过重启。
非维护时间，核心服务保持运行。
[2026年 03月 21日 星期六 06:10:01 CST] 启动环境检查...
frpc 正在运行，跳过重启。
非维护时间，核心服务保持运行。
[2026年 03月 21日 星期六 06:15:01 CST] 启动环境检查...
frpc 正在运行，跳过重启。
非维护时间，核心服务保持运行。
[2026年 03月 21日 星期六 06:20:02 CST] 启动环境检查...
frpc 正在运行，跳过重启。
非维护时间，核心服务保持运行。
[2026年 03月 21日 星期六 06:25:01 CST] 启动环境检查...
frpc 正在运行，跳过重启。
非维护时间，核心服务保持运行。
[2026年 03月 21日 星期六 06:30:01 CST] 启动环境检查...
frpc 正在运行，跳过重启。
非维护时间，核心服务保持运行。
[2026年 03月 21日 星期六 06:35:01 CST] 启动环境检查...
frpc 正在运行，跳过重启。
非维护时间，核心服务保持运行。
[2026年 03月 21日 星期六 06:40:01 CST] 启动环境检查...
frpc 正在运行，跳过重启。
非维护时间，核心服务保持运行。
[2026年 03月 21日 星期六 06:45:01 CST] 启动环境检查...
frpc 正在运行，跳过重启。
非维护时间，核心服务保持运行。
[2026年 03月 21日 星期六 06:50:01 CST] 启动环境检查...
frpc 正在运行，跳过重启。
非维护时间，核心服务保持运行。
[2026年 03月 21日 星期六 06:55:01 CST] 启动环境检查...
frpc 正在运行，跳过重启。
非维护时间，核心服务保持运行。
[2026年 03月 21日 星期六 07:00:01 CST] 启动环境检查...
frpc 正在运行，跳过重启。
非维护时间，核心服务保持运行。
[2026年 03月 21日 星期六 07:05:01 CST] 启动环境检查...
frpc 正在运行，跳过重启。
非维护时间，核心服务保持运行。
[2026年 03月 21日 星期六 07:10:01 CST] 启动环境检查...
frpc 正在运行，跳过重启。
非维护时间，核心服务保持运行。
[2026年 03月 21日 星期六 07:15:01 CST] 启动环境检查...
frpc 正在运行，跳过重启。
非维护时间，核心服务保持运行。
[2026年 03月 21日 星期六 07:20:02 CST] 启动环境检查...
frpc 正在运行，跳过重启。
非维护时间，核心服务保持运行。
[2026年 03月 21日 星期六 07:25:01 CST] 启动环境检查...
frpc 正在运行，跳过重启。
非维护时间，核心服务保持运行。
[2026年 03月 21日 星期六 07:30:01 CST] 启动环境检查...
frpc 正在运行，跳过重启。
非维护时间，核心服务保持运行。
[2026年 03月 21日 星期六 07:35:01 CST] 启动环境检查...
frpc 正在运行，跳过重启。
非维护时间，核心服务保持运行。
[2026年 03月 21日 星期六 07:40:01 CST] 启动环境检查...
frpc 正在运行，跳过重启。
非维护时间，核心服务保持运行。
[2026年 03月 21日 星期六 07:45:01 CST] 启动环境检查...
frpc 正在运行，跳过重启。
非维护时间，核心服务保持运行。
[2026年 03月 21日 星期六 07:50:01 CST] 启动环境检查...
frpc 正在运行，跳过重启。
非维护时间，核心服务保持运行。
[2026年 03月 21日 星期六 07:55:01 CST] 启动环境检查...
frpc 正在运行，跳过重启。
非维护时间，核心服务保持运行。
[2026年 03月 21日 星期六 08:00:01 CST] 启动环境检查...
frpc 正在运行，跳过重启。
非维护时间，核心服务保持运行。
[2026年 03月 21日 星期六 08:05:01 CST] 启动环境检查...
frpc 正在运行，跳过重启。
非维护时间，核心服务保持运行。
[2026年 03月 21日 星期六 08:10:01 CST] 启动环境检查...
frpc 正在运行，跳过重启。
非维护时间，核心服务保持运行。
[2026年 03月 21日 星期六 08:15:01 CST] 启动环境检查...
frpc 正在运行，跳过重启。
非维护时间，核心服务保持运行。
[2026年 03月 21日 星期六 08:20:01 CST] 启动环境检查...
frpc 正在运行，跳过重启。
非维护时间，核心服务保持运行。
[2026年 03月 21日 星期六 08:25:01 CST] 启动环境检查...
frpc 正在运行，跳过重启。
非维护时间，核心服务保持运行。
[2026年 03月 21日 星期六 08:30:01 CST] 启动环境检查...
frpc 正在运行，跳过重启。
非维护时间，核心服务保持运行。
[2026年 03月 21日 星期六 08:35:01 CST] 启动环境检查...
frpc 正在运行，跳过重启。
非维护时间，核心服务保持运行。
[2026年 03月 21日 星期六 08:40:01 CST] 启动环境检查...
frpc 正在运行，跳过重启。
非维护时间，核心服务保持运行。
[2026年 03月 21日 星期六 08:45:01 CST] 启动环境检查...
frpc 正在运行，跳过重启。
非维护时间，核心服务保持运行。
[2026年 03月 21日 星期六 08:50:01 CST] 启动环境检查...
frpc 正在运行，跳过重启。
非维护时间，核心服务保持运行。
[2026年 03月 21日 星期六 08:55:01 CST] 启动环境检查...
frpc 正在运行，跳过重启。
非维护时间，核心服务保持运行。
[2026年 03月 21日 星期六 09:00:01 CST] 启动环境检查...
frpc 正在运行，跳过重启。
非维护时间，核心服务保持运行。
[2026年 03月 21日 星期六 09:05:01 CST] 启动环境检查...
frpc 正在运行，跳过重启。
非维护时间，核心服务保持运行。
[2026年 03月 21日 星期六 09:10:01 CST] 启动环境检查...
frpc 正在运行，跳过重启。
非维护时间，核心服务保持运行。
[2026年 03月 21日 星期六 09:15:01 CST] 启动环境检查...
frpc 正在运行，跳过重启。
非维护时间，核心服务保持运行。
[2026年 03月 21日 星期六 09:20:01 CST] 启动环境检查...
frpc 正在运行，跳过重启。
非维护时间，核心服务保持运行。
[2026年 03月 21日 星期六 09:25:01 CST] 启动环境检查...
frpc 正在运行，跳过重启。
非维护时间，核心服务保持运行。
[2026年 03月 21日 星期六 09:30:01 CST] 启动环境检查...
frpc 正在运行，跳过重启。
非维护时间，核心服务保持运行。
[2026年 03月 21日 星期六 09:35:01 CST] 启动环境检查...
frpc 正在运行，跳过重启。
非维护时间，核心服务保持运行。
[2026年 03月 21日 星期六 09:40:01 CST] 启动环境检查...
frpc 正在运行，跳过重启。
非维护时间，核心服务保持运行。
[2026年 03月 21日 星期六 09:45:01 CST] 启动环境检查...
frpc 正在运行，跳过重启。
非维护时间，核心服务保持运行。
[2026年 03月 21日 星期六 09:50:01 CST] 启动环境检查...
frpc 正在运行，跳过重启。
非维护时间，核心服务保持运行。
[2026年 03月 21日 星期六 09:55:01 CST] 启动环境检查...
frpc 正在运行，跳过重启。
非维护时间，核心服务保持运行。
[2026年 03月 21日 星期六 10:00:01 CST] 启动环境检查...
frpc 正在运行，跳过重启。
非维护时间，核心服务保持运行。
[2026年 03月 21日 星期六 10:05:01 CST] 启动环境检查...
frpc 正在运行，跳过重启。
非维护时间，核心服务保持运行。
[2026年 03月 21日 星期六 10:10:01 CST] 启动环境检查...
frpc 正在运行，跳过重启。
非维护时间，核心服务保持运行。
[2026年 03月 21日 星期六 10:15:01 CST] 启动环境检查...
frpc 正在运行，跳过重启。
非维护时间，核心服务保持运行。
[2026年 03月 21日 星期六 10:20:01 CST] 启动环境检查...
frpc 正在运行，跳过重启。
非维护时间，核心服务保持运行。
[2026年 03月 21日 星期六 10:25:01 CST] 启动环境检查...
frpc 正在运行，跳过重启。
非维护时间，核心服务保持运行。
[2026年 03月 21日 星期六 10:30:01 CST] 启动环境检查...
frpc 正在运行，跳过重启。
非维护时间，核心服务保持运行。
[2026年 03月 21日 星期六 10:35:01 CST] 启动环境检查...
frpc 正在运行，跳过重启。
非维护时间，核心服务保持运行。
[2026年 03月 21日 星期六 10:40:01 CST] 启动环境检查...
frpc 正在运行，跳过重启。
非维护时间，核心服务保持运行。
[2026年 03月 21日 星期六 10:45:01 CST] 启动环境检查...
frpc 正在运行，跳过重启。
非维护时间，核心服务保持运行。
[2026年 03月 21日 星期六 10:50:01 CST] 启动环境检查...
frpc 正在运行，跳过重启。
非维护时间，核心服务保持运行。
[2026年 03月 21日 星期六 10:55:01 CST] 启动环境检查...
frpc 正在运行，跳过重启。
非维护时间，核心服务保持运行。
[2026年 03月 21日 星期六 11:00:01 CST] 启动环境检查...
frpc 正在运行，跳过重启。
非维护时间，核心服务保持运行。
[2026年 03月 21日 星期六 11:05:01 CST] 启动环境检查...
frpc 正在运行，跳过重启。
非维护时间，核心服务保持运行。
[2026年 03月 21日 星期六 11:10:01 CST] 启动环境检查...
frpc 正在运行，跳过重启。
非维护时间，核心服务保持运行。
[2026年 03月 21日 星期六 11:15:01 CST] 启动环境检查...
frpc 正在运行，跳过重启。
非维护时间，核心服务保持运行。
[2026年 03月 21日 星期六 11:20:01 CST] 启动环境检查...
frpc 正在运行，跳过重启。
非维护时间，核心服务保持运行。
[2026年 03月 21日 星期六 11:25:01 CST] 启动环境检查...
frpc 正在运行，跳过重启。
非维护时间，核心服务保持运行。
[2026年 03月 21日 星期六 11:30:01 CST] 启动环境检查...
frpc 正在运行，跳过重启。
非维护时间，核心服务保持运行。
[2026年 03月 21日 星期六 11:35:01 CST] 启动环境检查...
frpc 正在运行，跳过重启。
非维护时间，核心服务保持运行。
[2026年 03月 21日 星期六 11:40:01 CST] 启动环境检查...
frpc 正在运行，跳过重启。
非维护时间，核心服务保持运行。
[2026年 03月 21日 星期六 11:45:01 CST] 启动环境检查...
frpc 正在运行，跳过重启。
非维护时间，核心服务保持运行。
[2026年 03月 21日 星期六 11:50:01 CST] 启动环境检查...
frpc 正在运行，跳过重启。
非维护时间，核心服务保持运行。
[2026年 03月 21日 星期六 11:55:01 CST] 启动环境检查...
frpc 正在运行，跳过重启。
非维护时间，核心服务保持运行。
[2026年 03月 21日 星期六 12:00:01 CST] 启动环境检查...
frpc 正在运行，跳过重启。
非维护时间，核心服务保持运行。
[2026年 03月 21日 星期六 12:05:01 CST] 启动环境检查...
frpc 正在运行，跳过重启。
非维护时间，核心服务保持运行。
[2026年 03月 21日 星期六 12:10:01 CST] 启动环境检查...
frpc 正在运行，跳过重启。
非维护时间，核心服务保持运行。
[2026年 03月 21日 星期六 12:15:01 CST] 启动环境检查...
frpc 正在运行，跳过重启。
非维护时间，核心服务保持运行。
[2026年 03月 21日 星期六 12:20:01 CST] 启动环境检查...
frpc 正在运行，跳过重启。
非维护时间，核心服务保持运行。
[2026年 03月 21日 星期六 12:25:01 CST] 启动环境检查...
frpc 正在运行，跳过重启。
非维护时间，核心服务保持运行。
[2026年 03月 21日 星期六 12:30:01 CST] 启动环境检查...
frpc 正在运行，跳过重启。
非维护时间，核心服务保持运行。
[2026年 03月 21日 星期六 12:35:01 CST] 启动环境检查...
frpc 正在运行，跳过重启。
非维护时间，核心服务保持运行。
[2026年 03月 21日 星期六 12:40:01 CST] 启动环境检查...
frpc 正在运行，跳过重启。
非维护时间，核心服务保持运行。
[2026年 03月 21日 星期六 12:45:01 CST] 启动环境检查...
frpc 正在运行，跳过重启。
非维护时间，核心服务保持运行。
[2026年 03月 21日 星期六 12:50:01 CST] 启动环境检查...
frpc 正在运行，跳过重启。
非维护时间，核心服务保持运行。
[2026年 03月 21日 星期六 12:55:01 CST] 启动环境检查...
frpc 正在运行，跳过重启。
非维护时间，核心服务保持运行。
[2026年 03月 21日 星期六 13:00:01 CST] 启动环境检查...
frpc 正在运行，跳过重启。
非维护时间，核心服务保持运行。
[2026年 03月 21日 星期六 13:05:01 CST] 启动环境检查...
frpc 正在运行，跳过重启。
非维护时间，核心服务保持运行。
[2026年 03月 21日 星期六 13:10:01 CST] 启动环境检查...
frpc 正在运行，跳过重启。
非维护时间，核心服务保持运行。
[2026年 03月 21日 星期六 13:15:01 CST] 启动环境检查...
frpc 正在运行，跳过重启。
非维护时间，核心服务保持运行。
[2026年 03月 21日 星期六 13:20:01 CST] 启动环境检查...
frpc 正在运行，跳过重启。
非维护时间，核心服务保持运行。
[2026年 03月 21日 星期六 13:25:01 CST] 启动环境检查...
frpc 正在运行，跳过重启。
非维护时间，核心服务保持运行。
[2026年 03月 21日 星期六 13:30:01 CST] 启动环境检查...
frpc 正在运行，跳过重启。
非维护时间，核心服务保持运行。
[2026年 03月 21日 星期六 13:35:01 CST] 启动环境检查...
frpc 正在运行，跳过重启。
非维护时间，核心服务保持运行。
[2026年 03月 21日 星期六 13:40:01 CST] 启动环境检查...
frpc 正在运行，跳过重启。
非维护时间，核心服务保持运行。
[2026年 03月 21日 星期六 13:45:01 CST] 启动环境检查...
frpc 正在运行，跳过重启。
非维护时间，核心服务保持运行。
[2026年 03月 21日 星期六 13:50:01 CST] 启动环境检查...
frpc 正在运行，跳过重启。
非维护时间，核心服务保持运行。
[2026年 03月 21日 星期六 13:55:01 CST] 启动环境检查...
frpc 正在运行，跳过重启。
非维护时间，核心服务保持运行。
[2026年 03月 21日 星期六 14:00:01 CST] 启动环境检查...
frpc 正在运行，跳过重启。
非维护时间，核心服务保持运行。
[2026年 03月 21日 星期六 14:05:01 CST] 启动环境检查...
frpc 正在运行，跳过重启。
非维护时间，核心服务保持运行。
[2026年 03月 21日 星期六 14:10:01 CST] 启动环境检查...
frpc 正在运行，跳过重启。
非维护时间，核心服务保持运行。
[2026年 03月 21日 星期六 14:15:01 CST] 启动环境检查...
frpc 正在运行，跳过重启。
非维护时间，核心服务保持运行。
[2026年 03月 21日 星期六 14:20:01 CST] 启动环境检查...
frpc 正在运行，跳过重启。
非维护时间，核心服务保持运行。
[2026年 03月 21日 星期六 14:25:01 CST] 启动环境检查...
frpc 正在运行，跳过重启。
非维护时间，核心服务保持运行。
[2026年 03月 21日 星期六 14:30:01 CST] 启动环境检查...
frpc 正在运行，跳过重启。
非维护时间，核心服务保持运行。
[2026年 03月 21日 星期六 14:35:01 CST] 启动环境检查...
frpc 正在运行，跳过重启。
非维护时间，核心服务保持运行。
[2026年 03月 21日 星期六 14:40:01 CST] 启动环境检查...
frpc 正在运行，跳过重启。
非维护时间，核心服务保持运行。
[2026年 03月 21日 星期六 14:45:01 CST] 启动环境检查...
frpc 正在运行，跳过重启。
非维护时间，核心服务保持运行。
[2026年 03月 21日 星期六 14:50:01 CST] 启动环境检查...
frpc 正在运行，跳过重启。
非维护时间，核心服务保持运行。
[2026年 03月 21日 星期六 14:55:01 CST] 启动环境检查...
frpc 正在运行，跳过重启。
非维护时间，核心服务保持运行。
[2026年 03月 21日 星期六 15:00:01 CST] 启动环境检查...
frpc 正在运行，跳过重启。
非维护时间，核心服务保持运行。
[2026年 03月 21日 星期六 15:05:01 CST] 启动环境检查...
frpc 正在运行，跳过重启。
非维护时间，核心服务保持运行。
[2026年 03月 21日 星期六 15:10:01 CST] 启动环境检查...
frpc 正在运行，跳过重启。
非维护时间，核心服务保持运行。
[2026年 03月 21日 星期六 15:15:01 CST] 启动环境检查...
frpc 正在运行，跳过重启。
非维护时间，核心服务保持运行。
[2026年 03月 21日 星期六 15:20:01 CST] 启动环境检查...
frpc 正在运行，跳过重启。
非维护时间，核心服务保持运行。
[2026年 03月 21日 星期六 15:25:01 CST] 启动环境检查...
frpc 正在运行，跳过重启。
非维护时间，核心服务保持运行。
[2026年 03月 21日 星期六 15:30:01 CST] 启动环境检查...
frpc 正在运行，跳过重启。
非维护时间，核心服务保持运行。
[2026年 03月 21日 星期六 15:35:01 CST] 启动环境检查...
frpc 正在运行，跳过重启。
非维护时间，核心服务保持运行。
[2026年 03月 21日 星期六 15:40:01 CST] 启动环境检查...
frpc 正在运行，跳过重启。
非维护时间，核心服务保持运行。
[2026年 03月 21日 星期六 15:45:01 CST] 启动环境检查...
frpc 正在运行，跳过重启。
非维护时间，核心服务保持运行。
[2026年 03月 21日 星期六 15:50:01 CST] 启动环境检查...
frpc 正在运行，跳过重启。
非维护时间，核心服务保持运行。
[2026年 03月 21日 星期六 15:55:01 CST] 启动环境检查...
frpc 正在运行，跳过重启。
非维护时间，核心服务保持运行。
[2026年 03月 21日 星期六 16:00:01 CST] 启动环境检查...
frpc 正在运行，跳过重启。
非维护时间，核心服务保持运行。
[2026年 03月 21日 星期六 16:05:01 CST] 启动环境检查...
frpc 正在运行，跳过重启。
非维护时间，核心服务保持运行。
[2026年 03月 21日 星期六 16:10:01 CST] 启动环境检查...
frpc 正在运行，跳过重启。
非维护时间，核心服务保持运行。
[2026年 03月 21日 星期六 16:15:01 CST] 启动环境检查...
frpc 正在运行，跳过重启。
非维护时间，核心服务保持运行。
[2026年 03月 21日 星期六 16:20:01 CST] 启动环境检查...
frpc 正在运行，跳过重启。
非维护时间，核心服务保持运行。
[2026年 03月 21日 星期六 16:25:01 CST] 启动环境检查...
frpc 正在运行，跳过重启。
非维护时间，核心服务保持运行。
[2026年 03月 21日 星期六 16:30:01 CST] 启动环境检查...
frpc 正在运行，跳过重启。
非维护时间，核心服务保持运行。
[2026年 03月 21日 星期六 16:35:01 CST] 启动环境检查...
frpc 正在运行，跳过重启。
非维护时间，核心服务保持运行。
[2026年 03月 21日 星期六 16:40:01 CST] 启动环境检查...
frpc 正在运行，跳过重启。
非维护时间，核心服务保持运行。
[2026年 03月 21日 星期六 16:45:01 CST] 启动环境检查...
frpc 正在运行，跳过重启。
非维护时间，核心服务保持运行。
[2026年 03月 21日 星期六 16:50:01 CST] 启动环境检查...
frpc 正在运行，跳过重启。
非维护时间，核心服务保持运行。
[2026年 03月 21日 星期六 16:55:01 CST] 启动环境检查...
frpc 正在运行，跳过重启。
非维护时间，核心服务保持运行。
[2026年 03月 21日 星期六 17:00:01 CST] 启动环境检查...
frpc 正在运行，跳过重启。
非维护时间，核心服务保持运行。
[2026年 03月 21日 星期六 17:05:01 CST] 启动环境检查...
frpc 正在运行，跳过重启。
非维护时间，核心服务保持运行。
[2026年 03月 21日 星期六 17:10:01 CST] 启动环境检查...
frpc 正在运行，跳过重启。
非维护时间，核心服务保持运行。
[2026年 03月 21日 星期六 17:15:01 CST] 启动环境检查...
frpc 正在运行，跳过重启。
非维护时间，核心服务保持运行。
[2026年 03月 21日 星期六 17:20:01 CST] 启动环境检查...
frpc 正在运行，跳过重启。
非维护时间，核心服务保持运行。
[2026年 03月 21日 星期六 17:25:01 CST] 启动环境检查...
frpc 正在运行，跳过重启。
非维护时间，核心服务保持运行。
[2026年 03月 21日 星期六 17:30:01 CST] 启动环境检查...
frpc 正在运行，跳过重启。
非维护时间，核心服务保持运行。
[2026年 03月 21日 星期六 17:35:01 CST] 启动环境检查...
frpc 正在运行，跳过重启。
非维护时间，核心服务保持运行。
[2026年 03月 21日 星期六 17:40:01 CST] 启动环境检查...
frpc 正在运行，跳过重启。
非维护时间，核心服务保持运行。
[2026年 03月 21日 星期六 17:45:01 CST] 启动环境检查...
frpc 正在运行，跳过重启。
非维护时间，核心服务保持运行。
[2026年 03月 21日 星期六 17:50:01 CST] 启动环境检查...
frpc 正在运行，跳过重启。
非维护时间，核心服务保持运行。
[2026年 03月 21日 星期六 17:55:01 CST] 启动环境检查...
frpc 正在运行，跳过重启。
非维护时间，核心服务保持运行。
[2026年 03月 21日 星期六 18:00:01 CST] 启动环境检查...
frpc 正在运行，跳过重启。
非维护时间，核心服务保持运行。
[2026年 03月 21日 星期六 18:05:01 CST] 启动环境检查...
frpc 正在运行，跳过重启。
非维护时间，核心服务保持运行。
[2026年 03月 21日 星期六 18:10:01 CST] 启动环境检查...
frpc 正在运行，跳过重启。
非维护时间，核心服务保持运行。
[2026年 03月 21日 星期六 18:15:01 CST] 启动环境检查...
frpc 正在运行，跳过重启。
非维护时间，核心服务保持运行。
[2026年 03月 21日 星期六 18:20:01 CST] 启动环境检查...
frpc 正在运行，跳过重启。
非维护时间，核心服务保持运行。
[2026年 03月 21日 星期六 18:25:01 CST] 启动环境检查...
frpc 正在运行，跳过重启。
非维护时间，核心服务保持运行。
[2026年 03月 21日 星期六 18:30:01 CST] 启动环境检查...
frpc 正在运行，跳过重启。
非维护时间，核心服务保持运行。
[2026年 03月 21日 星期六 18:35:01 CST] 启动环境检查...
frpc 正在运行，跳过重启。
非维护时间，核心服务保持运行。
[2026年 03月 21日 星期六 18:40:01 CST] 启动环境检查...
frpc 正在运行，跳过重启。
非维护时间，核心服务保持运行。
[2026年 03月 21日 星期六 18:45:01 CST] 启动环境检查...
frpc 正在运行，跳过重启。
非维护时间，核心服务保持运行。
[2026年 03月 21日 星期六 18:50:01 CST] 启动环境检查...
frpc 正在运行，跳过重启。
非维护时间，核心服务保持运行。
[2026年 03月 21日 星期六 18:55:01 CST] 启动环境检查...
frpc 正在运行，跳过重启。
非维护时间，核心服务保持运行。
[2026年 03月 21日 星期六 19:00:01 CST] 启动环境检查...
frpc 正在运行，跳过重启。
非维护时间，核心服务保持运行。
[2026年 03月 21日 星期六 19:05:01 CST] 启动环境检查...
frpc 正在运行，跳过重启。
非维护时间，核心服务保持运行。
[2026年 03月 21日 星期六 19:10:01 CST] 启动环境检查...
frpc 正在运行，跳过重启。
非维护时间，核心服务保持运行。
[2026年 03月 21日 星期六 19:15:01 CST] 启动环境检查...
frpc 正在运行，跳过重启。
非维护时间，核心服务保持运行。
[2026年 03月 21日 星期六 19:20:01 CST] 启动环境检查...
frpc 正在运行，跳过重启。
非维护时间，核心服务保持运行。
[2026年 03月 21日 星期六 19:25:01 CST] 启动环境检查...
frpc 正在运行，跳过重启。
非维护时间，核心服务保持运行。
[2026年 03月 21日 星期六 19:30:01 CST] 启动环境检查...
frpc 正在运行，跳过重启。
非维护时间，核心服务保持运行。
[2026年 03月 21日 星期六 19:35:02 CST] 启动环境检查...
frpc 正在运行，跳过重启。
非维护时间，核心服务保持运行。
[2026年 03月 21日 星期六 19:40:01 CST] 启动环境检查...
frpc 正在运行，跳过重启。
非维护时间，核心服务保持运行。
[2026年 03月 21日 星期六 19:45:01 CST] 启动环境检查...
frpc 正在运行，跳过重启。
非维护时间，核心服务保持运行。
[2026年 03月 21日 星期六 19:50:01 CST] 启动环境检查...
frpc 正在运行，跳过重启。
非维护时间，核心服务保持运行。
[2026年 03月 21日 星期六 19:55:01 CST] 启动环境检查...
frpc 正在运行，跳过重启。
非维护时间，核心服务保持运行。
[2026年 03月 21日 星期六 20:00:01 CST] 启动环境检查...
frpc 正在运行，跳过重启。
非维护时间，核心服务保持运行。
[2026年 03月 21日 星期六 20:05:01 CST] 启动环境检查...
frpc 正在运行，跳过重启。
非维护时间，核心服务保持运行。
[2026年 03月 21日 星期六 20:10:01 CST] 启动环境检查...
frpc 正在运行，跳过重启。
非维护时间，核心服务保持运行。
[2026年 03月 21日 星期六 20:15:01 CST] 启动环境检查...
frpc 正在运行，跳过重启。
非维护时间，核心服务保持运行。
[2026年 03月 21日 星期六 20:20:01 CST] 启动环境检查...
frpc 正在运行，跳过重启。
非维护时间，核心服务保持运行。
[2026年 03月 21日 星期六 20:25:01 CST] 启动环境检查...
frpc 正在运行，跳过重启。
非维护时间，核心服务保持运行。
[2026年 03月 21日 星期六 20:30:01 CST] 启动环境检查...
frpc 正在运行，跳过重启。
非维护时间，核心服务保持运行。
[2026年 03月 21日 星期六 20:35:01 CST] 启动环境检查...
frpc 正在运行，跳过重启。
非维护时间，核心服务保持运行。
[2026年 03月 21日 星期六 20:40:01 CST] 启动环境检查...
frpc 正在运行，跳过重启。
非维护时间，核心服务保持运行。
[2026年 03月 21日 星期六 20:45:01 CST] 启动环境检查...
frpc 正在运行，跳过重启。
非维护时间，核心服务保持运行。
[2026年 03月 21日 星期六 20:50:01 CST] 启动环境检查...
frpc 正在运行，跳过重启。
非维护时间，核心服务保持运行。
[2026年 03月 21日 星期六 20:55:01 CST] 启动环境检查...
frpc 正在运行，跳过重启。
非维护时间，核心服务保持运行。
[2026年 03月 21日 星期六 21:00:01 CST] 启动环境检查...
frpc 正在运行，跳过重启。
非维护时间，核心服务保持运行。
[2026年 03月 21日 星期六 21:05:01 CST] 启动环境检查...
frpc 正在运行，跳过重启。
非维护时间，核心服务保持运行。
[2026年 03月 21日 星期六 21:10:01 CST] 启动环境检查...
frpc 正在运行，跳过重启。
非维护时间，核心服务保持运行。
[2026年 03月 21日 星期六 21:15:01 CST] 启动环境检查...
frpc 正在运行，跳过重启。
非维护时间，核心服务保持运行。
[2026年 03月 21日 星期六 21:20:01 CST] 启动环境检查...
frpc 正在运行，跳过重启。
非维护时间，核心服务保持运行。
[2026年 03月 21日 星期六 21:25:01 CST] 启动环境检查...
frpc 正在运行，跳过重启。
非维护时间，核心服务保持运行。
[2026年 03月 21日 星期六 21:30:01 CST] 启动环境检查...
frpc 正在运行，跳过重启。
非维护时间，核心服务保持运行。
[2026年 03月 21日 星期六 21:35:01 CST] 启动环境检查...
frpc 正在运行，跳过重启。
非维护时间，核心服务保持运行。
[2026年 03月 21日 星期六 21:40:01 CST] 启动环境检查...
frpc 正在运行，跳过重启。
非维护时间，核心服务保持运行。
[2026年 03月 21日 星期六 21:45:01 CST] 启动环境检查...
frpc 正在运行，跳过重启。
非维护时间，核心服务保持运行。
[2026年 03月 21日 星期六 21:50:01 CST] 启动环境检查...
frpc 正在运行，跳过重启。
非维护时间，核心服务保持运行。
[2026年 03月 21日 星期六 21:55:01 CST] 启动环境检查...
frpc 正在运行，跳过重启。
非维护时间，核心服务保持运行。
[2026年 03月 21日 星期六 22:00:01 CST] 启动环境检查...
frpc 正在运行，跳过重启。
非维护时间，核心服务保持运行。
[2026年 03月 21日 星期六 22:05:01 CST] 启动环境检查...
frpc 正在运行，跳过重启。
非维护时间，核心服务保持运行。
[2026年 03月 21日 星期六 22:10:01 CST] 启动环境检查...
frpc 正在运行，跳过重启。
非维护时间，核心服务保持运行。
[2026年 03月 21日 星期六 22:15:01 CST] 启动环境检查...
frpc 正在运行，跳过重启。
非维护时间，核心服务保持运行。
[2026年 03月 21日 星期六 22:20:01 CST] 启动环境检查...
frpc 正在运行，跳过重启。
非维护时间，核心服务保持运行。
[2026年 03月 21日 星期六 22:25:01 CST] 启动环境检查...
frpc 正在运行，跳过重启。
非维护时间，核心服务保持运行。
[2026年 03月 21日 星期六 22:30:01 CST] 启动环境检查...
frpc 正在运行，跳过重启。
非维护时间，核心服务保持运行。
[2026年 03月 21日 星期六 22:35:01 CST] 启动环境检查...
frpc 正在运行，跳过重启。
非维护时间，核心服务保持运行。
[2026年 03月 21日 星期六 22:40:01 CST] 启动环境检查...
frpc 正在运行，跳过重启。
非维护时间，核心服务保持运行。
[2026年 03月 21日 星期六 22:45:01 CST] 启动环境检查...
frpc 正在运行，跳过重启。
非维护时间，核心服务保持运行。
[2026年 03月 21日 星期六 22:50:01 CST] 启动环境检查...
frpc 正在运行，跳过重启。
非维护时间，核心服务保持运行。
[2026年 03月 21日 星期六 22:55:01 CST] 启动环境检查...
frpc 正在运行，跳过重启。
非维护时间，核心服务保持运行。
[2026年 03月 21日 星期六 23:00:01 CST] 启动环境检查...
frpc 正在运行，跳过重启。
非维护时间，核心服务保持运行。
[2026年 03月 21日 星期六 23:05:01 CST] 启动环境检查...
frpc 正在运行，跳过重启。
非维护时间，核心服务保持运行。
[2026年 03月 21日 星期六 23:10:01 CST] 启动环境检查...
frpc 正在运行，跳过重启。
非维护时间，核心服务保持运行。
[2026年 03月 21日 星期六 23:15:01 CST] 启动环境检查...
frpc 正在运行，跳过重启。
非维护时间，核心服务保持运行。
[2026年 03月 21日 星期六 23:20:01 CST] 启动环境检查...
frpc 正在运行，跳过重启。
非维护时间，核心服务保持运行。
[2026年 03月 21日 星期六 23:25:01 CST] 启动环境检查...
frpc 正在运行，跳过重启。
非维护时间，核心服务保持运行。
[2026年 03月 21日 星期六 23:30:01 CST] 启动环境检查...
frpc 正在运行，跳过重启。
非维护时间，核心服务保持运行。
[2026年 03月 21日 星期六 23:35:01 CST] 启动环境检查...
frpc 正在运行，跳过重启。
非维护时间，核心服务保持运行。
[2026年 03月 21日 星期六 23:40:01 CST] 启动环境检查...
frpc 正在运行，跳过重启。
非维护时间，核心服务保持运行。
[2026年 03月 21日 星期六 23:45:01 CST] 启动环境检查...
frpc 正在运行，跳过重启。
非维护时间，核心服务保持运行。
[2026年 03月 21日 星期六 23:50:01 CST] 启动环境检查...
frpc 正在运行，跳过重启。
非维护时间，核心服务保持运行。
[2026年 03月 21日 星期六 23:55:01 CST] 启动环境检查...
frpc 正在运行，跳过重启。
非维护时间，核心服务保持运行。
[2026年 03月 22日 星期日 00:00:01 CST] 启动环境检查...
frpc 正在运行，跳过重启。
非维护时间，核心服务保持运行。
[2026年 03月 22日 星期日 00:05:01 CST] 启动环境检查...
frpc 正在运行，跳过重启。
非维护时间，核心服务保持运行。
[2026年 03月 22日 星期日 00:10:01 CST] 启动环境检查...
frpc 正在运行，跳过重启。
非维护时间，核心服务保持运行。
[2026年 03月 22日 星期日 00:15:01 CST] 启动环境检查...
frpc 正在运行，跳过重启。
非维护时间，核心服务保持运行。
[2026年 03月 22日 星期日 00:20:01 CST] 启动环境检查...
frpc 正在运行，跳过重启。
非维护时间，核心服务保持运行。
[2026年 03月 22日 星期日 00:25:01 CST] 启动环境检查...
frpc 正在运行，跳过重启。
非维护时间，核心服务保持运行。
[2026年 03月 22日 星期日 00:30:01 CST] 启动环境检查...
frpc 正在运行，跳过重启。
非维护时间，核心服务保持运行。
[2026年 03月 22日 星期日 00:35:01 CST] 启动环境检查...
frpc 正在运行，跳过重启。
非维护时间，核心服务保持运行。
[2026年 03月 22日 星期日 00:40:01 CST] 启动环境检查...
frpc 正在运行，跳过重启。
非维护时间，核心服务保持运行。
[2026年 03月 22日 星期日 00:45:01 CST] 启动环境检查...
frpc 正在运行，跳过重启。
非维护时间，核心服务保持运行。
[2026年 03月 22日 星期日 00:50:01 CST] 启动环境检查...
frpc 正在运行，跳过重启。
非维护时间，核心服务保持运行。
[2026年 03月 22日 星期日 00:55:01 CST] 启动环境检查...
frpc 正在运行，跳过重启。
非维护时间，核心服务保持运行。
[2026年 03月 22日 星期日 01:00:01 CST] 启动环境检查...
frpc 正在运行，跳过重启。
非维护时间，核心服务保持运行。
[2026年 03月 22日 星期日 01:05:01 CST] 启动环境检查...
frpc 正在运行，跳过重启。
非维护时间，核心服务保持运行。
[2026年 03月 22日 星期日 01:10:01 CST] 启动环境检查...
frpc 正在运行，跳过重启。
非维护时间，核心服务保持运行。
[2026年 03月 22日 星期日 01:15:01 CST] 启动环境检查...
frpc 正在运行，跳过重启。
非维护时间，核心服务保持运行。
[2026年 03月 22日 星期日 01:20:01 CST] 启动环境检查...
frpc 正在运行，跳过重启。
非维护时间，核心服务保持运行。
[2026年 03月 22日 星期日 01:25:01 CST] 启动环境检查...
frpc 正在运行，跳过重启。
非维护时间，核心服务保持运行。
[2026年 03月 22日 星期日 01:30:01 CST] 启动环境检查...
frpc 正在运行，跳过重启。
非维护时间，核心服务保持运行。
[2026年 03月 22日 星期日 01:35:01 CST] 启动环境检查...
frpc 正在运行，跳过重启。
非维护时间，核心服务保持运行。
[2026年 03月 22日 星期日 01:40:01 CST] 启动环境检查...
frpc 正在运行，跳过重启。
非维护时间，核心服务保持运行。
[2026年 03月 22日 星期日 01:45:01 CST] 启动环境检查...
frpc 正在运行，跳过重启。
非维护时间，核心服务保持运行。
[2026年 03月 22日 星期日 01:50:01 CST] 启动环境检查...
frpc 正在运行，跳过重启。
非维护时间，核心服务保持运行。
[2026年 03月 22日 星期日 01:55:01 CST] 启动环境检查...
frpc 正在运行，跳过重启。
非维护时间，核心服务保持运行。
[2026年 03月 22日 星期日 02:00:01 CST] 启动环境检查...
frpc 正在运行，跳过重启。
非维护时间，核心服务保持运行。
[2026年 03月 22日 星期日 02:05:01 CST] 启动环境检查...
frpc 正在运行，跳过重启。
非维护时间，核心服务保持运行。
[2026年 03月 22日 星期日 02:10:01 CST] 启动环境检查...
frpc 正在运行，跳过重启。
非维护时间，核心服务保持运行。
[2026年 03月 22日 星期日 02:15:01 CST] 启动环境检查...
frpc 正在运行，跳过重启。
非维护时间，核心服务保持运行。
[2026年 03月 22日 星期日 02:20:01 CST] 启动环境检查...
frpc 正在运行，跳过重启。
非维护时间，核心服务保持运行。
[2026年 03月 22日 星期日 02:25:01 CST] 启动环境检查...
frpc 正在运行，跳过重启。
非维护时间，核心服务保持运行。
[2026年 03月 22日 星期日 02:30:01 CST] 启动环境检查...
frpc 正在运行，跳过重启。
非维护时间，核心服务保持运行。
[2026年 03月 22日 星期日 02:35:01 CST] 启动环境检查...
frpc 正在运行，跳过重启。
非维护时间，核心服务保持运行。
[2026年 03月 22日 星期日 02:40:01 CST] 启动环境检查...
frpc 正在运行，跳过重启。
非维护时间，核心服务保持运行。
[2026年 03月 22日 星期日 02:45:01 CST] 启动环境检查...
frpc 正在运行，跳过重启。
非维护时间，核心服务保持运行。
[2026年 03月 22日 星期日 02:50:01 CST] 启动环境检查...
frpc 正在运行，跳过重启。
非维护时间，核心服务保持运行。
[2026年 03月 22日 星期日 02:55:01 CST] 启动环境检查...
frpc 正在运行，跳过重启。
非维护时间，核心服务保持运行。
[2026年 03月 22日 星期日 03:00:01 CST] 启动环境检查...
frpc 正在运行，跳过重启。
触发凌晨 3:00 定时维护，准备重启核心服务...
清理端口 8000 的进程 129688
清理端口 7100 的进程 129689
核心服务已完成每日例行重启。
[2026年 03月 22日 星期日 03:05:01 CST] 启动环境检查...
frpc 正在运行，跳过重启。
触发凌晨 3:00 定时维护，准备重启核心服务...
清理端口 8000 的进程 135934
清理端口 7100 的进程 135933
核心服务已完成每日例行重启。
[2026年 03月 22日 星期日 03:10:01 CST] 启动环境检查...
frpc 正在运行，跳过重启。
触发凌晨 3:00 定时维护，准备重启核心服务...
清理端口 8000 的进程 136651
清理端口 7100 的进程 136652
核心服务已完成每日例行重启。
[2026年 03月 22日 星期日 03:15:01 CST] 启动环境检查...
frpc 正在运行，跳过重启。
触发凌晨 3:00 定时维护，准备重启核心服务...
清理端口 8000 的进程 137397
清理端口 7100 的进程 137366
核心服务已完成每日例行重启。
[2026年 03月 22日 星期日 03:20:01 CST] 启动环境检查...
frpc 正在运行，跳过重启。
触发凌晨 3:00 定时维护，准备重启核心服务...
清理端口 8000 的进程 138080
清理端口 7100 的进程 138079
核心服务已完成每日例行重启。
[2026年 03月 22日 星期日 03:25:01 CST] 启动环境检查...
frpc 正在运行，跳过重启。
触发凌晨 3:00 定时维护，准备重启核心服务...
清理端口 8000 的进程 138802
清理端口 7100 的进程 138801
核心服务已完成每日例行重启。
[2026年 03月 22日 星期日 03:30:01 CST] 启动环境检查...
frpc 正在运行，跳过重启。
触发凌晨 3:00 定时维护，准备重启核心服务...
清理端口 8000 的进程 139512
清理端口 7100 的进程 139513
核心服务已完成每日例行重启。
[2026年 03月 22日 星期日 03:35:01 CST] 启动环境检查...
frpc 正在运行，跳过重启。
触发凌晨 3:00 定时维护，准备重启核心服务...
清理端口 8000 的进程 140221
清理端口 7100 的进程 140222
核心服务已完成每日例行重启。
[2026年 03月 22日 星期日 03:40:01 CST] 启动环境检查...
frpc 正在运行，跳过重启。
触发凌晨 3:00 定时维护，准备重启核心服务...
清理端口 8000 的进程 140938
清理端口 7100 的进程 140937
核心服务已完成每日例行重启。
[2026年 03月 22日 星期日 03:45:01 CST] 启动环境检查...
frpc 正在运行，跳过重启。
触发凌晨 3:00 定时维护，准备重启核心服务...
清理端口 8000 的进程 141668
清理端口 7100 的进程 141667
核心服务已完成每日例行重启。
[2026年 03月 22日 星期日 03:50:01 CST] 启动环境检查...
frpc 正在运行，跳过重启。
触发凌晨 3:00 定时维护，准备重启核心服务...
清理端口 8000 的进程 142392
清理端口 7100 的进程 142391
核心服务已完成每日例行重启。
[2026年 03月 22日 星期日 03:55:01 CST] 启动环境检查...
frpc 正在运行，跳过重启。
触发凌晨 3:00 定时维护，准备重启核心服务...
清理端口 8000 的进程 143103
清理端口 7100 的进程 143102
核心服务已完成每日例行重启。
[2026年 03月 22日 星期日 04:00:01 CST] 启动环境检查...
frpc 正在运行，跳过重启。
非维护时间，核心服务保持运行。
[2026年 03月 22日 星期日 04:05:01 CST] 启动环境检查...
frpc 正在运行，跳过重启。
非维护时间，核心服务保持运行。
[2026年 03月 22日 星期日 04:10:01 CST] 启动环境检查...
frpc 正在运行，跳过重启。
非维护时间，核心服务保持运行。
[2026年 03月 22日 星期日 04:15:01 CST] 启动环境检查...
frpc 正在运行，跳过重启。
非维护时间，核心服务保持运行。
[2026年 03月 22日 星期日 04:20:01 CST] 启动环境检查...
frpc 正在运行，跳过重启。
非维护时间，核心服务保持运行。
[2026年 03月 22日 星期日 04:25:01 CST] 启动环境检查...
frpc 正在运行，跳过重启。
非维护时间，核心服务保持运行。
[2026年 03月 22日 星期日 04:30:01 CST] 启动环境检查...
frpc 正在运行，跳过重启。
非维护时间，核心服务保持运行。
[2026年 03月 22日 星期日 04:35:01 CST] 启动环境检查...
frpc 正在运行，跳过重启。
非维护时间，核心服务保持运行。
[2026年 03月 22日 星期日 04:40:01 CST] 启动环境检查...
frpc 正在运行，跳过重启。
非维护时间，核心服务保持运行。
[2026年 03月 22日 星期日 04:45:01 CST] 启动环境检查...
frpc 正在运行，跳过重启。
非维护时间，核心服务保持运行。
[2026年 03月 22日 星期日 04:50:01 CST] 启动环境检查...
frpc 正在运行，跳过重启。
非维护时间，核心服务保持运行。
[2026年 03月 22日 星期日 04:55:01 CST] 启动环境检查...
frpc 正在运行，跳过重启。
非维护时间，核心服务保持运行。
[2026年 03月 22日 星期日 05:00:01 CST] 启动环境检查...
frpc 正在运行，跳过重启。
非维护时间，核心服务保持运行。
[2026年 03月 22日 星期日 05:05:01 CST] 启动环境检查...
frpc 正在运行，跳过重启。
非维护时间，核心服务保持运行。
[2026年 03月 22日 星期日 05:10:01 CST] 启动环境检查...
frpc 正在运行，跳过重启。
非维护时间，核心服务保持运行。
[2026年 03月 22日 星期日 05:15:01 CST] 启动环境检查...
frpc 正在运行，跳过重启。
非维护时间，核心服务保持运行。
[2026年 03月 22日 星期日 05:20:01 CST] 启动环境检查...
frpc 正在运行，跳过重启。
非维护时间，核心服务保持运行。
[2026年 03月 22日 星期日 05:25:01 CST] 启动环境检查...
frpc 正在运行，跳过重启。
非维护时间，核心服务保持运行。
[2026年 03月 22日 星期日 05:30:01 CST] 启动环境检查...
frpc 正在运行，跳过重启。
非维护时间，核心服务保持运行。
[2026年 03月 22日 星期日 05:35:01 CST] 启动环境检查...
frpc 正在运行，跳过重启。
非维护时间，核心服务保持运行。
[2026年 03月 22日 星期日 05:40:01 CST] 启动环境检查...
frpc 正在运行，跳过重启。
非维护时间，核心服务保持运行。
[2026年 03月 22日 星期日 05:45:01 CST] 启动环境检查...
frpc 正在运行，跳过重启。
非维护时间，核心服务保持运行。
[2026年 03月 22日 星期日 05:50:01 CST] 启动环境检查...
frpc 正在运行，跳过重启。
非维护时间，核心服务保持运行。
[2026年 03月 22日 星期日 05:55:01 CST] 启动环境检查...
frpc 正在运行，跳过重启。
非维护时间，核心服务保持运行。
[2026年 03月 22日 星期日 06:00:01 CST] 启动环境检查...
frpc 正在运行，跳过重启。
非维护时间，核心服务保持运行。
[2026年 03月 22日 星期日 06:05:01 CST] 启动环境检查...
frpc 正在运行，跳过重启。
非维护时间，核心服务保持运行。
[2026年 03月 22日 星期日 06:10:01 CST] 启动环境检查...
frpc 正在运行，跳过重启。
非维护时间，核心服务保持运行。
[2026年 03月 22日 星期日 06:15:01 CST] 启动环境检查...
frpc 正在运行，跳过重启。
非维护时间，核心服务保持运行。
[2026年 03月 22日 星期日 06:20:01 CST] 启动环境检查...
frpc 正在运行，跳过重启。
非维护时间，核心服务保持运行。
[2026年 03月 22日 星期日 06:25:01 CST] 启动环境检查...
frpc 正在运行，跳过重启。
非维护时间，核心服务保持运行。
[2026年 03月 22日 星期日 06:30:01 CST] 启动环境检查...
frpc 正在运行，跳过重启。
非维护时间，核心服务保持运行。
[2026年 03月 22日 星期日 06:35:01 CST] 启动环境检查...
frpc 正在运行，跳过重启。
非维护时间，核心服务保持运行。
[2026年 03月 22日 星期日 06:40:01 CST] 启动环境检查...
frpc 正在运行，跳过重启。
非维护时间，核心服务保持运行。
[2026年 03月 22日 星期日 06:45:01 CST] 启动环境检查...
frpc 正在运行，跳过重启。
非维护时间，核心服务保持运行。
[2026年 03月 22日 星期日 06:50:01 CST] 启动环境检查...
frpc 正在运行，跳过重启。
非维护时间，核心服务保持运行。
[2026年 03月 22日 星期日 06:55:01 CST] 启动环境检查...
frpc 正在运行，跳过重启。
非维护时间，核心服务保持运行。
[2026年 03月 22日 星期日 07:00:01 CST] 启动环境检查...
frpc 正在运行，跳过重启。
非维护时间，核心服务保持运行。
[2026年 03月 22日 星期日 07:05:01 CST] 启动环境检查...
frpc 正在运行，跳过重启。
非维护时间，核心服务保持运行。
[2026年 03月 22日 星期日 07:10:01 CST] 启动环境检查...
frpc 正在运行，跳过重启。
非维护时间，核心服务保持运行。
[2026年 03月 22日 星期日 07:15:01 CST] 启动环境检查...
frpc 正在运行，跳过重启。
非维护时间，核心服务保持运行。
[2026年 03月 22日 星期日 07:20:01 CST] 启动环境检查...
frpc 正在运行，跳过重启。
非维护时间，核心服务保持运行。
[2026年 03月 22日 星期日 07:25:01 CST] 启动环境检查...
frpc 正在运行，跳过重启。
非维护时间，核心服务保持运行。
[2026年 03月 22日 星期日 07:30:01 CST] 启动环境检查...
frpc 正在运行，跳过重启。
非维护时间，核心服务保持运行。
[2026年 03月 22日 星期日 07:35:01 CST] 启动环境检查...
frpc 正在运行，跳过重启。
非维护时间，核心服务保持运行。
[2026年 03月 22日 星期日 07:40:01 CST] 启动环境检查...
frpc 正在运行，跳过重启。
非维护时间，核心服务保持运行。
[2026年 03月 22日 星期日 07:45:01 CST] 启动环境检查...
frpc 正在运行，跳过重启。
非维护时间，核心服务保持运行。
[2026年 03月 22日 星期日 07:50:01 CST] 启动环境检查...
frpc 正在运行，跳过重启。
非维护时间，核心服务保持运行。
[2026年 03月 22日 星期日 07:55:01 CST] 启动环境检查...
frpc 正在运行，跳过重启。
非维护时间，核心服务保持运行。
[2026年 03月 22日 星期日 08:00:01 CST] 启动环境检查...
frpc 正在运行，跳过重启。
非维护时间，核心服务保持运行。
[2026年 03月 22日 星期日 08:05:01 CST] 启动环境检查...
frpc 正在运行，跳过重启。
非维护时间，核心服务保持运行。
[2026年 03月 22日 星期日 08:10:01 CST] 启动环境检查...
frpc 正在运行，跳过重启。
非维护时间，核心服务保持运行。
[2026年 03月 22日 星期日 08:15:01 CST] 启动环境检查...
frpc 正在运行，跳过重启。
非维护时间，核心服务保持运行。
[2026年 03月 22日 星期日 08:20:01 CST] 启动环境检查...
frpc 正在运行，跳过重启。
非维护时间，核心服务保持运行。
[2026年 03月 22日 星期日 08:25:01 CST] 启动环境检查...
frpc 正在运行，跳过重启。
非维护时间，核心服务保持运行。
[2026年 03月 22日 星期日 08:30:01 CST] 启动环境检查...
frpc 正在运行，跳过重启。
非维护时间，核心服务保持运行。
[2026年 03月 22日 星期日 08:35:01 CST] 启动环境检查...
frpc 正在运行，跳过重启。
非维护时间，核心服务保持运行。
[2026年 03月 22日 星期日 08:40:01 CST] 启动环境检查...
frpc 正在运行，跳过重启。
非维护时间，核心服务保持运行。
[2026年 03月 22日 星期日 08:45:01 CST] 启动环境检查...
frpc 正在运行，跳过重启。
非维护时间，核心服务保持运行。
[2026年 03月 22日 星期日 08:50:01 CST] 启动环境检查...
frpc 正在运行，跳过重启。
非维护时间，核心服务保持运行。
[2026年 03月 22日 星期日 08:55:01 CST] 启动环境检查...
frpc 正在运行，跳过重启。
非维护时间，核心服务保持运行。
[2026年 03月 22日 星期日 09:00:01 CST] 启动环境检查...
frpc 正在运行，跳过重启。
非维护时间，核心服务保持运行。
[2026年 03月 22日 星期日 09:05:01 CST] 启动环境检查...
frpc 正在运行，跳过重启。
非维护时间，核心服务保持运行。
[2026年 03月 22日 星期日 09:10:01 CST] 启动环境检查...
frpc 正在运行，跳过重启。
非维护时间，核心服务保持运行。
[2026年 03月 22日 星期日 09:15:01 CST] 启动环境检查...
frpc 正在运行，跳过重启。
非维护时间，核心服务保持运行。
[2026年 03月 22日 星期日 09:20:01 CST] 启动环境检查...
frpc 正在运行，跳过重启。
非维护时间，核心服务保持运行。
[2026年 03月 22日 星期日 09:25:01 CST] 启动环境检查...
frpc 正在运行，跳过重启。
非维护时间，核心服务保持运行。
[2026年 03月 22日 星期日 09:30:01 CST] 启动环境检查...
frpc 正在运行，跳过重启。
非维护时间，核心服务保持运行。
[2026年 03月 22日 星期日 09:35:01 CST] 启动环境检查...
frpc 正在运行，跳过重启。
非维护时间，核心服务保持运行。
[2026年 03月 22日 星期日 09:40:01 CST] 启动环境检查...
frpc 正在运行，跳过重启。
非维护时间，核心服务保持运行。
[2026年 03月 22日 星期日 09:45:01 CST] 启动环境检查...
frpc 正在运行，跳过重启。
非维护时间，核心服务保持运行。
[2026年 03月 22日 星期日 09:50:01 CST] 启动环境检查...
frpc 正在运行，跳过重启。
非维护时间，核心服务保持运行。
[2026年 03月 22日 星期日 09:55:01 CST] 启动环境检查...
frpc 正在运行，跳过重启。
非维护时间，核心服务保持运行。
[2026年 03月 22日 星期日 10:00:01 CST] 启动环境检查...
frpc 正在运行，跳过重启。
非维护时间，核心服务保持运行。
[2026年 03月 22日 星期日 10:05:01 CST] 启动环境检查...
frpc 正在运行，跳过重启。
非维护时间，核心服务保持运行。
[2026年 03月 22日 星期日 10:10:01 CST] 启动环境检查...
frpc 正在运行，跳过重启。
非维护时间，核心服务保持运行。
[2026年 03月 22日 星期日 10:15:01 CST] 启动环境检查...
frpc 正在运行，跳过重启。
非维护时间，核心服务保持运行。
[2026年 03月 22日 星期日 10:20:01 CST] 启动环境检查...
frpc 正在运行，跳过重启。
非维护时间，核心服务保持运行。
[2026年 03月 22日 星期日 10:25:01 CST] 启动环境检查...
frpc 正在运行，跳过重启。
非维护时间，核心服务保持运行。
[2026年 03月 22日 星期日 10:30:01 CST] 启动环境检查...
frpc 正在运行，跳过重启。
非维护时间，核心服务保持运行。
[2026年 03月 22日 星期日 10:35:01 CST] 启动环境检查...
frpc 正在运行，跳过重启。
非维护时间，核心服务保持运行。
[2026年 03月 22日 星期日 10:40:01 CST] 启动环境检查...
frpc 正在运行，跳过重启。
非维护时间，核心服务保持运行。
[2026年 03月 22日 星期日 10:45:01 CST] 启动环境检查...
frpc 正在运行，跳过重启。
非维护时间，核心服务保持运行。
[2026年 03月 22日 星期日 10:50:01 CST] 启动环境检查...
frpc 正在运行，跳过重启。
非维护时间，核心服务保持运行。
[2026年 03月 22日 星期日 10:55:01 CST] 启动环境检查...
frpc 正在运行，跳过重启。
非维护时间，核心服务保持运行。
[2026年 03月 22日 星期日 11:00:01 CST] 启动环境检查...
frpc 正在运行，跳过重启。
非维护时间，核心服务保持运行。
[2026年 03月 22日 星期日 11:05:01 CST] 启动环境检查...
frpc 正在运行，跳过重启。
非维护时间，核心服务保持运行。
[2026年 03月 22日 星期日 11:10:01 CST] 启动环境检查...
frpc 正在运行，跳过重启。
非维护时间，核心服务保持运行。
[2026年 03月 22日 星期日 11:15:01 CST] 启动环境检查...
frpc 正在运行，跳过重启。
非维护时间，核心服务保持运行。
[2026年 03月 22日 星期日 11:20:01 CST] 启动环境检查...
frpc 正在运行，跳过重启。
非维护时间，核心服务保持运行。
[2026年 03月 22日 星期日 11:25:01 CST] 启动环境检查...
frpc 正在运行，跳过重启。
非维护时间，核心服务保持运行。
[2026年 03月 22日 星期日 11:30:01 CST] 启动环境检查...
frpc 正在运行，跳过重启。
非维护时间，核心服务保持运行。
[2026年 03月 22日 星期日 11:35:01 CST] 启动环境检查...
frpc 正在运行，跳过重启。
非维护时间，核心服务保持运行。
[2026年 03月 22日 星期日 11:40:01 CST] 启动环境检查...
frpc 正在运行，跳过重启。
非维护时间，核心服务保持运行。
[2026年 03月 22日 星期日 11:45:01 CST] 启动环境检查...
frpc 正在运行，跳过重启。
非维护时间，核心服务保持运行。
[2026年 03月 22日 星期日 11:50:01 CST] 启动环境检查...
frpc 正在运行，跳过重启。
非维护时间，核心服务保持运行。
[2026年 03月 22日 星期日 11:55:01 CST] 启动环境检查...
frpc 正在运行，跳过重启。
非维护时间，核心服务保持运行。
[2026年 03月 22日 星期日 12:00:01 CST] 启动环境检查...
frpc 正在运行，跳过重启。
非维护时间，核心服务保持运行。
[2026年 03月 22日 星期日 12:05:01 CST] 启动环境检查...
frpc 正在运行，跳过重启。
非维护时间，核心服务保持运行。
[2026年 03月 22日 星期日 12:10:01 CST] 启动环境检查...
frpc 正在运行，跳过重启。
非维护时间，核心服务保持运行。
[2026年 03月 22日 星期日 12:15:01 CST] 启动环境检查...
frpc 正在运行，跳过重启。
非维护时间，核心服务保持运行。
[2026年 03月 22日 星期日 12:20:01 CST] 启动环境检查...
frpc 正在运行，跳过重启。
非维护时间，核心服务保持运行。
[2026年 03月 22日 星期日 12:25:01 CST] 启动环境检查...
frpc 正在运行，跳过重启。
非维护时间，核心服务保持运行。
[2026年 03月 22日 星期日 12:30:01 CST] 启动环境检查...
frpc 正在运行，跳过重启。
非维护时间，核心服务保持运行。
[2026年 03月 22日 星期日 12:35:01 CST] 启动环境检查...
frpc 正在运行，跳过重启。
非维护时间，核心服务保持运行。
[2026年 03月 22日 星期日 12:40:01 CST] 启动环境检查...
frpc 正在运行，跳过重启。
非维护时间，核心服务保持运行。
[2026年 03月 22日 星期日 12:45:01 CST] 启动环境检查...
frpc 正在运行，跳过重启。
非维护时间，核心服务保持运行。
[2026年 03月 22日 星期日 12:50:01 CST] 启动环境检查...
frpc 正在运行，跳过重启。
非维护时间，核心服务保持运行。
[2026年 03月 22日 星期日 12:55:01 CST] 启动环境检查...
frpc 正在运行，跳过重启。
非维护时间，核心服务保持运行。
[2026年 03月 22日 星期日 13:00:01 CST] 启动环境检查...
frpc 正在运行，跳过重启。
非维护时间，核心服务保持运行。
[2026年 03月 22日 星期日 13:05:01 CST] 启动环境检查...
frpc 正在运行，跳过重启。
非维护时间，核心服务保持运行。
[2026年 03月 22日 星期日 13:10:01 CST] 启动环境检查...
frpc 正在运行，跳过重启。
非维护时间，核心服务保持运行。
[2026年 03月 22日 星期日 13:15:01 CST] 启动环境检查...
frpc 正在运行，跳过重启。
非维护时间，核心服务保持运行。
[2026年 03月 22日 星期日 13:20:01 CST] 启动环境检查...
frpc 正在运行，跳过重启。
非维护时间，核心服务保持运行。
[2026年 03月 22日 星期日 13:25:01 CST] 启动环境检查...
frpc 正在运行，跳过重启。
非维护时间，核心服务保持运行。
[2026年 03月 22日 星期日 13:30:01 CST] 启动环境检查...
frpc 正在运行，跳过重启。
非维护时间，核心服务保持运行。
[2026年 03月 22日 星期日 13:35:01 CST] 启动环境检查...
frpc 正在运行，跳过重启。
非维护时间，核心服务保持运行。
[2026年 03月 22日 星期日 13:40:01 CST] 启动环境检查...
frpc 正在运行，跳过重启。
非维护时间，核心服务保持运行。
[2026年 03月 22日 星期日 13:45:02 CST] 启动环境检查...
frpc 正在运行，跳过重启。
非维护时间，核心服务保持运行。
[2026年 03月 22日 星期日 13:50:01 CST] 启动环境检查...
frpc 正在运行，跳过重启。
非维护时间，核心服务保持运行。
[2026年 03月 22日 星期日 13:55:01 CST] 启动环境检查...
frpc 正在运行，跳过重启。
非维护时间，核心服务保持运行。
[2026年 03月 22日 星期日 14:00:01 CST] 启动环境检查...
frpc 正在运行，跳过重启。
非维护时间，核心服务保持运行。
[2026年 03月 22日 星期日 14:05:01 CST] 启动环境检查...
frpc 正在运行，跳过重启。
非维护时间，核心服务保持运行。
[2026年 03月 22日 星期日 14:10:01 CST] 启动环境检查...
frpc 正在运行，跳过重启。
非维护时间，核心服务保持运行。
[2026年 03月 22日 星期日 14:15:01 CST] 启动环境检查...
frpc 正在运行，跳过重启。
非维护时间，核心服务保持运行。
[2026年 03月 22日 星期日 14:20:01 CST] 启动环境检查...
frpc 正在运行，跳过重启。
非维护时间，核心服务保持运行。
[2026年 03月 22日 星期日 14:25:01 CST] 启动环境检查...
frpc 正在运行，跳过重启。
非维护时间，核心服务保持运行。
[2026年 03月 22日 星期日 14:30:01 CST] 启动环境检查...
frpc 正在运行，跳过重启。
非维护时间，核心服务保持运行。
[2026年 03月 22日 星期日 14:35:01 CST] 启动环境检查...
frpc 正在运行，跳过重启。
非维护时间，核心服务保持运行。
[2026年 03月 22日 星期日 14:40:01 CST] 启动环境检查...
frpc 正在运行，跳过重启。
非维护时间，核心服务保持运行。
[2026年 03月 22日 星期日 14:45:01 CST] 启动环境检查...
frpc 正在运行，跳过重启。
非维护时间，核心服务保持运行。
[2026年 03月 22日 星期日 14:50:01 CST] 启动环境检查...
frpc 正在运行，跳过重启。
非维护时间，核心服务保持运行。
[2026年 03月 22日 星期日 14:55:01 CST] 启动环境检查...
frpc 正在运行，跳过重启。
非维护时间，核心服务保持运行。
[2026年 03月 22日 星期日 15:00:01 CST] 启动环境检查...
frpc 正在运行，跳过重启。
非维护时间，核心服务保持运行。
[2026年 03月 22日 星期日 15:05:01 CST] 启动环境检查...
frpc 正在运行，跳过重启。
非维护时间，核心服务保持运行。
[2026年 03月 22日 星期日 15:10:01 CST] 启动环境检查...
frpc 正在运行，跳过重启。
非维护时间，核心服务保持运行。
[2026年 03月 22日 星期日 15:15:01 CST] 启动环境检查...
frpc 正在运行，跳过重启。
非维护时间，核心服务保持运行。
[2026年 03月 22日 星期日 15:20:01 CST] 启动环境检查...
frpc 正在运行，跳过重启。
非维护时间，核心服务保持运行。
[2026年 03月 22日 星期日 15:25:01 CST] 启动环境检查...
frpc 正在运行，跳过重启。
非维护时间，核心服务保持运行。
[2026年 03月 22日 星期日 15:30:01 CST] 启动环境检查...
frpc 正在运行，跳过重启。
非维护时间，核心服务保持运行。
[2026年 03月 22日 星期日 15:35:01 CST] 启动环境检查...
frpc 正在运行，跳过重启。
非维护时间，核心服务保持运行。
[2026年 03月 22日 星期日 15:40:01 CST] 启动环境检查...
frpc 正在运行，跳过重启。
非维护时间，核心服务保持运行。
[2026年 03月 22日 星期日 15:45:01 CST] 启动环境检查...
frpc 正在运行，跳过重启。
非维护时间，核心服务保持运行。
[2026年 03月 22日 星期日 15:50:01 CST] 启动环境检查...
frpc 正在运行，跳过重启。
非维护时间，核心服务保持运行。
[2026年 03月 22日 星期日 15:55:01 CST] 启动环境检查...
frpc 正在运行，跳过重启。
非维护时间，核心服务保持运行。
[2026年 03月 22日 星期日 16:00:01 CST] 启动环境检查...
frpc 正在运行，跳过重启。
非维护时间，核心服务保持运行。
[2026年 03月 22日 星期日 16:05:01 CST] 启动环境检查...
frpc 正在运行，跳过重启。
非维护时间，核心服务保持运行。
[2026年 03月 22日 星期日 16:10:01 CST] 启动环境检查...
frpc 正在运行，跳过重启。
非维护时间，核心服务保持运行。
[2026年 03月 22日 星期日 16:15:01 CST] 启动环境检查...
frpc 正在运行，跳过重启。
非维护时间，核心服务保持运行。
[2026年 03月 22日 星期日 16:20:01 CST] 启动环境检查...
frpc 正在运行，跳过重启。
非维护时间，核心服务保持运行。
[2026年 03月 22日 星期日 16:25:01 CST] 启动环境检查...
frpc 正在运行，跳过重启。
非维护时间，核心服务保持运行。
[2026年 03月 22日 星期日 16:30:01 CST] 启动环境检查...
frpc 正在运行，跳过重启。
非维护时间，核心服务保持运行。
[2026年 03月 22日 星期日 16:35:01 CST] 启动环境检查...
frpc 正在运行，跳过重启。
非维护时间，核心服务保持运行。
[2026年 03月 22日 星期日 16:40:01 CST] 启动环境检查...
frpc 正在运行，跳过重启。
非维护时间，核心服务保持运行。
[2026年 03月 22日 星期日 16:45:01 CST] 启动环境检查...
frpc 正在运行，跳过重启。
非维护时间，核心服务保持运行。
[2026年 03月 22日 星期日 16:50:02 CST] 启动环境检查...
frpc 正在运行，跳过重启。
非维护时间，核心服务保持运行。
[2026年 03月 22日 星期日 16:55:01 CST] 启动环境检查...
frpc 正在运行，跳过重启。
非维护时间，核心服务保持运行。
[2026年 03月 22日 星期日 17:00:01 CST] 启动环境检查...
frpc 正在运行，跳过重启。
非维护时间，核心服务保持运行。
[2026年 03月 22日 星期日 17:05:01 CST] 启动环境检查...
frpc 正在运行，跳过重启。
非维护时间，核心服务保持运行。
[2026年 03月 22日 星期日 17:10:01 CST] 启动环境检查...
frpc 正在运行，跳过重启。
非维护时间，核心服务保持运行。
[2026年 03月 22日 星期日 17:15:01 CST] 启动环境检查...
frpc 正在运行，跳过重启。
非维护时间，核心服务保持运行。
[2026年 03月 22日 星期日 17:20:01 CST] 启动环境检查...
frpc 正在运行，跳过重启。
非维护时间，核心服务保持运行。
[2026年 03月 22日 星期日 17:25:01 CST] 启动环境检查...
frpc 正在运行，跳过重启。
非维护时间，核心服务保持运行。
[2026年 03月 22日 星期日 17:30:01 CST] 启动环境检查...
frpc 正在运行，跳过重启。
非维护时间，核心服务保持运行。
[2026年 03月 22日 星期日 17:35:01 CST] 启动环境检查...
frpc 正在运行，跳过重启。
非维护时间，核心服务保持运行。
[2026年 03月 22日 星期日 17:40:01 CST] 启动环境检查...
frpc 正在运行，跳过重启。
非维护时间，核心服务保持运行。
[2026年 03月 22日 星期日 17:45:01 CST] 启动环境检查...
frpc 正在运行，跳过重启。
非维护时间，核心服务保持运行。
[2026年 03月 22日 星期日 17:50:01 CST] 启动环境检查...
frpc 正在运行，跳过重启。
非维护时间，核心服务保持运行。
[2026年 03月 22日 星期日 17:55:01 CST] 启动环境检查...
frpc 正在运行，跳过重启。
非维护时间，核心服务保持运行。
[2026年 03月 22日 星期日 18:00:01 CST] 启动环境检查...
frpc 正在运行，跳过重启。
非维护时间，核心服务保持运行。
[2026年 03月 22日 星期日 18:05:01 CST] 启动环境检查...
frpc 正在运行，跳过重启。
非维护时间，核心服务保持运行。
[2026年 03月 22日 星期日 18:10:01 CST] 启动环境检查...
frpc 正在运行，跳过重启。
非维护时间，核心服务保持运行。
[2026年 03月 22日 星期日 18:15:01 CST] 启动环境检查...
frpc 正在运行，跳过重启。
非维护时间，核心服务保持运行。
[2026年 03月 22日 星期日 18:20:01 CST] 启动环境检查...
frpc 正在运行，跳过重启。
非维护时间，核心服务保持运行。
[2026年 03月 22日 星期日 18:25:01 CST] 启动环境检查...
frpc 正在运行，跳过重启。
非维护时间，核心服务保持运行。
[2026年 03月 22日 星期日 18:30:01 CST] 启动环境检查...
frpc 正在运行，跳过重启。
非维护时间，核心服务保持运行。
[2026年 03月 22日 星期日 18:35:01 CST] 启动环境检查...
frpc 正在运行，跳过重启。
非维护时间，核心服务保持运行。
[2026年 03月 22日 星期日 18:40:01 CST] 启动环境检查...
frpc 正在运行，跳过重启。
非维护时间，核心服务保持运行。
[2026年 03月 22日 星期日 18:45:01 CST] 启动环境检查...
frpc 正在运行，跳过重启。
非维护时间，核心服务保持运行。
[2026年 03月 22日 星期日 18:50:01 CST] 启动环境检查...
frpc 正在运行，跳过重启。
非维护时间，核心服务保持运行。
[2026年 03月 22日 星期日 18:55:01 CST] 启动环境检查...
frpc 正在运行，跳过重启。
非维护时间，核心服务保持运行。
[2026年 03月 22日 星期日 19:00:01 CST] 启动环境检查...
frpc 正在运行，跳过重启。
非维护时间，核心服务保持运行。
[2026年 03月 22日 星期日 19:05:01 CST] 启动环境检查...
frpc 正在运行，跳过重启。
非维护时间，核心服务保持运行。
[2026年 03月 22日 星期日 19:10:01 CST] 启动环境检查...
frpc 正在运行，跳过重启。
非维护时间，核心服务保持运行。
[2026年 03月 22日 星期日 19:15:01 CST] 启动环境检查...
frpc 正在运行，跳过重启。
非维护时间，核心服务保持运行。
[2026年 03月 22日 星期日 19:20:01 CST] 启动环境检查...
frpc 正在运行，跳过重启。
非维护时间，核心服务保持运行。
[2026年 03月 22日 星期日 19:25:01 CST] 启动环境检查...
frpc 正在运行，跳过重启。
非维护时间，核心服务保持运行。
[2026年 03月 22日 星期日 19:30:01 CST] 启动环境检查...
frpc 正在运行，跳过重启。
非维护时间，核心服务保持运行。
[2026年 03月 22日 星期日 19:35:01 CST] 启动环境检查...
frpc 正在运行，跳过重启。
非维护时间，核心服务保持运行。
[2026年 03月 22日 星期日 19:40:01 CST] 启动环境检查...
frpc 正在运行，跳过重启。
非维护时间，核心服务保持运行。
[2026年 03月 22日 星期日 19:45:01 CST] 启动环境检查...
frpc 正在运行，跳过重启。
非维护时间，核心服务保持运行。
[2026年 03月 22日 星期日 19:50:01 CST] 启动环境检查...
frpc 正在运行，跳过重启。
非维护时间，核心服务保持运行。
[2026年 03月 22日 星期日 19:55:02 CST] 启动环境检查...
frpc 正在运行，跳过重启。
非维护时间，核心服务保持运行。
[2026年 03月 22日 星期日 20:00:01 CST] 启动环境检查...
frpc 正在运行，跳过重启。
非维护时间，核心服务保持运行。
[2026年 03月 22日 星期日 20:05:01 CST] 启动环境检查...
frpc 正在运行，跳过重启。
非维护时间，核心服务保持运行。
[2026年 03月 22日 星期日 20:10:01 CST] 启动环境检查...
frpc 正在运行，跳过重启。
非维护时间，核心服务保持运行。
[2026年 03月 22日 星期日 20:15:01 CST] 启动环境检查...
frpc 正在运行，跳过重启。
非维护时间，核心服务保持运行。
[2026年 03月 22日 星期日 20:20:01 CST] 启动环境检查...
frpc 正在运行，跳过重启。
非维护时间，核心服务保持运行。
[2026年 03月 22日 星期日 20:25:01 CST] 启动环境检查...
frpc 正在运行，跳过重启。
非维护时间，核心服务保持运行。
[2026年 03月 22日 星期日 20:30:01 CST] 启动环境检查...
frpc 正在运行，跳过重启。
非维护时间，核心服务保持运行。
[2026年 03月 22日 星期日 20:35:01 CST] 启动环境检查...
frpc 正在运行，跳过重启。
非维护时间，核心服务保持运行。
[2026年 03月 22日 星期日 20:40:01 CST] 启动环境检查...
frpc 正在运行，跳过重启。
非维护时间，核心服务保持运行。
[2026年 03月 22日 星期日 20:45:01 CST] 启动环境检查...
frpc 正在运行，跳过重启。
非维护时间，核心服务保持运行。
[2026年 03月 22日 星期日 20:50:01 CST] 启动环境检查...
frpc 正在运行，跳过重启。
非维护时间，核心服务保持运行。
[2026年 03月 22日 星期日 20:55:01 CST] 启动环境检查...
frpc 正在运行，跳过重启。
非维护时间，核心服务保持运行。
[2026年 03月 22日 星期日 21:00:01 CST] 启动环境检查...
frpc 正在运行，跳过重启。
非维护时间，核心服务保持运行。
[2026年 03月 22日 星期日 21:05:01 CST] 启动环境检查...
frpc 正在运行，跳过重启。
非维护时间，核心服务保持运行。
[2026年 03月 22日 星期日 21:10:01 CST] 启动环境检查...
frpc 正在运行，跳过重启。
非维护时间，核心服务保持运行。
[2026年 03月 22日 星期日 21:15:01 CST] 启动环境检查...
frpc 正在运行，跳过重启。
非维护时间，核心服务保持运行。
[2026年 03月 22日 星期日 21:20:01 CST] 启动环境检查...
frpc 正在运行，跳过重启。
非维护时间，核心服务保持运行。
[2026年 03月 22日 星期日 21:25:01 CST] 启动环境检查...
frpc 正在运行，跳过重启。
非维护时间，核心服务保持运行。
[2026年 03月 22日 星期日 21:30:01 CST] 启动环境检查...
frpc 正在运行，跳过重启。
非维护时间，核心服务保持运行。
[2026年 03月 22日 星期日 21:35:01 CST] 启动环境检查...
frpc 正在运行，跳过重启。
非维护时间，核心服务保持运行。
[2026年 03月 22日 星期日 21:40:01 CST] 启动环境检查...
frpc 正在运行，跳过重启。
非维护时间，核心服务保持运行。
[2026年 03月 22日 星期日 21:45:01 CST] 启动环境检查...
frpc 正在运行，跳过重启。
非维护时间，核心服务保持运行。
[2026年 03月 22日 星期日 21:50:01 CST] 启动环境检查...
frpc 正在运行，跳过重启。
非维护时间，核心服务保持运行。
[2026年 03月 22日 星期日 21:55:01 CST] 启动环境检查...
frpc 正在运行，跳过重启。
非维护时间，核心服务保持运行。
[2026年 03月 22日 星期日 22:00:01 CST] 启动环境检查...
frpc 正在运行，跳过重启。
非维护时间，核心服务保持运行。
[2026年 03月 22日 星期日 22:05:01 CST] 启动环境检查...
frpc 正在运行，跳过重启。
非维护时间，核心服务保持运行。
[2026年 03月 22日 星期日 22:10:01 CST] 启动环境检查...
frpc 正在运行，跳过重启。
非维护时间，核心服务保持运行。
[2026年 03月 22日 星期日 22:15:01 CST] 启动环境检查...
frpc 正在运行，跳过重启。
非维护时间，核心服务保持运行。
[2026年 03月 22日 星期日 22:20:01 CST] 启动环境检查...
frpc 正在运行，跳过重启。
非维护时间，核心服务保持运行。
[2026年 03月 22日 星期日 22:25:01 CST] 启动环境检查...
frpc 正在运行，跳过重启。
非维护时间，核心服务保持运行。
[2026年 03月 22日 星期日 22:30:01 CST] 启动环境检查...
frpc 正在运行，跳过重启。
非维护时间，核心服务保持运行。
[2026年 03月 22日 星期日 22:35:01 CST] 启动环境检查...
frpc 正在运行，跳过重启。
非维护时间，核心服务保持运行。
[2026年 03月 22日 星期日 22:40:01 CST] 启动环境检查...
frpc 正在运行，跳过重启。
非维护时间，核心服务保持运行。
[2026年 03月 22日 星期日 22:45:01 CST] 启动环境检查...
frpc 正在运行，跳过重启。
非维护时间，核心服务保持运行。
[2026年 03月 22日 星期日 22:50:01 CST] 启动环境检查...
frpc 正在运行，跳过重启。
非维护时间，核心服务保持运行。
[2026年 03月 22日 星期日 22:55:01 CST] 启动环境检查...
frpc 正在运行，跳过重启。
非维护时间，核心服务保持运行。
[2026年 03月 22日 星期日 23:00:01 CST] 启动环境检查...
frpc 正在运行，跳过重启。
非维护时间，核心服务保持运行。
[2026年 03月 22日 星期日 23:05:01 CST] 启动环境检查...
frpc 正在运行，跳过重启。
非维护时间，核心服务保持运行。
[2026年 03月 22日 星期日 23:10:01 CST] 启动环境检查...
frpc 正在运行，跳过重启。
非维护时间，核心服务保持运行。
[2026年 03月 22日 星期日 23:15:01 CST] 启动环境检查...
frpc 正在运行，跳过重启。
非维护时间，核心服务保持运行。
[2026年 03月 22日 星期日 23:20:01 CST] 启动环境检查...
frpc 正在运行，跳过重启。
非维护时间，核心服务保持运行。
[2026年 03月 22日 星期日 23:25:01 CST] 启动环境检查...
frpc 正在运行，跳过重启。
非维护时间，核心服务保持运行。
[2026年 03月 22日 星期日 23:30:01 CST] 启动环境检查...
frpc 正在运行，跳过重启。
非维护时间，核心服务保持运行。
[2026年 03月 22日 星期日 23:35:01 CST] 启动环境检查...
frpc 正在运行，跳过重启。
非维护时间，核心服务保持运行。
[2026年 03月 22日 星期日 23:40:01 CST] 启动环境检查...
frpc 正在运行，跳过重启。
非维护时间，核心服务保持运行。
[2026年 03月 22日 星期日 23:45:01 CST] 启动环境检查...
frpc 正在运行，跳过重启。
非维护时间，核心服务保持运行。
[2026年 03月 22日 星期日 23:50:01 CST] 启动环境检查...
frpc 正在运行，跳过重启。
非维护时间，核心服务保持运行。
[2026年 03月 22日 星期日 23:55:01 CST] 启动环境检查...
frpc 正在运行，跳过重启。
非维护时间，核心服务保持运行。
[2026年 03月 23日 星期一 00:00:01 CST] 启动环境检查...
frpc 正在运行，跳过重启。
非维护时间，核心服务保持运行。
[2026年 03月 23日 星期一 00:05:01 CST] 启动环境检查...
frpc 正在运行，跳过重启。
非维护时间，核心服务保持运行。
[2026年 03月 23日 星期一 00:10:01 CST] 启动环境检查...
frpc 正在运行，跳过重启。
非维护时间，核心服务保持运行。
[2026年 03月 23日 星期一 00:15:01 CST] 启动环境检查...
frpc 正在运行，跳过重启。
非维护时间，核心服务保持运行。
[2026年 03月 23日 星期一 00:20:01 CST] 启动环境检查...
frpc 正在运行，跳过重启。
非维护时间，核心服务保持运行。
[2026年 03月 23日 星期一 00:25:01 CST] 启动环境检查...
frpc 正在运行，跳过重启。
非维护时间，核心服务保持运行。
[2026年 03月 23日 星期一 00:30:01 CST] 启动环境检查...
frpc 正在运行，跳过重启。
非维护时间，核心服务保持运行。
[2026年 03月 23日 星期一 00:35:01 CST] 启动环境检查...
frpc 正在运行，跳过重启。
非维护时间，核心服务保持运行。
[2026年 03月 23日 星期一 00:40:01 CST] 启动环境检查...
frpc 正在运行，跳过重启。
非维护时间，核心服务保持运行。
[2026年 03月 23日 星期一 00:45:01 CST] 启动环境检查...
frpc 正在运行，跳过重启。
非维护时间，核心服务保持运行。
[2026年 03月 23日 星期一 00:50:01 CST] 启动环境检查...
frpc 正在运行，跳过重启。
非维护时间，核心服务保持运行。
[2026年 03月 23日 星期一 00:55:01 CST] 启动环境检查...
frpc 正在运行，跳过重启。
非维护时间，核心服务保持运行。
[2026年 03月 23日 星期一 01:00:01 CST] 启动环境检查...
frpc 正在运行，跳过重启。
非维护时间，核心服务保持运行。
[2026年 03月 23日 星期一 01:05:01 CST] 启动环境检查...
frpc 正在运行，跳过重启。
非维护时间，核心服务保持运行。
[2026年 03月 23日 星期一 01:10:01 CST] 启动环境检查...
frpc 正在运行，跳过重启。
非维护时间，核心服务保持运行。
[2026年 03月 23日 星期一 01:15:01 CST] 启动环境检查...
frpc 正在运行，跳过重启。
非维护时间，核心服务保持运行。
[2026年 03月 23日 星期一 01:20:01 CST] 启动环境检查...
frpc 正在运行，跳过重启。
非维护时间，核心服务保持运行。
[2026年 03月 23日 星期一 01:25:01 CST] 启动环境检查...
frpc 正在运行，跳过重启。
非维护时间，核心服务保持运行。
[2026年 03月 23日 星期一 01:30:01 CST] 启动环境检查...
frpc 正在运行，跳过重启。
非维护时间，核心服务保持运行。
[2026年 03月 23日 星期一 01:35:01 CST] 启动环境检查...
frpc 正在运行，跳过重启。
非维护时间，核心服务保持运行。
[2026年 03月 23日 星期一 01:40:01 CST] 启动环境检查...
frpc 正在运行，跳过重启。
非维护时间，核心服务保持运行。
[2026年 03月 23日 星期一 01:45:01 CST] 启动环境检查...
frpc 正在运行，跳过重启。
非维护时间，核心服务保持运行。
[2026年 03月 23日 星期一 01:50:01 CST] 启动环境检查...
frpc 正在运行，跳过重启。
非维护时间，核心服务保持运行。
[2026年 03月 23日 星期一 01:55:01 CST] 启动环境检查...
frpc 正在运行，跳过重启。
非维护时间，核心服务保持运行。
[2026年 03月 23日 星期一 02:00:01 CST] 启动环境检查...
frpc 正在运行，跳过重启。
非维护时间，核心服务保持运行。
[2026年 03月 23日 星期一 02:05:02 CST] 启动环境检查...
frpc 正在运行，跳过重启。
非维护时间，核心服务保持运行。
[2026年 03月 23日 星期一 02:10:01 CST] 启动环境检查...
frpc 正在运行，跳过重启。
非维护时间，核心服务保持运行。
[2026年 03月 23日 星期一 02:15:01 CST] 启动环境检查...
frpc 正在运行，跳过重启。
非维护时间，核心服务保持运行。
[2026年 03月 23日 星期一 02:20:01 CST] 启动环境检查...
frpc 正在运行，跳过重启。
非维护时间，核心服务保持运行。
[2026年 03月 23日 星期一 02:25:01 CST] 启动环境检查...
frpc 正在运行，跳过重启。
非维护时间，核心服务保持运行。
[2026年 03月 23日 星期一 02:30:01 CST] 启动环境检查...
frpc 正在运行，跳过重启。
非维护时间，核心服务保持运行。
[2026年 03月 23日 星期一 02:35:01 CST] 启动环境检查...
frpc 正在运行，跳过重启。
非维护时间，核心服务保持运行。
[2026年 03月 23日 星期一 02:40:01 CST] 启动环境检查...
frpc 正在运行，跳过重启。
非维护时间，核心服务保持运行。
[2026年 03月 23日 星期一 02:45:01 CST] 启动环境检查...
frpc 正在运行，跳过重启。
非维护时间，核心服务保持运行。
[2026年 03月 23日 星期一 02:50:01 CST] 启动环境检查...
frpc 正在运行，跳过重启。
非维护时间，核心服务保持运行。
[2026年 03月 23日 星期一 02:55:01 CST] 启动环境检查...
frpc 正在运行，跳过重启。
非维护时间，核心服务保持运行。
[2026年 03月 23日 星期一 03:00:01 CST] 启动环境检查...
frpc 正在运行，跳过重启。
触发凌晨 3:00 定时维护，准备重启核心服务...
清理端口 8000 的进程 143819
清理端口 7100 的进程 143821
核心服务已完成每日例行重启。
[2026年 03月 23日 星期一 03:05:01 CST] 启动环境检查...
frpc 正在运行，跳过重启。
触发凌晨 3:00 定时维护，准备重启核心服务...
清理端口 8000 的进程 150743
清理端口 7100 的进程 150712
核心服务已完成每日例行重启。
[2026年 03月 23日 星期一 03:10:01 CST] 启动环境检查...
frpc 正在运行，跳过重启。
触发凌晨 3:00 定时维护，准备重启核心服务...
清理端口 8000 的进程 151423
清理端口 7100 的进程 151422
核心服务已完成每日例行重启。
[2026年 03月 23日 星期一 03:15:01 CST] 启动环境检查...
frpc 正在运行，跳过重启。
触发凌晨 3:00 定时维护，准备重启核心服务...
清理端口 8000 的进程 152134
清理端口 7100 的进程 152133
核心服务已完成每日例行重启。
[2026年 03月 23日 星期一 03:20:01 CST] 启动环境检查...
frpc 正在运行，跳过重启。
触发凌晨 3:00 定时维护，准备重启核心服务...
清理端口 8000 的进程 152839
清理端口 7100 的进程 152870
核心服务已完成每日例行重启。
[2026年 03月 23日 星期一 03:25:01 CST] 启动环境检查...
frpc 正在运行，跳过重启。
触发凌晨 3:00 定时维护，准备重启核心服务...
清理端口 8000 的进程 153553
清理端口 7100 的进程 153585
核心服务已完成每日例行重启。
[2026年 03月 23日 星期一 03:30:01 CST] 启动环境检查...
frpc 正在运行，跳过重启。
触发凌晨 3:00 定时维护，准备重启核心服务...
清理端口 8000 的进程 154264
清理端口 7100 的进程 154263
核心服务已完成每日例行重启。
[2026年 03月 23日 星期一 03:35:01 CST] 启动环境检查...
frpc 正在运行，跳过重启。
触发凌晨 3:00 定时维护，准备重启核心服务...
清理端口 8000 的进程 154979
清理端口 7100 的进程 154978
核心服务已完成每日例行重启。
[2026年 03月 23日 星期一 03:40:01 CST] 启动环境检查...
frpc 正在运行，跳过重启。
触发凌晨 3:00 定时维护，准备重启核心服务...
清理端口 8000 的进程 155685
清理端口 7100 的进程 155684
核心服务已完成每日例行重启。
[2026年 03月 23日 星期一 03:45:01 CST] 启动环境检查...
frpc 正在运行，跳过重启。
触发凌晨 3:00 定时维护，准备重启核心服务...
清理端口 8000 的进程 156394
清理端口 7100 的进程 156393
核心服务已完成每日例行重启。
[2026年 03月 23日 星期一 03:50:01 CST] 启动环境检查...
frpc 正在运行，跳过重启。
触发凌晨 3:00 定时维护，准备重启核心服务...
清理端口 8000 的进程 157089
清理端口 7100 的进程 157090
核心服务已完成每日例行重启。
[2026年 03月 23日 星期一 03:55:01 CST] 启动环境检查...
frpc 正在运行，跳过重启。
触发凌晨 3:00 定时维护，准备重启核心服务...
清理端口 8000 的进程 157800
清理端口 7100 的进程 157799
核心服务已完成每日例行重启。
[2026年 03月 23日 星期一 04:00:01 CST] 启动环境检查...
frpc 正在运行，跳过重启。
非维护时间，核心服务保持运行。
[2026年 03月 23日 星期一 04:05:01 CST] 启动环境检查...
frpc 正在运行，跳过重启。
非维护时间，核心服务保持运行。
[2026年 03月 23日 星期一 04:10:01 CST] 启动环境检查...
frpc 正在运行，跳过重启。
非维护时间，核心服务保持运行。
[2026年 03月 23日 星期一 04:15:01 CST] 启动环境检查...
frpc 正在运行，跳过重启。
非维护时间，核心服务保持运行。
[2026年 03月 23日 星期一 04:20:01 CST] 启动环境检查...
frpc 正在运行，跳过重启。
非维护时间，核心服务保持运行。
[2026年 03月 23日 星期一 04:25:01 CST] 启动环境检查...
frpc 正在运行，跳过重启。
非维护时间，核心服务保持运行。
[2026年 03月 23日 星期一 04:30:01 CST] 启动环境检查...
frpc 正在运行，跳过重启。
非维护时间，核心服务保持运行。
[2026年 03月 23日 星期一 04:35:01 CST] 启动环境检查...
frpc 正在运行，跳过重启。
非维护时间，核心服务保持运行。
[2026年 03月 23日 星期一 04:40:01 CST] 启动环境检查...
frpc 正在运行，跳过重启。
非维护时间，核心服务保持运行。
[2026年 03月 23日 星期一 04:45:01 CST] 启动环境检查...
frpc 正在运行，跳过重启。
非维护时间，核心服务保持运行。
[2026年 03月 23日 星期一 04:50:01 CST] 启动环境检查...
frpc 正在运行，跳过重启。
非维护时间，核心服务保持运行。
[2026年 03月 23日 星期一 04:55:01 CST] 启动环境检查...
frpc 正在运行，跳过重启。
非维护时间，核心服务保持运行。
[2026年 03月 23日 星期一 05:00:01 CST] 启动环境检查...
frpc 正在运行，跳过重启。
非维护时间，核心服务保持运行。
[2026年 03月 23日 星期一 05:05:01 CST] 启动环境检查...
frpc 正在运行，跳过重启。
非维护时间，核心服务保持运行。
[2026年 03月 23日 星期一 05:10:01 CST] 启动环境检查...
frpc 正在运行，跳过重启。
非维护时间，核心服务保持运行。
[2026年 03月 23日 星期一 05:15:01 CST] 启动环境检查...
frpc 正在运行，跳过重启。
非维护时间，核心服务保持运行。
[2026年 03月 23日 星期一 05:20:01 CST] 启动环境检查...
frpc 正在运行，跳过重启。
非维护时间，核心服务保持运行。
[2026年 03月 23日 星期一 05:25:01 CST] 启动环境检查...
frpc 正在运行，跳过重启。
非维护时间，核心服务保持运行。
[2026年 03月 23日 星期一 05:30:01 CST] 启动环境检查...
frpc 正在运行，跳过重启。
非维护时间，核心服务保持运行。
[2026年 03月 23日 星期一 05:35:01 CST] 启动环境检查...
frpc 正在运行，跳过重启。
非维护时间，核心服务保持运行。
[2026年 03月 23日 星期一 05:40:01 CST] 启动环境检查...
frpc 正在运行，跳过重启。
非维护时间，核心服务保持运行。
[2026年 03月 23日 星期一 05:45:01 CST] 启动环境检查...
frpc 正在运行，跳过重启。
非维护时间，核心服务保持运行。
[2026年 03月 23日 星期一 05:50:01 CST] 启动环境检查...
frpc 正在运行，跳过重启。
非维护时间，核心服务保持运行。
[2026年 03月 23日 星期一 05:55:01 CST] 启动环境检查...
frpc 正在运行，跳过重启。
非维护时间，核心服务保持运行。
[2026年 03月 23日 星期一 06:00:01 CST] 启动环境检查...
frpc 正在运行，跳过重启。
非维护时间，核心服务保持运行。
[2026年 03月 23日 星期一 06:05:01 CST] 启动环境检查...
frpc 正在运行，跳过重启。
非维护时间，核心服务保持运行。
[2026年 03月 23日 星期一 06:10:01 CST] 启动环境检查...
frpc 正在运行，跳过重启。
非维护时间，核心服务保持运行。
[2026年 03月 23日 星期一 06:15:01 CST] 启动环境检查...
frpc 正在运行，跳过重启。
非维护时间，核心服务保持运行。
[2026年 03月 23日 星期一 06:20:01 CST] 启动环境检查...
frpc 正在运行，跳过重启。
非维护时间，核心服务保持运行。
[2026年 03月 23日 星期一 06:25:01 CST] 启动环境检查...
frpc 正在运行，跳过重启。
非维护时间，核心服务保持运行。
[2026年 03月 23日 星期一 06:30:01 CST] 启动环境检查...
frpc 正在运行，跳过重启。
非维护时间，核心服务保持运行。
[2026年 03月 23日 星期一 06:35:01 CST] 启动环境检查...
frpc 正在运行，跳过重启。
非维护时间，核心服务保持运行。
[2026年 03月 23日 星期一 06:40:01 CST] 启动环境检查...
frpc 正在运行，跳过重启。
非维护时间，核心服务保持运行。
[2026年 03月 23日 星期一 06:45:01 CST] 启动环境检查...
frpc 正在运行，跳过重启。
非维护时间，核心服务保持运行。
[2026年 03月 23日 星期一 06:50:01 CST] 启动环境检查...
frpc 正在运行，跳过重启。
非维护时间，核心服务保持运行。
[2026年 03月 23日 星期一 06:55:01 CST] 启动环境检查...
frpc 正在运行，跳过重启。
非维护时间，核心服务保持运行。
[2026年 03月 23日 星期一 07:00:01 CST] 启动环境检查...
frpc 正在运行，跳过重启。
非维护时间，核心服务保持运行。
[2026年 03月 23日 星期一 07:05:01 CST] 启动环境检查...
frpc 正在运行，跳过重启。
非维护时间，核心服务保持运行。
[2026年 03月 23日 星期一 07:10:02 CST] 启动环境检查...
frpc 正在运行，跳过重启。
非维护时间，核心服务保持运行。
[2026年 03月 23日 星期一 07:15:01 CST] 启动环境检查...
frpc 正在运行，跳过重启。
非维护时间，核心服务保持运行。
[2026年 03月 23日 星期一 07:20:01 CST] 启动环境检查...
frpc 正在运行，跳过重启。
非维护时间，核心服务保持运行。
[2026年 03月 23日 星期一 07:25:01 CST] 启动环境检查...
frpc 正在运行，跳过重启。
非维护时间，核心服务保持运行。
[2026年 03月 23日 星期一 07:30:01 CST] 启动环境检查...
frpc 正在运行，跳过重启。
非维护时间，核心服务保持运行。
[2026年 03月 23日 星期一 07:35:01 CST] 启动环境检查...
frpc 正在运行，跳过重启。
非维护时间，核心服务保持运行。
[2026年 03月 23日 星期一 07:40:01 CST] 启动环境检查...
frpc 正在运行，跳过重启。
非维护时间，核心服务保持运行。
[2026年 03月 23日 星期一 07:45:01 CST] 启动环境检查...
frpc 正在运行，跳过重启。
非维护时间，核心服务保持运行。
[2026年 03月 23日 星期一 07:50:01 CST] 启动环境检查...
frpc 正在运行，跳过重启。
非维护时间，核心服务保持运行。
[2026年 03月 23日 星期一 07:55:01 CST] 启动环境检查...
frpc 正在运行，跳过重启。
非维护时间，核心服务保持运行。
[2026年 03月 23日 星期一 08:00:01 CST] 启动环境检查...
frpc 正在运行，跳过重启。
非维护时间，核心服务保持运行。
[2026年 03月 23日 星期一 08:05:01 CST] 启动环境检查...
frpc 正在运行，跳过重启。
非维护时间，核心服务保持运行。
[2026年 03月 23日 星期一 08:10:01 CST] 启动环境检查...
frpc 正在运行，跳过重启。
非维护时间，核心服务保持运行。
[2026年 03月 23日 星期一 08:15:01 CST] 启动环境检查...
frpc 正在运行，跳过重启。
非维护时间，核心服务保持运行。
[2026年 03月 23日 星期一 08:20:01 CST] 启动环境检查...
frpc 正在运行，跳过重启。
非维护时间，核心服务保持运行。
[2026年 03月 23日 星期一 08:25:01 CST] 启动环境检查...
frpc 正在运行，跳过重启。
非维护时间，核心服务保持运行。
[2026年 03月 23日 星期一 08:30:01 CST] 启动环境检查...
frpc 正在运行，跳过重启。
非维护时间，核心服务保持运行。
[2026年 03月 23日 星期一 08:35:01 CST] 启动环境检查...
frpc 正在运行，跳过重启。
非维护时间，核心服务保持运行。
[2026年 03月 23日 星期一 08:40:01 CST] 启动环境检查...
frpc 正在运行，跳过重启。
非维护时间，核心服务保持运行。
[2026年 03月 23日 星期一 08:45:01 CST] 启动环境检查...
frpc 正在运行，跳过重启。
非维护时间，核心服务保持运行。
[2026年 03月 23日 星期一 08:50:01 CST] 启动环境检查...
frpc 正在运行，跳过重启。
非维护时间，核心服务保持运行。
[2026年 03月 23日 星期一 08:55:01 CST] 启动环境检查...
frpc 正在运行，跳过重启。
非维护时间，核心服务保持运行。
[2026年 03月 23日 星期一 09:00:01 CST] 启动环境检查...
frpc 正在运行，跳过重启。
非维护时间，核心服务保持运行。
[2026年 03月 23日 星期一 09:05:01 CST] 启动环境检查...
frpc 正在运行，跳过重启。
非维护时间，核心服务保持运行。
[2026年 03月 23日 星期一 09:10:01 CST] 启动环境检查...
frpc 正在运行，跳过重启。
非维护时间，核心服务保持运行。
[2026年 03月 23日 星期一 09:15:01 CST] 启动环境检查...
frpc 正在运行，跳过重启。
非维护时间，核心服务保持运行。
[2026年 03月 23日 星期一 09:20:01 CST] 启动环境检查...
frpc 正在运行，跳过重启。
非维护时间，核心服务保持运行。
[2026年 03月 23日 星期一 09:25:01 CST] 启动环境检查...
frpc 正在运行，跳过重启。
非维护时间，核心服务保持运行。
[2026年 03月 23日 星期一 09:30:01 CST] 启动环境检查...
frpc 正在运行，跳过重启。
非维护时间，核心服务保持运行。
[2026年 03月 23日 星期一 09:35:01 CST] 启动环境检查...
frpc 正在运行，跳过重启。
非维护时间，核心服务保持运行。
[2026年 03月 23日 星期一 09:40:01 CST] 启动环境检查...
frpc 正在运行，跳过重启。
非维护时间，核心服务保持运行。
[2026年 03月 23日 星期一 09:45:01 CST] 启动环境检查...
frpc 正在运行，跳过重启。
非维护时间，核心服务保持运行。
[2026年 03月 23日 星期一 09:50:01 CST] 启动环境检查...
frpc 正在运行，跳过重启。
非维护时间，核心服务保持运行。
[2026年 03月 23日 星期一 09:55:01 CST] 启动环境检查...
frpc 正在运行，跳过重启。
非维护时间，核心服务保持运行。
[2026年 03月 23日 星期一 10:00:01 CST] 启动环境检查...
frpc 正在运行，跳过重启。
非维护时间，核心服务保持运行。
[2026年 03月 23日 星期一 10:05:01 CST] 启动环境检查...
frpc 正在运行，跳过重启。
非维护时间，核心服务保持运行。
[2026年 03月 23日 星期一 10:10:01 CST] 启动环境检查...
frpc 正在运行，跳过重启。
非维护时间，核心服务保持运行。
[2026年 03月 23日 星期一 10:15:01 CST] 启动环境检查...
frpc 正在运行，跳过重启。
非维护时间，核心服务保持运行。
[2026年 03月 23日 星期一 10:20:01 CST] 启动环境检查...
frpc 正在运行，跳过重启。
非维护时间，核心服务保持运行。
[2026年 03月 23日 星期一 10:25:01 CST] 启动环境检查...
frpc 正在运行，跳过重启。
非维护时间，核心服务保持运行。
[2026年 03月 23日 星期一 10:30:01 CST] 启动环境检查...
frpc 正在运行，跳过重启。
非维护时间，核心服务保持运行。
[2026年 03月 23日 星期一 10:35:01 CST] 启动环境检查...
frpc 正在运行，跳过重启。
非维护时间，核心服务保持运行。
[2026年 03月 23日 星期一 10:40:01 CST] 启动环境检查...
frpc 正在运行，跳过重启。
非维护时间，核心服务保持运行。
[2026年 03月 23日 星期一 10:45:01 CST] 启动环境检查...
frpc 正在运行，跳过重启。
非维护时间，核心服务保持运行。
[2026年 03月 23日 星期一 10:50:01 CST] 启动环境检查...
frpc 正在运行，跳过重启。
非维护时间，核心服务保持运行。
[2026年 03月 23日 星期一 10:55:01 CST] 启动环境检查...
frpc 正在运行，跳过重启。
非维护时间，核心服务保持运行。
[2026年 03月 23日 星期一 11:00:01 CST] 启动环境检查...
frpc 正在运行，跳过重启。
非维护时间，核心服务保持运行。
[2026年 03月 23日 星期一 11:05:01 CST] 启动环境检查...
frpc 正在运行，跳过重启。
非维护时间，核心服务保持运行。
[2026年 03月 23日 星期一 11:10:01 CST] 启动环境检查...
frpc 正在运行，跳过重启。
非维护时间，核心服务保持运行。
[2026年 03月 23日 星期一 11:15:01 CST] 启动环境检查...
frpc 正在运行，跳过重启。
非维护时间，核心服务保持运行。
[2026年 03月 23日 星期一 11:20:01 CST] 启动环境检查...
frpc 正在运行，跳过重启。
非维护时间，核心服务保持运行。
[2026年 03月 23日 星期一 11:25:01 CST] 启动环境检查...
frpc 正在运行，跳过重启。
非维护时间，核心服务保持运行。
[2026年 03月 23日 星期一 11:30:01 CST] 启动环境检查...
frpc 正在运行，跳过重启。
非维护时间，核心服务保持运行。
[2026年 03月 23日 星期一 11:35:01 CST] 启动环境检查...
frpc 正在运行，跳过重启。
非维护时间，核心服务保持运行。
[2026年 03月 23日 星期一 11:40:01 CST] 启动环境检查...
frpc 正在运行，跳过重启。
非维护时间，核心服务保持运行。
[2026年 03月 23日 星期一 11:45:01 CST] 启动环境检查...
frpc 正在运行，跳过重启。
非维护时间，核心服务保持运行。
[2026年 03月 23日 星期一 11:50:01 CST] 启动环境检查...
frpc 正在运行，跳过重启。
非维护时间，核心服务保持运行。
[2026年 03月 23日 星期一 11:55:01 CST] 启动环境检查...
frpc 正在运行，跳过重启。
非维护时间，核心服务保持运行。
[2026年 03月 23日 星期一 12:00:01 CST] 启动环境检查...
frpc 正在运行，跳过重启。
非维护时间，核心服务保持运行。
[2026年 03月 23日 星期一 12:05:01 CST] 启动环境检查...
frpc 正在运行，跳过重启。
非维护时间，核心服务保持运行。
[2026年 03月 23日 星期一 12:10:01 CST] 启动环境检查...
frpc 正在运行，跳过重启。
非维护时间，核心服务保持运行。
[2026年 03月 23日 星期一 12:15:01 CST] 启动环境检查...
frpc 正在运行，跳过重启。
非维护时间，核心服务保持运行。
[2026年 03月 23日 星期一 12:20:01 CST] 启动环境检查...
frpc 正在运行，跳过重启。
非维护时间，核心服务保持运行。
[2026年 03月 23日 星期一 12:25:01 CST] 启动环境检查...
frpc 正在运行，跳过重启。
非维护时间，核心服务保持运行。
[2026年 03月 23日 星期一 12:30:01 CST] 启动环境检查...
frpc 正在运行，跳过重启。
非维护时间，核心服务保持运行。
[2026年 03月 23日 星期一 12:35:01 CST] 启动环境检查...
frpc 正在运行，跳过重启。
非维护时间，核心服务保持运行。
[2026年 03月 23日 星期一 12:40:01 CST] 启动环境检查...
frpc 正在运行，跳过重启。
非维护时间，核心服务保持运行。
[2026年 03月 23日 星期一 12:45:01 CST] 启动环境检查...
frpc 正在运行，跳过重启。
非维护时间，核心服务保持运行。
[2026年 03月 23日 星期一 12:50:01 CST] 启动环境检查...
frpc 正在运行，跳过重启。
非维护时间，核心服务保持运行。
[2026年 03月 23日 星期一 12:55:01 CST] 启动环境检查...
frpc 正在运行，跳过重启。
非维护时间，核心服务保持运行。
[2026年 03月 23日 星期一 13:00:01 CST] 启动环境检查...
frpc 正在运行，跳过重启。
非维护时间，核心服务保持运行。
[2026年 03月 23日 星期一 13:05:01 CST] 启动环境检查...
frpc 正在运行，跳过重启。
非维护时间，核心服务保持运行。
[2026年 03月 23日 星期一 13:10:01 CST] 启动环境检查...
frpc 正在运行，跳过重启。
非维护时间，核心服务保持运行。
[2026年 03月 23日 星期一 13:15:01 CST] 启动环境检查...
frpc 正在运行，跳过重启。
非维护时间，核心服务保持运行。
[2026年 03月 23日 星期一 13:20:01 CST] 启动环境检查...
frpc 正在运行，跳过重启。
非维护时间，核心服务保持运行。
[2026年 03月 23日 星期一 13:25:01 CST] 启动环境检查...
frpc 正在运行，跳过重启。
非维护时间，核心服务保持运行。
[2026年 03月 23日 星期一 13:30:01 CST] 启动环境检查...
frpc 正在运行，跳过重启。
非维护时间，核心服务保持运行。
[2026年 03月 23日 星期一 13:35:01 CST] 启动环境检查...
frpc 正在运行，跳过重启。
非维护时间，核心服务保持运行。
[2026年 03月 23日 星期一 13:40:01 CST] 启动环境检查...
frpc 正在运行，跳过重启。
非维护时间，核心服务保持运行。
[2026年 03月 23日 星期一 13:45:01 CST] 启动环境检查...
frpc 正在运行，跳过重启。
非维护时间，核心服务保持运行。
[2026年 03月 23日 星期一 13:50:01 CST] 启动环境检查...
frpc 正在运行，跳过重启。
非维护时间，核心服务保持运行。
[2026年 03月 23日 星期一 13:55:01 CST] 启动环境检查...
frpc 正在运行，跳过重启。
非维护时间，核心服务保持运行。
[2026年 03月 23日 星期一 14:00:01 CST] 启动环境检查...
frpc 正在运行，跳过重启。
非维护时间，核心服务保持运行。
[2026年 03月 23日 星期一 14:05:01 CST] 启动环境检查...
frpc 正在运行，跳过重启。
非维护时间，核心服务保持运行。
[2026年 03月 23日 星期一 14:10:01 CST] 启动环境检查...
frpc 正在运行，跳过重启。
非维护时间，核心服务保持运行。
[2026年 03月 23日 星期一 14:15:02 CST] 启动环境检查...
frpc 正在运行，跳过重启。
非维护时间，核心服务保持运行。
[2026年 03月 23日 星期一 14:20:01 CST] 启动环境检查...
frpc 正在运行，跳过重启。
非维护时间，核心服务保持运行。
[2026年 03月 23日 星期一 14:25:01 CST] 启动环境检查...
frpc 正在运行，跳过重启。
非维护时间，核心服务保持运行。
[2026年 03月 23日 星期一 14:30:01 CST] 启动环境检查...
frpc 正在运行，跳过重启。
非维护时间，核心服务保持运行。
[2026年 03月 23日 星期一 14:35:01 CST] 启动环境检查...
frpc 正在运行，跳过重启。
非维护时间，核心服务保持运行。
[2026年 03月 23日 星期一 14:40:01 CST] 启动环境检查...
frpc 正在运行，跳过重启。
非维护时间，核心服务保持运行。
[2026年 03月 23日 星期一 14:45:01 CST] 启动环境检查...
frpc 正在运行，跳过重启。
非维护时间，核心服务保持运行。
[2026年 03月 23日 星期一 14:50:01 CST] 启动环境检查...
frpc 正在运行，跳过重启。
非维护时间，核心服务保持运行。
[2026年 03月 23日 星期一 14:55:01 CST] 启动环境检查...
frpc 正在运行，跳过重启。
非维护时间，核心服务保持运行。
[2026年 03月 23日 星期一 15:00:01 CST] 启动环境检查...
frpc 正在运行，跳过重启。
非维护时间，核心服务保持运行。
[2026年 03月 23日 星期一 15:05:01 CST] 启动环境检查...
frpc 正在运行，跳过重启。
非维护时间，核心服务保持运行。
[2026年 03月 23日 星期一 15:10:01 CST] 启动环境检查...
frpc 正在运行，跳过重启。
非维护时间，核心服务保持运行。
[2026年 03月 23日 星期一 15:15:01 CST] 启动环境检查...
frpc 正在运行，跳过重启。
非维护时间，核心服务保持运行。
[2026年 03月 23日 星期一 15:20:01 CST] 启动环境检查...
frpc 正在运行，跳过重启。
非维护时间，核心服务保持运行。
[2026年 03月 23日 星期一 15:25:01 CST] 启动环境检查...
frpc 正在运行，跳过重启。
非维护时间，核心服务保持运行。
[2026年 03月 23日 星期一 15:30:01 CST] 启动环境检查...
frpc 正在运行，跳过重启。
非维护时间，核心服务保持运行。
[2026年 03月 23日 星期一 15:35:01 CST] 启动环境检查...
frpc 正在运行，跳过重启。
非维护时间，核心服务保持运行。
[2026年 03月 23日 星期一 15:40:01 CST] 启动环境检查...
frpc 正在运行，跳过重启。
非维护时间，核心服务保持运行。
[2026年 03月 23日 星期一 15:45:01 CST] 启动环境检查...
frpc 正在运行，跳过重启。
非维护时间，核心服务保持运行。
[2026年 03月 23日 星期一 15:50:01 CST] 启动环境检查...
frpc 正在运行，跳过重启。
非维护时间，核心服务保持运行。
[2026年 03月 23日 星期一 15:55:01 CST] 启动环境检查...
frpc 正在运行，跳过重启。
非维护时间，核心服务保持运行。
[2026年 03月 23日 星期一 16:00:01 CST] 启动环境检查...
frpc 正在运行，跳过重启。
非维护时间，核心服务保持运行。
[2026年 03月 23日 星期一 16:05:01 CST] 启动环境检查...
frpc 正在运行，跳过重启。
非维护时间，核心服务保持运行。
[2026年 03月 23日 星期一 16:10:01 CST] 启动环境检查...
frpc 正在运行，跳过重启。
非维护时间，核心服务保持运行。
[2026年 03月 23日 星期一 16:15:01 CST] 启动环境检查...
frpc 正在运行，跳过重启。
非维护时间，核心服务保持运行。
[2026年 03月 23日 星期一 16:20:01 CST] 启动环境检查...
frpc 正在运行，跳过重启。
非维护时间，核心服务保持运行。
[2026年 03月 23日 星期一 16:25:01 CST] 启动环境检查...
frpc 正在运行，跳过重启。
非维护时间，核心服务保持运行。
[2026年 03月 23日 星期一 16:30:01 CST] 启动环境检查...
frpc 正在运行，跳过重启。
非维护时间，核心服务保持运行。
[2026年 03月 23日 星期一 16:35:01 CST] 启动环境检查...
frpc 正在运行，跳过重启。
非维护时间，核心服务保持运行。
[2026年 03月 23日 星期一 16:40:01 CST] 启动环境检查...
frpc 正在运行，跳过重启。
非维护时间，核心服务保持运行。
[2026年 03月 23日 星期一 16:45:01 CST] 启动环境检查...
frpc 正在运行，跳过重启。
非维护时间，核心服务保持运行。
[2026年 03月 23日 星期一 16:50:01 CST] 启动环境检查...
frpc 正在运行，跳过重启。
非维护时间，核心服务保持运行。
[2026年 03月 23日 星期一 16:55:01 CST] 启动环境检查...
frpc 正在运行，跳过重启。
非维护时间，核心服务保持运行。
[2026年 03月 23日 星期一 17:00:01 CST] 启动环境检查...
frpc 正在运行，跳过重启。
非维护时间，核心服务保持运行。
[2026年 03月 23日 星期一 17:05:01 CST] 启动环境检查...
frpc 正在运行，跳过重启。
非维护时间，核心服务保持运行。
[2026年 03月 23日 星期一 17:10:01 CST] 启动环境检查...
frpc 正在运行，跳过重启。
非维护时间，核心服务保持运行。
[2026年 03月 23日 星期一 17:15:01 CST] 启动环境检查...
frpc 正在运行，跳过重启。
非维护时间，核心服务保持运行。
[2026年 03月 23日 星期一 17:20:02 CST] 启动环境检查...
frpc 正在运行，跳过重启。
非维护时间，核心服务保持运行。
[2026年 03月 23日 星期一 17:25:01 CST] 启动环境检查...
frpc 正在运行，跳过重启。
非维护时间，核心服务保持运行。
[2026年 03月 23日 星期一 17:30:01 CST] 启动环境检查...
frpc 正在运行，跳过重启。
非维护时间，核心服务保持运行。
[2026年 03月 23日 星期一 17:35:01 CST] 启动环境检查...
frpc 正在运行，跳过重启。
非维护时间，核心服务保持运行。
[2026年 03月 23日 星期一 17:40:01 CST] 启动环境检查...
frpc 正在运行，跳过重启。
非维护时间，核心服务保持运行。
[2026年 03月 23日 星期一 17:45:01 CST] 启动环境检查...
frpc 正在运行，跳过重启。
非维护时间，核心服务保持运行。
[2026年 03月 23日 星期一 17:50:01 CST] 启动环境检查...
frpc 正在运行，跳过重启。
非维护时间，核心服务保持运行。
[2026年 03月 23日 星期一 17:55:01 CST] 启动环境检查...
frpc 正在运行，跳过重启。
非维护时间，核心服务保持运行。
[2026年 03月 23日 星期一 18:00:01 CST] 启动环境检查...
frpc 正在运行，跳过重启。
非维护时间，核心服务保持运行。
[2026年 03月 23日 星期一 18:05:01 CST] 启动环境检查...
frpc 正在运行，跳过重启。
非维护时间，核心服务保持运行。
[2026年 03月 23日 星期一 18:10:01 CST] 启动环境检查...
frpc 正在运行，跳过重启。
非维护时间，核心服务保持运行。
[2026年 03月 23日 星期一 18:15:01 CST] 启动环境检查...
frpc 正在运行，跳过重启。
非维护时间，核心服务保持运行。
[2026年 03月 23日 星期一 18:20:01 CST] 启动环境检查...
frpc 正在运行，跳过重启。
非维护时间，核心服务保持运行。
[2026年 03月 23日 星期一 18:25:01 CST] 启动环境检查...
frpc 正在运行，跳过重启。
非维护时间，核心服务保持运行。
[2026年 03月 23日 星期一 18:30:01 CST] 启动环境检查...
frpc 正在运行，跳过重启。
非维护时间，核心服务保持运行。
[2026年 03月 23日 星期一 18:35:01 CST] 启动环境检查...
frpc 正在运行，跳过重启。
非维护时间，核心服务保持运行。
[2026年 03月 23日 星期一 18:40:01 CST] 启动环境检查...
frpc 正在运行，跳过重启。
非维护时间，核心服务保持运行。
[2026年 03月 23日 星期一 18:45:01 CST] 启动环境检查...
frpc 正在运行，跳过重启。
非维护时间，核心服务保持运行。
[2026年 03月 23日 星期一 18:50:01 CST] 启动环境检查...
frpc 正在运行，跳过重启。
非维护时间，核心服务保持运行。
[2026年 03月 23日 星期一 18:55:01 CST] 启动环境检查...
frpc 正在运行，跳过重启。
非维护时间，核心服务保持运行。
[2026年 03月 23日 星期一 19:00:01 CST] 启动环境检查...
frpc 正在运行，跳过重启。
非维护时间，核心服务保持运行。
[2026年 03月 23日 星期一 19:05:01 CST] 启动环境检查...
frpc 正在运行，跳过重启。
非维护时间，核心服务保持运行。
[2026年 03月 23日 星期一 19:10:01 CST] 启动环境检查...
frpc 正在运行，跳过重启。
非维护时间，核心服务保持运行。
[2026年 03月 23日 星期一 19:15:01 CST] 启动环境检查...
frpc 正在运行，跳过重启。
非维护时间，核心服务保持运行。
[2026年 03月 23日 星期一 19:20:01 CST] 启动环境检查...
frpc 正在运行，跳过重启。
非维护时间，核心服务保持运行。
[2026年 03月 23日 星期一 19:25:01 CST] 启动环境检查...
frpc 正在运行，跳过重启。
非维护时间，核心服务保持运行。
[2026年 03月 23日 星期一 19:30:01 CST] 启动环境检查...
frpc 正在运行，跳过重启。
非维护时间，核心服务保持运行。
[2026年 03月 23日 星期一 19:35:01 CST] 启动环境检查...
frpc 正在运行，跳过重启。
非维护时间，核心服务保持运行。
[2026年 03月 23日 星期一 19:40:01 CST] 启动环境检查...
frpc 正在运行，跳过重启。
非维护时间，核心服务保持运行。
[2026年 03月 23日 星期一 19:45:01 CST] 启动环境检查...
frpc 正在运行，跳过重启。
非维护时间，核心服务保持运行。
[2026年 03月 23日 星期一 19:50:01 CST] 启动环境检查...
frpc 正在运行，跳过重启。
非维护时间，核心服务保持运行。
[2026年 03月 23日 星期一 19:55:01 CST] 启动环境检查...
frpc 正在运行，跳过重启。
非维护时间，核心服务保持运行。
[2026年 03月 23日 星期一 20:00:01 CST] 启动环境检查...
frpc 正在运行，跳过重启。
非维护时间，核心服务保持运行。
[2026年 03月 23日 星期一 20:05:01 CST] 启动环境检查...
frpc 正在运行，跳过重启。
非维护时间，核心服务保持运行。
[2026年 03月 23日 星期一 20:10:01 CST] 启动环境检查...
frpc 正在运行，跳过重启。
非维护时间，核心服务保持运行。
[2026年 03月 23日 星期一 20:15:01 CST] 启动环境检查...
frpc 正在运行，跳过重启。
非维护时间，核心服务保持运行。
[2026年 03月 23日 星期一 20:20:01 CST] 启动环境检查...
frpc 正在运行，跳过重启。
非维护时间，核心服务保持运行。
[2026年 03月 23日 星期一 20:25:01 CST] 启动环境检查...
frpc 正在运行，跳过重启。
非维护时间，核心服务保持运行。
[2026年 03月 23日 星期一 20:30:01 CST] 启动环境检查...
frpc 正在运行，跳过重启。
非维护时间，核心服务保持运行。
[2026年 03月 23日 星期一 20:35:01 CST] 启动环境检查...
frpc 正在运行，跳过重启。
非维护时间，核心服务保持运行。
[2026年 03月 23日 星期一 20:40:01 CST] 启动环境检查...
frpc 正在运行，跳过重启。
非维护时间，核心服务保持运行。
[2026年 03月 23日 星期一 20:45:01 CST] 启动环境检查...
frpc 正在运行，跳过重启。
非维护时间，核心服务保持运行。
[2026年 03月 23日 星期一 20:50:01 CST] 启动环境检查...
frpc 正在运行，跳过重启。
非维护时间，核心服务保持运行。
[2026年 03月 23日 星期一 20:55:01 CST] 启动环境检查...
frpc 正在运行，跳过重启。
非维护时间，核心服务保持运行。
[2026年 03月 23日 星期一 21:00:01 CST] 启动环境检查...
frpc 正在运行，跳过重启。
非维护时间，核心服务保持运行。
[2026年 03月 23日 星期一 21:05:01 CST] 启动环境检查...
frpc 正在运行，跳过重启。
非维护时间，核心服务保持运行。
[2026年 03月 23日 星期一 21:10:01 CST] 启动环境检查...
frpc 正在运行，跳过重启。
非维护时间，核心服务保持运行。
[2026年 03月 23日 星期一 21:15:01 CST] 启动环境检查...
frpc 正在运行，跳过重启。
非维护时间，核心服务保持运行。
[2026年 03月 23日 星期一 21:20:01 CST] 启动环境检查...
frpc 正在运行，跳过重启。
非维护时间，核心服务保持运行。
[2026年 03月 23日 星期一 21:25:01 CST] 启动环境检查...
frpc 正在运行，跳过重启。
非维护时间，核心服务保持运行。
[2026年 03月 23日 星期一 21:30:01 CST] 启动环境检查...
frpc 正在运行，跳过重启。
非维护时间，核心服务保持运行。
[2026年 03月 23日 星期一 21:35:01 CST] 启动环境检查...
frpc 正在运行，跳过重启。
非维护时间，核心服务保持运行。
[2026年 03月 23日 星期一 21:40:01 CST] 启动环境检查...
frpc 正在运行，跳过重启。
非维护时间，核心服务保持运行。
[2026年 03月 23日 星期一 21:45:01 CST] 启动环境检查...
frpc 正在运行，跳过重启。
非维护时间，核心服务保持运行。
[2026年 03月 23日 星期一 21:50:01 CST] 启动环境检查...
frpc 正在运行，跳过重启。
非维护时间，核心服务保持运行。
[2026年 03月 23日 星期一 21:55:01 CST] 启动环境检查...
frpc 正在运行，跳过重启。
非维护时间，核心服务保持运行。
[2026年 03月 23日 星期一 22:00:01 CST] 启动环境检查...
frpc 正在运行，跳过重启。
非维护时间，核心服务保持运行。
[2026年 03月 23日 星期一 22:05:01 CST] 启动环境检查...
frpc 正在运行，跳过重启。
非维护时间，核心服务保持运行。
[2026年 03月 23日 星期一 22:10:01 CST] 启动环境检查...
frpc 正在运行，跳过重启。
非维护时间，核心服务保持运行。
[2026年 03月 23日 星期一 22:15:01 CST] 启动环境检查...
frpc 正在运行，跳过重启。
非维护时间，核心服务保持运行。
[2026年 03月 23日 星期一 22:20:01 CST] 启动环境检查...
frpc 正在运行，跳过重启。
非维护时间，核心服务保持运行。
[2026年 03月 23日 星期一 22:25:01 CST] 启动环境检查...
frpc 正在运行，跳过重启。
非维护时间，核心服务保持运行。
[2026年 03月 23日 星期一 22:30:01 CST] 启动环境检查...
frpc 正在运行，跳过重启。
非维护时间，核心服务保持运行。
[2026年 03月 23日 星期一 22:35:01 CST] 启动环境检查...
frpc 正在运行，跳过重启。
非维护时间，核心服务保持运行。
[2026年 03月 23日 星期一 22:40:01 CST] 启动环境检查...
frpc 正在运行，跳过重启。
非维护时间，核心服务保持运行。
[2026年 03月 23日 星期一 22:45:01 CST] 启动环境检查...
frpc 正在运行，跳过重启。
非维护时间，核心服务保持运行。
[2026年 03月 23日 星期一 22:50:01 CST] 启动环境检查...
frpc 正在运行，跳过重启。
非维护时间，核心服务保持运行。
[2026年 03月 23日 星期一 22:55:01 CST] 启动环境检查...
frpc 正在运行，跳过重启。
非维护时间，核心服务保持运行。
[2026年 03月 23日 星期一 23:00:01 CST] 启动环境检查...
frpc 正在运行，跳过重启。
非维护时间，核心服务保持运行。
[2026年 03月 23日 星期一 23:05:01 CST] 启动环境检查...
frpc 正在运行，跳过重启。
非维护时间，核心服务保持运行。
[2026年 03月 23日 星期一 23:10:01 CST] 启动环境检查...
frpc 正在运行，跳过重启。
非维护时间，核心服务保持运行。
[2026年 03月 23日 星期一 23:15:01 CST] 启动环境检查...
frpc 正在运行，跳过重启。
非维护时间，核心服务保持运行。
[2026年 03月 23日 星期一 23:20:01 CST] 启动环境检查...
frpc 正在运行，跳过重启。
非维护时间，核心服务保持运行。
[2026年 03月 23日 星期一 23:25:01 CST] 启动环境检查...
frpc 正在运行，跳过重启。
非维护时间，核心服务保持运行。
[2026年 03月 23日 星期一 23:30:01 CST] 启动环境检查...
frpc 正在运行，跳过重启。
非维护时间，核心服务保持运行。
[2026年 03月 23日 星期一 23:35:01 CST] 启动环境检查...
frpc 正在运行，跳过重启。
非维护时间，核心服务保持运行。
[2026年 03月 23日 星期一 23:40:01 CST] 启动环境检查...
frpc 正在运行，跳过重启。
非维护时间，核心服务保持运行。
[2026年 03月 23日 星期一 23:45:01 CST] 启动环境检查...
frpc 正在运行，跳过重启。
非维护时间，核心服务保持运行。
[2026年 03月 23日 星期一 23:50:01 CST] 启动环境检查...
frpc 正在运行，跳过重启。
非维护时间，核心服务保持运行。
[2026年 03月 23日 星期一 23:55:01 CST] 启动环境检查...
frpc 正在运行，跳过重启。
非维护时间，核心服务保持运行。
[2026年 03月 24日 星期二 00:00:01 CST] 启动环境检查...
frpc 正在运行，跳过重启。
非维护时间，核心服务保持运行。
[2026年 03月 24日 星期二 00:05:01 CST] 启动环境检查...
frpc 正在运行，跳过重启。
非维护时间，核心服务保持运行。
[2026年 03月 24日 星期二 00:10:01 CST] 启动环境检查...
frpc 正在运行，跳过重启。
非维护时间，核心服务保持运行。
[2026年 03月 24日 星期二 00:15:01 CST] 启动环境检查...
frpc 正在运行，跳过重启。
非维护时间，核心服务保持运行。
[2026年 03月 24日 星期二 00:20:01 CST] 启动环境检查...
frpc 正在运行，跳过重启。
非维护时间，核心服务保持运行。
[2026年 03月 24日 星期二 00:25:01 CST] 启动环境检查...
frpc 正在运行，跳过重启。
非维护时间，核心服务保持运行。
[2026年 03月 24日 星期二 00:30:01 CST] 启动环境检查...
frpc 正在运行，跳过重启。
非维护时间，核心服务保持运行。
[2026年 03月 24日 星期二 00:35:01 CST] 启动环境检查...
frpc 正在运行，跳过重启。
非维护时间，核心服务保持运行。
[2026年 03月 24日 星期二 00:40:01 CST] 启动环境检查...
frpc 正在运行，跳过重启。
非维护时间，核心服务保持运行。
[2026年 03月 24日 星期二 00:45:01 CST] 启动环境检查...
frpc 正在运行，跳过重启。
非维护时间，核心服务保持运行。
[2026年 03月 24日 星期二 00:50:01 CST] 启动环境检查...
frpc 正在运行，跳过重启。
非维护时间，核心服务保持运行。
[2026年 03月 24日 星期二 00:55:01 CST] 启动环境检查...
frpc 正在运行，跳过重启。
非维护时间，核心服务保持运行。
[2026年 03月 24日 星期二 01:00:01 CST] 启动环境检查...
frpc 正在运行，跳过重启。
非维护时间，核心服务保持运行。
[2026年 03月 24日 星期二 01:05:01 CST] 启动环境检查...
frpc 正在运行，跳过重启。
非维护时间，核心服务保持运行。
[2026年 03月 24日 星期二 01:10:01 CST] 启动环境检查...
frpc 正在运行，跳过重启。
非维护时间，核心服务保持运行。
[2026年 03月 24日 星期二 01:15:01 CST] 启动环境检查...
frpc 正在运行，跳过重启。
非维护时间，核心服务保持运行。
[2026年 03月 24日 星期二 01:20:01 CST] 启动环境检查...
frpc 正在运行，跳过重启。
非维护时间，核心服务保持运行。
[2026年 03月 24日 星期二 01:25:01 CST] 启动环境检查...
frpc 正在运行，跳过重启。
非维护时间，核心服务保持运行。
[2026年 03月 24日 星期二 01:30:01 CST] 启动环境检查...
frpc 正在运行，跳过重启。
非维护时间，核心服务保持运行。
[2026年 03月 24日 星期二 01:35:01 CST] 启动环境检查...
frpc 正在运行，跳过重启。
非维护时间，核心服务保持运行。
[2026年 03月 24日 星期二 01:40:01 CST] 启动环境检查...
frpc 正在运行，跳过重启。
非维护时间，核心服务保持运行。
[2026年 03月 24日 星期二 01:45:01 CST] 启动环境检查...
frpc 正在运行，跳过重启。
非维护时间，核心服务保持运行。
[2026年 03月 24日 星期二 01:50:01 CST] 启动环境检查...
frpc 正在运行，跳过重启。
非维护时间，核心服务保持运行。
[2026年 03月 24日 星期二 01:55:01 CST] 启动环境检查...
frpc 正在运行，跳过重启。
非维护时间，核心服务保持运行。
[2026年 03月 24日 星期二 02:00:01 CST] 启动环境检查...
frpc 正在运行，跳过重启。
非维护时间，核心服务保持运行。
[2026年 03月 24日 星期二 02:05:01 CST] 启动环境检查...
frpc 正在运行，跳过重启。
非维护时间，核心服务保持运行。
[2026年 03月 24日 星期二 02:10:01 CST] 启动环境检查...
frpc 正在运行，跳过重启。
非维护时间，核心服务保持运行。
[2026年 03月 24日 星期二 02:15:01 CST] 启动环境检查...
frpc 正在运行，跳过重启。
非维护时间，核心服务保持运行。
[2026年 03月 24日 星期二 02:20:01 CST] 启动环境检查...
frpc 正在运行，跳过重启。
非维护时间，核心服务保持运行。
[2026年 03月 24日 星期二 02:25:01 CST] 启动环境检查...
frpc 正在运行，跳过重启。
非维护时间，核心服务保持运行。
[2026年 03月 24日 星期二 02:30:01 CST] 启动环境检查...
frpc 正在运行，跳过重启。
非维护时间，核心服务保持运行。
[2026年 03月 24日 星期二 02:35:01 CST] 启动环境检查...
frpc 正在运行，跳过重启。
非维护时间，核心服务保持运行。
[2026年 03月 24日 星期二 02:40:01 CST] 启动环境检查...
frpc 正在运行，跳过重启。
非维护时间，核心服务保持运行。
[2026年 03月 24日 星期二 02:45:01 CST] 启动环境检查...
frpc 正在运行，跳过重启。
非维护时间，核心服务保持运行。
[2026年 03月 24日 星期二 02:50:01 CST] 启动环境检查...
frpc 正在运行，跳过重启。
非维护时间，核心服务保持运行。
[2026年 03月 24日 星期二 02:55:01 CST] 启动环境检查...
frpc 正在运行，跳过重启。
非维护时间，核心服务保持运行。
[2026年 03月 24日 星期二 03:00:01 CST] 启动环境检查...
frpc 正在运行，跳过重启。
触发凌晨 3:00 定时维护，准备重启核心服务...
清理端口 8000 的进程 158508
清理端口 7100 的进程 158507
核心服务已完成每日例行重启。
[2026年 03月 24日 星期二 03:05:01 CST] 启动环境检查...
frpc 正在运行，跳过重启。
触发凌晨 3:00 定时维护，准备重启核心服务...
清理端口 8000 的进程 163936
清理端口 7100 的进程 163967
核心服务已完成每日例行重启。
[2026年 03月 24日 星期二 03:10:01 CST] 启动环境检查...
frpc 正在运行，跳过重启。
触发凌晨 3:00 定时维护，准备重启核心服务...
清理端口 8000 的进程 164644
清理端口 7100 的进程 164643
核心服务已完成每日例行重启。
[2026年 03月 24日 星期二 03:15:01 CST] 启动环境检查...
frpc 正在运行，跳过重启。
触发凌晨 3:00 定时维护，准备重启核心服务...
清理端口 8000 的进程 165358
清理端口 7100 的进程 165357
核心服务已完成每日例行重启。
[2026年 03月 24日 星期二 03:20:01 CST] 启动环境检查...
frpc 正在运行，跳过重启。
触发凌晨 3:00 定时维护，准备重启核心服务...
清理端口 8000 的进程 166062
清理端口 7100 的进程 166061
核心服务已完成每日例行重启。
[2026年 03月 24日 星期二 03:25:01 CST] 启动环境检查...
frpc 正在运行，跳过重启。
触发凌晨 3:00 定时维护，准备重启核心服务...
清理端口 8000 的进程 166770
清理端口 7100 的进程 166769
核心服务已完成每日例行重启。
[2026年 03月 24日 星期二 03:30:01 CST] 启动环境检查...
frpc 正在运行，跳过重启。
触发凌晨 3:00 定时维护，准备重启核心服务...
清理端口 8000 的进程 167480
清理端口 7100 的进程 167481
核心服务已完成每日例行重启。
[2026年 03月 24日 星期二 03:35:02 CST] 启动环境检查...
frpc 正在运行，跳过重启。
触发凌晨 3:00 定时维护，准备重启核心服务...
清理端口 8000 的进程 168193
清理端口 7100 的进程 168192
核心服务已完成每日例行重启。
[2026年 03月 24日 星期二 03:40:01 CST] 启动环境检查...
frpc 正在运行，跳过重启。
触发凌晨 3:00 定时维护，准备重启核心服务...
清理端口 8000 的进程 168917
清理端口 7100 的进程 168918
核心服务已完成每日例行重启。
[2026年 03月 24日 星期二 03:45:01 CST] 启动环境检查...
frpc 正在运行，跳过重启。
触发凌晨 3:00 定时维护，准备重启核心服务...
清理端口 8000 的进程 169627
清理端口 7100 的进程 169626
核心服务已完成每日例行重启。
[2026年 03月 24日 星期二 03:50:01 CST] 启动环境检查...
frpc 正在运行，跳过重启。
触发凌晨 3:00 定时维护，准备重启核心服务...
清理端口 8000 的进程 171779
清理端口 7100 的进程 171780
核心服务已完成每日例行重启。
[2026年 03月 24日 星期二 03:55:01 CST] 启动环境检查...
frpc 正在运行，跳过重启。
触发凌晨 3:00 定时维护，准备重启核心服务...
清理端口 8000 的进程 172506
清理端口 7100 的进程 172537
核心服务已完成每日例行重启。
[2026年 03月 24日 星期二 04:00:02 CST] 启动环境检查...
frpc 正在运行，跳过重启。
非维护时间，核心服务保持运行。
[2026年 03月 24日 星期二 04:05:01 CST] 启动环境检查...
frpc 正在运行，跳过重启。
非维护时间，核心服务保持运行。
[2026年 03月 24日 星期二 04:10:01 CST] 启动环境检查...
frpc 正在运行，跳过重启。
非维护时间，核心服务保持运行。
[2026年 03月 24日 星期二 04:15:01 CST] 启动环境检查...
frpc 正在运行，跳过重启。
非维护时间，核心服务保持运行。
[2026年 03月 24日 星期二 04:20:01 CST] 启动环境检查...
frpc 正在运行，跳过重启。
非维护时间，核心服务保持运行。
[2026年 03月 24日 星期二 04:25:01 CST] 启动环境检查...
frpc 正在运行，跳过重启。
非维护时间，核心服务保持运行。
[2026年 03月 24日 星期二 04:30:01 CST] 启动环境检查...
frpc 正在运行，跳过重启。
非维护时间，核心服务保持运行。
[2026年 03月 24日 星期二 04:35:01 CST] 启动环境检查...
frpc 正在运行，跳过重启。
非维护时间，核心服务保持运行。
[2026年 03月 24日 星期二 04:40:01 CST] 启动环境检查...
frpc 正在运行，跳过重启。
非维护时间，核心服务保持运行。
[2026年 03月 24日 星期二 04:45:01 CST] 启动环境检查...
frpc 正在运行，跳过重启。
非维护时间，核心服务保持运行。
[2026年 03月 24日 星期二 04:50:01 CST] 启动环境检查...
frpc 正在运行，跳过重启。
非维护时间，核心服务保持运行。
[2026年 03月 24日 星期二 04:55:01 CST] 启动环境检查...
frpc 正在运行，跳过重启。
非维护时间，核心服务保持运行。
[2026年 03月 24日 星期二 05:00:01 CST] 启动环境检查...
frpc 正在运行，跳过重启。
非维护时间，核心服务保持运行。
[2026年 03月 24日 星期二 05:05:01 CST] 启动环境检查...
frpc 正在运行，跳过重启。
非维护时间，核心服务保持运行。
[2026年 03月 24日 星期二 05:10:01 CST] 启动环境检查...
frpc 正在运行，跳过重启。
非维护时间，核心服务保持运行。
[2026年 03月 24日 星期二 05:15:01 CST] 启动环境检查...
frpc 正在运行，跳过重启。
非维护时间，核心服务保持运行。
[2026年 03月 24日 星期二 05:20:01 CST] 启动环境检查...
frpc 正在运行，跳过重启。
非维护时间，核心服务保持运行。
[2026年 03月 24日 星期二 05:25:01 CST] 启动环境检查...
frpc 正在运行，跳过重启。
非维护时间，核心服务保持运行。
[2026年 03月 24日 星期二 05:30:01 CST] 启动环境检查...
frpc 正在运行，跳过重启。
非维护时间，核心服务保持运行。
[2026年 03月 24日 星期二 05:35:01 CST] 启动环境检查...
frpc 正在运行，跳过重启。
非维护时间，核心服务保持运行。
[2026年 03月 24日 星期二 05:40:01 CST] 启动环境检查...
frpc 正在运行，跳过重启。
非维护时间，核心服务保持运行。
[2026年 03月 24日 星期二 05:45:01 CST] 启动环境检查...
frpc 正在运行，跳过重启。
非维护时间，核心服务保持运行。
[2026年 03月 24日 星期二 05:50:01 CST] 启动环境检查...
frpc 正在运行，跳过重启。
非维护时间，核心服务保持运行。
[2026年 03月 24日 星期二 05:55:01 CST] 启动环境检查...
frpc 正在运行，跳过重启。
非维护时间，核心服务保持运行。
[2026年 03月 24日 星期二 06:00:01 CST] 启动环境检查...
frpc 正在运行，跳过重启。
非维护时间，核心服务保持运行。
[2026年 03月 24日 星期二 06:05:01 CST] 启动环境检查...
frpc 正在运行，跳过重启。
非维护时间，核心服务保持运行。
[2026年 03月 24日 星期二 06:10:01 CST] 启动环境检查...
frpc 正在运行，跳过重启。
非维护时间，核心服务保持运行。
[2026年 03月 24日 星期二 06:15:01 CST] 启动环境检查...
frpc 正在运行，跳过重启。
非维护时间，核心服务保持运行。
[2026年 03月 24日 星期二 06:20:01 CST] 启动环境检查...
frpc 正在运行，跳过重启。
非维护时间，核心服务保持运行。
[2026年 03月 24日 星期二 06:25:01 CST] 启动环境检查...
frpc 正在运行，跳过重启。
非维护时间，核心服务保持运行。
[2026年 03月 24日 星期二 06:30:01 CST] 启动环境检查...
frpc 正在运行，跳过重启。
非维护时间，核心服务保持运行。
[2026年 03月 24日 星期二 06:35:01 CST] 启动环境检查...
frpc 正在运行，跳过重启。
非维护时间，核心服务保持运行。
[2026年 03月 24日 星期二 06:40:01 CST] 启动环境检查...
frpc 正在运行，跳过重启。
非维护时间，核心服务保持运行。
[2026年 03月 24日 星期二 06:45:01 CST] 启动环境检查...
frpc 正在运行，跳过重启。
非维护时间，核心服务保持运行。
[2026年 03月 24日 星期二 06:50:01 CST] 启动环境检查...
frpc 正在运行，跳过重启。
非维护时间，核心服务保持运行。
[2026年 03月 24日 星期二 06:55:01 CST] 启动环境检查...
frpc 正在运行，跳过重启。
非维护时间，核心服务保持运行。
[2026年 03月 24日 星期二 07:00:01 CST] 启动环境检查...
frpc 正在运行，跳过重启。
非维护时间，核心服务保持运行。
[2026年 03月 24日 星期二 07:05:01 CST] 启动环境检查...
frpc 正在运行，跳过重启。
非维护时间，核心服务保持运行。
[2026年 03月 24日 星期二 07:10:01 CST] 启动环境检查...
frpc 正在运行，跳过重启。
非维护时间，核心服务保持运行。
[2026年 03月 24日 星期二 07:15:01 CST] 启动环境检查...
frpc 正在运行，跳过重启。
非维护时间，核心服务保持运行。
[2026年 03月 24日 星期二 07:20:01 CST] 启动环境检查...
frpc 正在运行，跳过重启。
非维护时间，核心服务保持运行。
[2026年 03月 24日 星期二 07:25:01 CST] 启动环境检查...
frpc 正在运行，跳过重启。
非维护时间，核心服务保持运行。
[2026年 03月 24日 星期二 07:30:01 CST] 启动环境检查...
frpc 正在运行，跳过重启。
非维护时间，核心服务保持运行。
[2026年 03月 24日 星期二 07:35:01 CST] 启动环境检查...
frpc 正在运行，跳过重启。
非维护时间，核心服务保持运行。
[2026年 03月 24日 星期二 07:40:01 CST] 启动环境检查...
frpc 正在运行，跳过重启。
非维护时间，核心服务保持运行。
[2026年 03月 24日 星期二 07:45:01 CST] 启动环境检查...
frpc 正在运行，跳过重启。
非维护时间，核心服务保持运行。
[2026年 03月 24日 星期二 07:50:01 CST] 启动环境检查...
frpc 正在运行，跳过重启。
非维护时间，核心服务保持运行。
[2026年 03月 24日 星期二 07:55:01 CST] 启动环境检查...
frpc 正在运行，跳过重启。
非维护时间，核心服务保持运行。
[2026年 03月 24日 星期二 08:00:01 CST] 启动环境检查...
frpc 正在运行，跳过重启。
非维护时间，核心服务保持运行。
[2026年 03月 24日 星期二 08:05:01 CST] 启动环境检查...
frpc 正在运行，跳过重启。
非维护时间，核心服务保持运行。
[2026年 03月 24日 星期二 08:10:01 CST] 启动环境检查...
frpc 正在运行，跳过重启。
非维护时间，核心服务保持运行。
[2026年 03月 24日 星期二 08:15:01 CST] 启动环境检查...
frpc 正在运行，跳过重启。
非维护时间，核心服务保持运行。
[2026年 03月 24日 星期二 08:20:01 CST] 启动环境检查...
frpc 正在运行，跳过重启。
非维护时间，核心服务保持运行。
[2026年 03月 24日 星期二 08:25:01 CST] 启动环境检查...
frpc 正在运行，跳过重启。
非维护时间，核心服务保持运行。
[2026年 03月 24日 星期二 08:30:01 CST] 启动环境检查...
frpc 正在运行，跳过重启。
非维护时间，核心服务保持运行。
[2026年 03月 24日 星期二 08:35:01 CST] 启动环境检查...
frpc 正在运行，跳过重启。
非维护时间，核心服务保持运行。
[2026年 03月 24日 星期二 08:40:01 CST] 启动环境检查...
frpc 正在运行，跳过重启。
非维护时间，核心服务保持运行。
[2026年 03月 24日 星期二 08:45:01 CST] 启动环境检查...
frpc 正在运行，跳过重启。
非维护时间，核心服务保持运行。
[2026年 03月 24日 星期二 08:50:01 CST] 启动环境检查...
frpc 正在运行，跳过重启。
非维护时间，核心服务保持运行。
[2026年 03月 24日 星期二 08:55:01 CST] 启动环境检查...
frpc 正在运行，跳过重启。
非维护时间，核心服务保持运行。
[2026年 03月 24日 星期二 09:00:01 CST] 启动环境检查...
frpc 正在运行，跳过重启。
非维护时间，核心服务保持运行。
[2026年 03月 24日 星期二 09:05:01 CST] 启动环境检查...
frpc 正在运行，跳过重启。
非维护时间，核心服务保持运行。
[2026年 03月 24日 星期二 09:10:01 CST] 启动环境检查...
frpc 正在运行，跳过重启。
非维护时间，核心服务保持运行。
[2026年 03月 24日 星期二 09:15:01 CST] 启动环境检查...
frpc 正在运行，跳过重启。
非维护时间，核心服务保持运行。
[2026年 03月 24日 星期二 09:20:01 CST] 启动环境检查...
frpc 正在运行，跳过重启。
非维护时间，核心服务保持运行。
[2026年 03月 24日 星期二 09:25:01 CST] 启动环境检查...
frpc 正在运行，跳过重启。
非维护时间，核心服务保持运行。
[2026年 03月 24日 星期二 09:30:01 CST] 启动环境检查...
frpc 正在运行，跳过重启。
非维护时间，核心服务保持运行。
[2026年 03月 24日 星期二 09:35:01 CST] 启动环境检查...
frpc 正在运行，跳过重启。
非维护时间，核心服务保持运行。
[2026年 03月 24日 星期二 09:40:01 CST] 启动环境检查...
frpc 正在运行，跳过重启。
非维护时间，核心服务保持运行。
[2026年 03月 24日 星期二 09:45:01 CST] 启动环境检查...
frpc 正在运行，跳过重启。
非维护时间，核心服务保持运行。
[2026年 03月 24日 星期二 09:50:01 CST] 启动环境检查...
frpc 正在运行，跳过重启。
非维护时间，核心服务保持运行。
[2026年 03月 24日 星期二 09:55:01 CST] 启动环境检查...
frpc 正在运行，跳过重启。
非维护时间，核心服务保持运行。
[2026年 03月 24日 星期二 10:00:01 CST] 启动环境检查...
frpc 正在运行，跳过重启。
非维护时间，核心服务保持运行。
[2026年 03月 24日 星期二 10:05:01 CST] 启动环境检查...
frpc 正在运行，跳过重启。
非维护时间，核心服务保持运行。
[2026年 03月 24日 星期二 10:10:01 CST] 启动环境检查...
frpc 正在运行，跳过重启。
非维护时间，核心服务保持运行。
[2026年 03月 24日 星期二 10:15:01 CST] 启动环境检查...
frpc 正在运行，跳过重启。
非维护时间，核心服务保持运行。
[2026年 03月 24日 星期二 10:20:01 CST] 启动环境检查...
frpc 正在运行，跳过重启。
非维护时间，核心服务保持运行。
[2026年 03月 24日 星期二 10:25:01 CST] 启动环境检查...
frpc 正在运行，跳过重启。
非维护时间，核心服务保持运行。
[2026年 03月 24日 星期二 10:30:01 CST] 启动环境检查...
frpc 正在运行，跳过重启。
非维护时间，核心服务保持运行。
[2026年 03月 24日 星期二 10:35:01 CST] 启动环境检查...
frpc 正在运行，跳过重启。
非维护时间，核心服务保持运行。
[2026年 03月 24日 星期二 10:40:01 CST] 启动环境检查...
frpc 正在运行，跳过重启。
非维护时间，核心服务保持运行。
[2026年 03月 24日 星期二 10:45:01 CST] 启动环境检查...
frpc 正在运行，跳过重启。
非维护时间，核心服务保持运行。
[2026年 03月 24日 星期二 10:50:01 CST] 启动环境检查...
frpc 正在运行，跳过重启。
非维护时间，核心服务保持运行。
[2026年 03月 24日 星期二 10:55:01 CST] 启动环境检查...
frpc 正在运行，跳过重启。
非维护时间，核心服务保持运行。
[2026年 03月 24日 星期二 11:00:01 CST] 启动环境检查...
frpc 正在运行，跳过重启。
非维护时间，核心服务保持运行。
[2026年 03月 24日 星期二 11:05:01 CST] 启动环境检查...
frpc 正在运行，跳过重启。
非维护时间，核心服务保持运行。
[2026年 03月 24日 星期二 11:10:01 CST] 启动环境检查...
frpc 正在运行，跳过重启。
非维护时间，核心服务保持运行。
[2026年 03月 24日 星期二 11:15:01 CST] 启动环境检查...
frpc 正在运行，跳过重启。
非维护时间，核心服务保持运行。
[2026年 03月 24日 星期二 11:20:01 CST] 启动环境检查...
frpc 正在运行，跳过重启。
非维护时间，核心服务保持运行。
[2026年 03月 24日 星期二 11:25:01 CST] 启动环境检查...
frpc 正在运行，跳过重启。
非维护时间，核心服务保持运行。
[2026年 03月 24日 星期二 11:30:01 CST] 启动环境检查...
frpc 正在运行，跳过重启。
非维护时间，核心服务保持运行。
[2026年 03月 24日 星期二 11:35:01 CST] 启动环境检查...
frpc 正在运行，跳过重启。
非维护时间，核心服务保持运行。
[2026年 03月 24日 星期二 11:40:01 CST] 启动环境检查...
frpc 正在运行，跳过重启。
非维护时间，核心服务保持运行。
[2026年 03月 24日 星期二 11:45:01 CST] 启动环境检查...
frpc 正在运行，跳过重启。
非维护时间，核心服务保持运行。
[2026年 03月 24日 星期二 11:50:01 CST] 启动环境检查...
frpc 正在运行，跳过重启。
非维护时间，核心服务保持运行。
[2026年 03月 24日 星期二 11:55:01 CST] 启动环境检查...
frpc 正在运行，跳过重启。
非维护时间，核心服务保持运行。
[2026年 03月 24日 星期二 12:00:01 CST] 启动环境检查...
frpc 正在运行，跳过重启。
非维护时间，核心服务保持运行。
[2026年 03月 24日 星期二 12:05:01 CST] 启动环境检查...
frpc 正在运行，跳过重启。
非维护时间，核心服务保持运行。
[2026年 03月 24日 星期二 12:10:01 CST] 启动环境检查...
frpc 正在运行，跳过重启。
非维护时间，核心服务保持运行。
[2026年 03月 24日 星期二 12:15:01 CST] 启动环境检查...
frpc 正在运行，跳过重启。
非维护时间，核心服务保持运行。
[2026年 03月 24日 星期二 12:20:01 CST] 启动环境检查...
frpc 正在运行，跳过重启。
非维护时间，核心服务保持运行。
[2026年 03月 24日 星期二 12:25:01 CST] 启动环境检查...
frpc 正在运行，跳过重启。
非维护时间，核心服务保持运行。
[2026年 03月 24日 星期二 12:30:01 CST] 启动环境检查...
frpc 正在运行，跳过重启。
非维护时间，核心服务保持运行。
[2026年 03月 24日 星期二 12:35:01 CST] 启动环境检查...
frpc 正在运行，跳过重启。
非维护时间，核心服务保持运行。
[2026年 03月 24日 星期二 12:40:01 CST] 启动环境检查...
frpc 正在运行，跳过重启。
非维护时间，核心服务保持运行。
[2026年 03月 24日 星期二 12:45:01 CST] 启动环境检查...
frpc 正在运行，跳过重启。
非维护时间，核心服务保持运行。
[2026年 03月 24日 星期二 12:50:01 CST] 启动环境检查...
frpc 正在运行，跳过重启。
非维护时间，核心服务保持运行。
[2026年 03月 24日 星期二 12:55:01 CST] 启动环境检查...
frpc 正在运行，跳过重启。
非维护时间，核心服务保持运行。
[2026年 03月 24日 星期二 13:00:01 CST] 启动环境检查...
frpc 正在运行，跳过重启。
非维护时间，核心服务保持运行。
[2026年 03月 24日 星期二 13:05:01 CST] 启动环境检查...
frpc 正在运行，跳过重启。
非维护时间，核心服务保持运行。
[2026年 03月 24日 星期二 13:10:01 CST] 启动环境检查...
frpc 正在运行，跳过重启。
非维护时间，核心服务保持运行。
[2026年 03月 24日 星期二 13:15:01 CST] 启动环境检查...
frpc 正在运行，跳过重启。
非维护时间，核心服务保持运行。
[2026年 03月 24日 星期二 13:20:01 CST] 启动环境检查...
frpc 正在运行，跳过重启。
非维护时间，核心服务保持运行。
[2026年 03月 24日 星期二 13:25:01 CST] 启动环境检查...
frpc 正在运行，跳过重启。
非维护时间，核心服务保持运行。
[2026年 03月 24日 星期二 13:30:01 CST] 启动环境检查...
frpc 正在运行，跳过重启。
非维护时间，核心服务保持运行。
[2026年 03月 24日 星期二 13:35:01 CST] 启动环境检查...
frpc 正在运行，跳过重启。
非维护时间，核心服务保持运行。
[2026年 03月 24日 星期二 13:40:01 CST] 启动环境检查...
frpc 正在运行，跳过重启。
非维护时间，核心服务保持运行。
[2026年 03月 24日 星期二 13:45:01 CST] 启动环境检查...
frpc 正在运行，跳过重启。
非维护时间，核心服务保持运行。
[2026年 03月 24日 星期二 13:50:01 CST] 启动环境检查...
frpc 正在运行，跳过重启。
非维护时间，核心服务保持运行。
[2026年 03月 24日 星期二 13:55:01 CST] 启动环境检查...
frpc 正在运行，跳过重启。
非维护时间，核心服务保持运行。
[2026年 03月 24日 星期二 14:00:01 CST] 启动环境检查...
frpc 正在运行，跳过重启。
非维护时间，核心服务保持运行。
[2026年 03月 24日 星期二 14:05:01 CST] 启动环境检查...
frpc 正在运行，跳过重启。
非维护时间，核心服务保持运行。
[2026年 03月 24日 星期二 14:10:01 CST] 启动环境检查...
frpc 正在运行，跳过重启。
非维护时间，核心服务保持运行。
[2026年 03月 24日 星期二 14:15:01 CST] 启动环境检查...
frpc 正在运行，跳过重启。
非维护时间，核心服务保持运行。
[2026年 03月 24日 星期二 14:20:01 CST] 启动环境检查...
frpc 正在运行，跳过重启。
非维护时间，核心服务保持运行。
[2026年 03月 24日 星期二 14:25:01 CST] 启动环境检查...
frpc 正在运行，跳过重启。
非维护时间，核心服务保持运行。
[2026年 03月 24日 星期二 14:30:01 CST] 启动环境检查...
frpc 正在运行，跳过重启。
非维护时间，核心服务保持运行。
[2026年 03月 24日 星期二 14:35:01 CST] 启动环境检查...
frpc 正在运行，跳过重启。
非维护时间，核心服务保持运行。
[2026年 03月 24日 星期二 14:40:01 CST] 启动环境检查...
frpc 正在运行，跳过重启。
非维护时间，核心服务保持运行。
[2026年 03月 24日 星期二 14:45:01 CST] 启动环境检查...
frpc 正在运行，跳过重启。
非维护时间，核心服务保持运行。
[2026年 03月 24日 星期二 14:50:01 CST] 启动环境检查...
frpc 正在运行，跳过重启。
非维护时间，核心服务保持运行。
[2026年 03月 24日 星期二 14:55:01 CST] 启动环境检查...
frpc 正在运行，跳过重启。
非维护时间，核心服务保持运行。
[2026年 03月 24日 星期二 15:00:01 CST] 启动环境检查...
frpc 正在运行，跳过重启。
非维护时间，核心服务保持运行。
[2026年 03月 24日 星期二 15:05:01 CST] 启动环境检查...
frpc 正在运行，跳过重启。
非维护时间，核心服务保持运行。
[2026年 03月 24日 星期二 15:10:01 CST] 启动环境检查...
frpc 正在运行，跳过重启。
非维护时间，核心服务保持运行。
[2026年 03月 24日 星期二 15:15:01 CST] 启动环境检查...
frpc 正在运行，跳过重启。
非维护时间，核心服务保持运行。
[2026年 03月 24日 星期二 15:20:01 CST] 启动环境检查...
frpc 正在运行，跳过重启。
非维护时间，核心服务保持运行。
[2026年 03月 24日 星期二 15:25:01 CST] 启动环境检查...
frpc 正在运行，跳过重启。
非维护时间，核心服务保持运行。
[2026年 03月 24日 星期二 15:30:01 CST] 启动环境检查...
frpc 正在运行，跳过重启。
非维护时间，核心服务保持运行。
[2026年 03月 24日 星期二 15:35:01 CST] 启动环境检查...
frpc 正在运行，跳过重启。
非维护时间，核心服务保持运行。
[2026年 03月 24日 星期二 15:40:01 CST] 启动环境检查...
frpc 正在运行，跳过重启。
非维护时间，核心服务保持运行。
[2026年 03月 24日 星期二 15:45:01 CST] 启动环境检查...
frpc 正在运行，跳过重启。
非维护时间，核心服务保持运行。
[2026年 03月 24日 星期二 15:50:01 CST] 启动环境检查...
frpc 正在运行，跳过重启。
非维护时间，核心服务保持运行。
[2026年 03月 24日 星期二 15:55:01 CST] 启动环境检查...
frpc 正在运行，跳过重启。
非维护时间，核心服务保持运行。
[2026年 03月 24日 星期二 16:00:01 CST] 启动环境检查...
frpc 正在运行，跳过重启。
非维护时间，核心服务保持运行。
[2026年 03月 24日 星期二 16:05:01 CST] 启动环境检查...
frpc 正在运行，跳过重启。
非维护时间，核心服务保持运行。
[2026年 03月 24日 星期二 16:10:01 CST] 启动环境检查...
frpc 正在运行，跳过重启。
非维护时间，核心服务保持运行。
[2026年 03月 24日 星期二 16:15:01 CST] 启动环境检查...
frpc 正在运行，跳过重启。
非维护时间，核心服务保持运行。
[2026年 03月 24日 星期二 16:20:01 CST] 启动环境检查...
frpc 正在运行，跳过重启。
非维护时间，核心服务保持运行。
[2026年 03月 24日 星期二 16:25:01 CST] 启动环境检查...
frpc 正在运行，跳过重启。
非维护时间，核心服务保持运行。
[2026年 03月 24日 星期二 16:30:01 CST] 启动环境检查...
frpc 正在运行，跳过重启。
非维护时间，核心服务保持运行。
[2026年 03月 24日 星期二 16:35:01 CST] 启动环境检查...
frpc 正在运行，跳过重启。
非维护时间，核心服务保持运行。
[2026年 03月 24日 星期二 16:40:01 CST] 启动环境检查...
frpc 正在运行，跳过重启。
非维护时间，核心服务保持运行。
[2026年 03月 24日 星期二 16:45:01 CST] 启动环境检查...
frpc 正在运行，跳过重启。
非维护时间，核心服务保持运行。
[2026年 03月 24日 星期二 16:50:01 CST] 启动环境检查...
frpc 正在运行，跳过重启。
非维护时间，核心服务保持运行。
[2026年 03月 24日 星期二 16:55:01 CST] 启动环境检查...
frpc 正在运行，跳过重启。
非维护时间，核心服务保持运行。
[2026年 03月 24日 星期二 17:00:01 CST] 启动环境检查...
frpc 正在运行，跳过重启。
非维护时间，核心服务保持运行。
[2026年 03月 24日 星期二 17:05:01 CST] 启动环境检查...
frpc 正在运行，跳过重启。
非维护时间，核心服务保持运行。
[2026年 03月 24日 星期二 17:10:01 CST] 启动环境检查...
frpc 正在运行，跳过重启。
非维护时间，核心服务保持运行。
[2026年 03月 24日 星期二 17:15:01 CST] 启动环境检查...
frpc 正在运行，跳过重启。
非维护时间，核心服务保持运行。
[2026年 03月 24日 星期二 17:20:01 CST] 启动环境检查...
frpc 正在运行，跳过重启。
非维护时间，核心服务保持运行。
[2026年 03月 24日 星期二 17:25:01 CST] 启动环境检查...
frpc 正在运行，跳过重启。
非维护时间，核心服务保持运行。
[2026年 03月 24日 星期二 17:30:01 CST] 启动环境检查...
frpc 正在运行，跳过重启。
非维护时间，核心服务保持运行。
[2026年 03月 24日 星期二 17:35:01 CST] 启动环境检查...
frpc 正在运行，跳过重启。
非维护时间，核心服务保持运行。
[2026年 03月 24日 星期二 17:40:01 CST] 启动环境检查...
frpc 正在运行，跳过重启。
非维护时间，核心服务保持运行。
[2026年 03月 24日 星期二 17:45:01 CST] 启动环境检查...
frpc 正在运行，跳过重启。
非维护时间，核心服务保持运行。
[2026年 03月 24日 星期二 17:50:01 CST] 启动环境检查...
frpc 正在运行，跳过重启。
非维护时间，核心服务保持运行。
[2026年 03月 24日 星期二 17:55:01 CST] 启动环境检查...
frpc 正在运行，跳过重启。
非维护时间，核心服务保持运行。
[2026年 03月 24日 星期二 18:00:01 CST] 启动环境检查...
frpc 正在运行，跳过重启。
非维护时间，核心服务保持运行。
[2026年 03月 24日 星期二 18:05:01 CST] 启动环境检查...
frpc 正在运行，跳过重启。
非维护时间，核心服务保持运行。
[2026年 03月 24日 星期二 18:10:01 CST] 启动环境检查...
frpc 正在运行，跳过重启。
非维护时间，核心服务保持运行。
[2026年 03月 24日 星期二 18:15:01 CST] 启动环境检查...
frpc 正在运行，跳过重启。
非维护时间，核心服务保持运行。
[2026年 03月 24日 星期二 18:20:01 CST] 启动环境检查...
frpc 正在运行，跳过重启。
非维护时间，核心服务保持运行。
[2026年 03月 24日 星期二 18:25:01 CST] 启动环境检查...
frpc 正在运行，跳过重启。
非维护时间，核心服务保持运行。
[2026年 03月 24日 星期二 18:30:01 CST] 启动环境检查...
frpc 正在运行，跳过重启。
非维护时间，核心服务保持运行。
[2026年 03月 24日 星期二 18:35:01 CST] 启动环境检查...
frpc 正在运行，跳过重启。
非维护时间，核心服务保持运行。
[2026年 03月 24日 星期二 18:40:01 CST] 启动环境检查...
frpc 正在运行，跳过重启。
非维护时间，核心服务保持运行。
[2026年 03月 24日 星期二 18:45:01 CST] 启动环境检查...
frpc 正在运行，跳过重启。
非维护时间，核心服务保持运行。
[2026年 03月 24日 星期二 18:50:01 CST] 启动环境检查...
frpc 正在运行，跳过重启。
非维护时间，核心服务保持运行。
[2026年 03月 24日 星期二 18:55:01 CST] 启动环境检查...
frpc 正在运行，跳过重启。
非维护时间，核心服务保持运行。
[2026年 03月 24日 星期二 19:00:01 CST] 启动环境检查...
frpc 正在运行，跳过重启。
非维护时间，核心服务保持运行。
[2026年 03月 24日 星期二 19:05:01 CST] 启动环境检查...
frpc 正在运行，跳过重启。
非维护时间，核心服务保持运行。
[2026年 03月 24日 星期二 19:10:01 CST] 启动环境检查...
frpc 正在运行，跳过重启。
非维护时间，核心服务保持运行。
[2026年 03月 24日 星期二 19:15:01 CST] 启动环境检查...
frpc 正在运行，跳过重启。
非维护时间，核心服务保持运行。
[2026年 03月 24日 星期二 19:20:01 CST] 启动环境检查...
frpc 正在运行，跳过重启。
非维护时间，核心服务保持运行。
[2026年 03月 24日 星期二 19:25:01 CST] 启动环境检查...
frpc 正在运行，跳过重启。
非维护时间，核心服务保持运行。
[2026年 03月 24日 星期二 19:30:01 CST] 启动环境检查...
frpc 正在运行，跳过重启。
非维护时间，核心服务保持运行。
[2026年 03月 24日 星期二 19:35:01 CST] 启动环境检查...
frpc 正在运行，跳过重启。
非维护时间，核心服务保持运行。
[2026年 03月 24日 星期二 19:40:01 CST] 启动环境检查...
frpc 正在运行，跳过重启。
非维护时间，核心服务保持运行。
[2026年 03月 24日 星期二 19:45:01 CST] 启动环境检查...
frpc 正在运行，跳过重启。
非维护时间，核心服务保持运行。
[2026年 03月 24日 星期二 19:50:01 CST] 启动环境检查...
frpc 正在运行，跳过重启。
非维护时间，核心服务保持运行。
[2026年 03月 24日 星期二 19:55:01 CST] 启动环境检查...
frpc 正在运行，跳过重启。
非维护时间，核心服务保持运行。
[2026年 03月 24日 星期二 20:00:01 CST] 启动环境检查...
frpc 正在运行，跳过重启。
非维护时间，核心服务保持运行。
[2026年 03月 24日 星期二 20:05:01 CST] 启动环境检查...
frpc 正在运行，跳过重启。
非维护时间，核心服务保持运行。
[2026年 03月 24日 星期二 20:10:01 CST] 启动环境检查...
frpc 正在运行，跳过重启。
非维护时间，核心服务保持运行。
[2026年 03月 24日 星期二 20:15:01 CST] 启动环境检查...
frpc 正在运行，跳过重启。
非维护时间，核心服务保持运行。
[2026年 03月 24日 星期二 20:20:01 CST] 启动环境检查...
frpc 正在运行，跳过重启。
非维护时间，核心服务保持运行。
[2026年 03月 24日 星期二 20:25:01 CST] 启动环境检查...
frpc 正在运行，跳过重启。
非维护时间，核心服务保持运行。
[2026年 03月 24日 星期二 20:30:01 CST] 启动环境检查...
frpc 正在运行，跳过重启。
非维护时间，核心服务保持运行。
[2026年 03月 24日 星期二 20:35:01 CST] 启动环境检查...
frpc 正在运行，跳过重启。
非维护时间，核心服务保持运行。
[2026年 03月 24日 星期二 20:40:01 CST] 启动环境检查...
frpc 正在运行，跳过重启。
非维护时间，核心服务保持运行。
[2026年 03月 24日 星期二 20:45:01 CST] 启动环境检查...
frpc 正在运行，跳过重启。
非维护时间，核心服务保持运行。
[2026年 03月 24日 星期二 20:50:01 CST] 启动环境检查...
frpc 正在运行，跳过重启。
非维护时间，核心服务保持运行。
[2026年 03月 24日 星期二 20:55:01 CST] 启动环境检查...
frpc 正在运行，跳过重启。
非维护时间，核心服务保持运行。
[2026年 03月 24日 星期二 21:00:01 CST] 启动环境检查...
frpc 正在运行，跳过重启。
非维护时间，核心服务保持运行。
[2026年 03月 24日 星期二 21:05:01 CST] 启动环境检查...
frpc 正在运行，跳过重启。
非维护时间，核心服务保持运行。
[2026年 03月 24日 星期二 21:10:01 CST] 启动环境检查...
frpc 正在运行，跳过重启。
非维护时间，核心服务保持运行。
[2026年 03月 24日 星期二 21:15:01 CST] 启动环境检查...
frpc 正在运行，跳过重启。
非维护时间，核心服务保持运行。
[2026年 03月 24日 星期二 21:20:01 CST] 启动环境检查...
frpc 正在运行，跳过重启。
非维护时间，核心服务保持运行。
[2026年 03月 24日 星期二 21:25:01 CST] 启动环境检查...
frpc 正在运行，跳过重启。
非维护时间，核心服务保持运行。
[2026年 03月 24日 星期二 21:30:01 CST] 启动环境检查...
frpc 正在运行，跳过重启。
非维护时间，核心服务保持运行。
[2026年 03月 24日 星期二 21:35:01 CST] 启动环境检查...
frpc 正在运行，跳过重启。
非维护时间，核心服务保持运行。
[2026年 03月 24日 星期二 21:40:01 CST] 启动环境检查...
frpc 正在运行，跳过重启。
非维护时间，核心服务保持运行。
[2026年 03月 24日 星期二 21:45:01 CST] 启动环境检查...
frpc 正在运行，跳过重启。
非维护时间，核心服务保持运行。
[2026年 03月 24日 星期二 21:50:01 CST] 启动环境检查...
frpc 正在运行，跳过重启。
非维护时间，核心服务保持运行。
[2026年 03月 24日 星期二 21:55:01 CST] 启动环境检查...
frpc 正在运行，跳过重启。
非维护时间，核心服务保持运行。
[2026年 03月 24日 星期二 22:00:01 CST] 启动环境检查...
frpc 正在运行，跳过重启。
非维护时间，核心服务保持运行。
[2026年 03月 24日 星期二 22:05:01 CST] 启动环境检查...
frpc 正在运行，跳过重启。
非维护时间，核心服务保持运行。
[2026年 03月 24日 星期二 22:10:01 CST] 启动环境检查...
frpc 正在运行，跳过重启。
非维护时间，核心服务保持运行。
[2026年 03月 24日 星期二 22:15:01 CST] 启动环境检查...
frpc 正在运行，跳过重启。
非维护时间，核心服务保持运行。
[2026年 03月 24日 星期二 22:20:01 CST] 启动环境检查...
frpc 正在运行，跳过重启。
非维护时间，核心服务保持运行。
[2026年 03月 24日 星期二 22:25:01 CST] 启动环境检查...
frpc 正在运行，跳过重启。
非维护时间，核心服务保持运行。
[2026年 03月 24日 星期二 22:30:01 CST] 启动环境检查...
frpc 正在运行，跳过重启。
非维护时间，核心服务保持运行。
[2026年 03月 24日 星期二 22:35:01 CST] 启动环境检查...
frpc 正在运行，跳过重启。
非维护时间，核心服务保持运行。
[2026年 03月 24日 星期二 22:40:01 CST] 启动环境检查...
frpc 正在运行，跳过重启。
非维护时间，核心服务保持运行。
[2026年 03月 24日 星期二 22:45:01 CST] 启动环境检查...
frpc 正在运行，跳过重启。
非维护时间，核心服务保持运行。
[2026年 03月 24日 星期二 22:50:01 CST] 启动环境检查...
frpc 正在运行，跳过重启。
非维护时间，核心服务保持运行。
[2026年 03月 24日 星期二 22:55:01 CST] 启动环境检查...
frpc 正在运行，跳过重启。
非维护时间，核心服务保持运行。
[2026年 03月 24日 星期二 23:00:01 CST] 启动环境检查...
frpc 正在运行，跳过重启。
非维护时间，核心服务保持运行。
[2026年 03月 24日 星期二 23:05:01 CST] 启动环境检查...
frpc 正在运行，跳过重启。
非维护时间，核心服务保持运行。
[2026年 03月 24日 星期二 23:10:01 CST] 启动环境检查...
frpc 正在运行，跳过重启。
非维护时间，核心服务保持运行。
[2026年 03月 24日 星期二 23:15:01 CST] 启动环境检查...
frpc 正在运行，跳过重启。
非维护时间，核心服务保持运行。
[2026年 03月 24日 星期二 23:20:02 CST] 启动环境检查...
frpc 正在运行，跳过重启。
非维护时间，核心服务保持运行。
[2026年 03月 24日 星期二 23:25:01 CST] 启动环境检查...
frpc 正在运行，跳过重启。
非维护时间，核心服务保持运行。
[2026年 03月 24日 星期二 23:30:01 CST] 启动环境检查...
frpc 正在运行，跳过重启。
非维护时间，核心服务保持运行。
[2026年 03月 24日 星期二 23:35:01 CST] 启动环境检查...
frpc 正在运行，跳过重启。
非维护时间，核心服务保持运行。
[2026年 03月 24日 星期二 23:40:01 CST] 启动环境检查...
frpc 正在运行，跳过重启。
非维护时间，核心服务保持运行。
[2026年 03月 24日 星期二 23:45:01 CST] 启动环境检查...
frpc 正在运行，跳过重启。
非维护时间，核心服务保持运行。
[2026年 03月 24日 星期二 23:50:01 CST] 启动环境检查...
frpc 正在运行，跳过重启。
非维护时间，核心服务保持运行。
[2026年 03月 24日 星期二 23:55:01 CST] 启动环境检查...
frpc 正在运行，跳过重启。
非维护时间，核心服务保持运行。
[2026年 03月 25日 星期三 00:00:01 CST] 启动环境检查...
frpc 正在运行，跳过重启。
非维护时间，核心服务保持运行。
[2026年 03月 25日 星期三 00:05:01 CST] 启动环境检查...
frpc 正在运行，跳过重启。
非维护时间，核心服务保持运行。
[2026年 03月 25日 星期三 00:10:01 CST] 启动环境检查...
frpc 正在运行，跳过重启。
非维护时间，核心服务保持运行。
[2026年 03月 25日 星期三 00:15:01 CST] 启动环境检查...
frpc 正在运行，跳过重启。
非维护时间，核心服务保持运行。
[2026年 03月 25日 星期三 00:20:01 CST] 启动环境检查...
frpc 正在运行，跳过重启。
非维护时间，核心服务保持运行。
[2026年 03月 25日 星期三 00:25:01 CST] 启动环境检查...
frpc 正在运行，跳过重启。
非维护时间，核心服务保持运行。
[2026年 03月 25日 星期三 00:30:01 CST] 启动环境检查...
frpc 正在运行，跳过重启。
非维护时间，核心服务保持运行。
[2026年 03月 25日 星期三 00:35:01 CST] 启动环境检查...
frpc 正在运行，跳过重启。
非维护时间，核心服务保持运行。
[2026年 03月 25日 星期三 00:40:01 CST] 启动环境检查...
frpc 正在运行，跳过重启。
非维护时间，核心服务保持运行。
[2026年 03月 25日 星期三 00:45:01 CST] 启动环境检查...
frpc 正在运行，跳过重启。
非维护时间，核心服务保持运行。
[2026年 03月 25日 星期三 00:50:01 CST] 启动环境检查...
frpc 正在运行，跳过重启。
非维护时间，核心服务保持运行。
[2026年 03月 25日 星期三 00:55:01 CST] 启动环境检查...
frpc 正在运行，跳过重启。
非维护时间，核心服务保持运行。
[2026年 03月 25日 星期三 01:00:01 CST] 启动环境检查...
frpc 正在运行，跳过重启。
非维护时间，核心服务保持运行。
[2026年 03月 25日 星期三 01:05:01 CST] 启动环境检查...
frpc 正在运行，跳过重启。
非维护时间，核心服务保持运行。
[2026年 03月 25日 星期三 01:10:01 CST] 启动环境检查...
frpc 正在运行，跳过重启。
非维护时间，核心服务保持运行。
[2026年 03月 25日 星期三 01:15:01 CST] 启动环境检查...
frpc 正在运行，跳过重启。
非维护时间，核心服务保持运行。
[2026年 03月 25日 星期三 01:20:01 CST] 启动环境检查...
frpc 正在运行，跳过重启。
非维护时间，核心服务保持运行。
[2026年 03月 25日 星期三 01:25:01 CST] 启动环境检查...
frpc 正在运行，跳过重启。
非维护时间，核心服务保持运行。
[2026年 03月 25日 星期三 01:30:01 CST] 启动环境检查...
frpc 正在运行，跳过重启。
非维护时间，核心服务保持运行。
[2026年 03月 25日 星期三 01:35:01 CST] 启动环境检查...
frpc 正在运行，跳过重启。
非维护时间，核心服务保持运行。
[2026年 03月 25日 星期三 01:40:01 CST] 启动环境检查...
frpc 正在运行，跳过重启。
非维护时间，核心服务保持运行。
[2026年 03月 25日 星期三 01:45:01 CST] 启动环境检查...
frpc 正在运行，跳过重启。
非维护时间，核心服务保持运行。
[2026年 03月 25日 星期三 01:50:01 CST] 启动环境检查...
frpc 正在运行，跳过重启。
非维护时间，核心服务保持运行。
[2026年 03月 25日 星期三 01:55:01 CST] 启动环境检查...
frpc 正在运行，跳过重启。
非维护时间，核心服务保持运行。
[2026年 03月 25日 星期三 02:00:01 CST] 启动环境检查...
frpc 正在运行，跳过重启。
非维护时间，核心服务保持运行。
[2026年 03月 25日 星期三 02:05:01 CST] 启动环境检查...
frpc 正在运行，跳过重启。
非维护时间，核心服务保持运行。
[2026年 03月 25日 星期三 02:10:01 CST] 启动环境检查...
frpc 正在运行，跳过重启。
非维护时间，核心服务保持运行。
[2026年 03月 25日 星期三 02:15:01 CST] 启动环境检查...
frpc 正在运行，跳过重启。
非维护时间，核心服务保持运行。
[2026年 03月 25日 星期三 02:20:01 CST] 启动环境检查...
frpc 正在运行，跳过重启。
非维护时间，核心服务保持运行。
[2026年 03月 25日 星期三 02:25:01 CST] 启动环境检查...
frpc 正在运行，跳过重启。
非维护时间，核心服务保持运行。
[2026年 03月 25日 星期三 02:30:01 CST] 启动环境检查...
frpc 正在运行，跳过重启。
非维护时间，核心服务保持运行。
[2026年 03月 25日 星期三 02:35:01 CST] 启动环境检查...
frpc 正在运行，跳过重启。
非维护时间，核心服务保持运行。
[2026年 03月 25日 星期三 02:40:01 CST] 启动环境检查...
frpc 正在运行，跳过重启。
非维护时间，核心服务保持运行。
[2026年 03月 25日 星期三 02:45:01 CST] 启动环境检查...
frpc 正在运行，跳过重启。
非维护时间，核心服务保持运行。
[2026年 03月 25日 星期三 02:50:01 CST] 启动环境检查...
frpc 正在运行，跳过重启。
非维护时间，核心服务保持运行。
[2026年 03月 25日 星期三 02:55:01 CST] 启动环境检查...
frpc 正在运行，跳过重启。
非维护时间，核心服务保持运行。
[2026年 03月 25日 星期三 03:00:01 CST] 启动环境检查...
frpc 正在运行，跳过重启。
触发凌晨 3:00 定时维护，准备重启核心服务...
清理端口 8000 的进程 173220
清理端口 7100 的进程 173221
核心服务已完成每日例行重启。
[2026年 03月 25日 星期三 03:05:01 CST] 启动环境检查...
frpc 正在运行，跳过重启。
触发凌晨 3:00 定时维护，准备重启核心服务...
清理端口 8000 的进程 180304
清理端口 7100 的进程 180305
核心服务已完成每日例行重启。
[2026年 03月 25日 星期三 03:10:01 CST] 启动环境检查...
frpc 正在运行，跳过重启。
触发凌晨 3:00 定时维护，准备重启核心服务...
清理端口 8000 的进程 181015
清理端口 7100 的进程 181016
核心服务已完成每日例行重启。
[2026年 03月 25日 星期三 03:15:01 CST] 启动环境检查...
frpc 正在运行，跳过重启。
触发凌晨 3:00 定时维护，准备重启核心服务...
清理端口 8000 的进程 181731
清理端口 7100 的进程 181732
核心服务已完成每日例行重启。
[2026年 03月 25日 星期三 03:20:01 CST] 启动环境检查...
frpc 正在运行，跳过重启。
触发凌晨 3:00 定时维护，准备重启核心服务...
清理端口 8000 的进程 182439
清理端口 7100 的进程 182438
核心服务已完成每日例行重启。
[2026年 03月 25日 星期三 03:25:01 CST] 启动环境检查...
frpc 正在运行，跳过重启。
触发凌晨 3:00 定时维护，准备重启核心服务...
清理端口 8000 的进程 183180
清理端口 7100 的进程 183181
核心服务已完成每日例行重启。
[2026年 03月 25日 星期三 03:30:01 CST] 启动环境检查...
frpc 正在运行，跳过重启。
触发凌晨 3:00 定时维护，准备重启核心服务...
清理端口 8000 的进程 183900
清理端口 7100 的进程 183869
核心服务已完成每日例行重启。
[2026年 03月 25日 星期三 03:35:01 CST] 启动环境检查...
frpc 正在运行，跳过重启。
触发凌晨 3:00 定时维护，准备重启核心服务...
清理端口 8000 的进程 184588
清理端口 7100 的进程 184589
核心服务已完成每日例行重启。
[2026年 03月 25日 星期三 03:40:01 CST] 启动环境检查...
frpc 正在运行，跳过重启。
触发凌晨 3:00 定时维护，准备重启核心服务...
清理端口 8000 的进程 185297
清理端口 7100 的进程 185296
核心服务已完成每日例行重启。
[2026年 03月 25日 星期三 03:45:01 CST] 启动环境检查...
frpc 正在运行，跳过重启。
触发凌晨 3:00 定时维护，准备重启核心服务...
清理端口 8000 的进程 186006
清理端口 7100 的进程 186005
核心服务已完成每日例行重启。
[2026年 03月 25日 星期三 03:50:01 CST] 启动环境检查...
frpc 正在运行，跳过重启。
触发凌晨 3:00 定时维护，准备重启核心服务...
清理端口 8000 的进程 186714
清理端口 7100 的进程 186713
核心服务已完成每日例行重启。
[2026年 03月 25日 星期三 03:55:01 CST] 启动环境检查...
frpc 正在运行，跳过重启。
触发凌晨 3:00 定时维护，准备重启核心服务...
清理端口 8000 的进程 187451
清理端口 7100 的进程 187452
核心服务已完成每日例行重启。
[2026年 03月 25日 星期三 04:00:01 CST] 启动环境检查...
frpc 正在运行，跳过重启。
非维护时间，核心服务保持运行。
[2026年 03月 25日 星期三 04:05:01 CST] 启动环境检查...
frpc 正在运行，跳过重启。
非维护时间，核心服务保持运行。
[2026年 03月 25日 星期三 04:10:01 CST] 启动环境检查...
frpc 正在运行，跳过重启。
非维护时间，核心服务保持运行。
[2026年 03月 25日 星期三 04:15:01 CST] 启动环境检查...
frpc 正在运行，跳过重启。
非维护时间，核心服务保持运行。
[2026年 03月 25日 星期三 04:20:01 CST] 启动环境检查...
frpc 正在运行，跳过重启。
非维护时间，核心服务保持运行。
[2026年 03月 25日 星期三 04:25:01 CST] 启动环境检查...
frpc 正在运行，跳过重启。
非维护时间，核心服务保持运行。
[2026年 03月 25日 星期三 04:30:01 CST] 启动环境检查...
frpc 正在运行，跳过重启。
非维护时间，核心服务保持运行。
[2026年 03月 25日 星期三 04:35:01 CST] 启动环境检查...
frpc 正在运行，跳过重启。
非维护时间，核心服务保持运行。
[2026年 03月 25日 星期三 04:40:01 CST] 启动环境检查...
frpc 正在运行，跳过重启。
非维护时间，核心服务保持运行。
[2026年 03月 25日 星期三 04:45:01 CST] 启动环境检查...
frpc 正在运行，跳过重启。
非维护时间，核心服务保持运行。
[2026年 03月 25日 星期三 04:50:01 CST] 启动环境检查...
frpc 正在运行，跳过重启。
非维护时间，核心服务保持运行。
[2026年 03月 25日 星期三 04:55:01 CST] 启动环境检查...
frpc 正在运行，跳过重启。
非维护时间，核心服务保持运行。
[2026年 03月 25日 星期三 05:00:01 CST] 启动环境检查...
frpc 正在运行，跳过重启。
非维护时间，核心服务保持运行。
[2026年 03月 25日 星期三 05:05:01 CST] 启动环境检查...
frpc 正在运行，跳过重启。
非维护时间，核心服务保持运行。
[2026年 03月 25日 星期三 05:10:01 CST] 启动环境检查...
frpc 正在运行，跳过重启。
非维护时间，核心服务保持运行。
[2026年 03月 25日 星期三 05:15:01 CST] 启动环境检查...
frpc 正在运行，跳过重启。
非维护时间，核心服务保持运行。
[2026年 03月 25日 星期三 05:20:01 CST] 启动环境检查...
frpc 正在运行，跳过重启。
非维护时间，核心服务保持运行。
[2026年 03月 25日 星期三 05:25:01 CST] 启动环境检查...
frpc 正在运行，跳过重启。
非维护时间，核心服务保持运行。
[2026年 03月 25日 星期三 05:30:01 CST] 启动环境检查...
frpc 正在运行，跳过重启。
非维护时间，核心服务保持运行。
[2026年 03月 25日 星期三 05:35:01 CST] 启动环境检查...
frpc 正在运行，跳过重启。
非维护时间，核心服务保持运行。
[2026年 03月 25日 星期三 05:40:01 CST] 启动环境检查...
frpc 正在运行，跳过重启。
非维护时间，核心服务保持运行。
[2026年 03月 25日 星期三 05:45:01 CST] 启动环境检查...
frpc 正在运行，跳过重启。
非维护时间，核心服务保持运行。
[2026年 03月 25日 星期三 05:50:01 CST] 启动环境检查...
frpc 正在运行，跳过重启。
非维护时间，核心服务保持运行。
[2026年 03月 25日 星期三 05:55:01 CST] 启动环境检查...
frpc 正在运行，跳过重启。
非维护时间，核心服务保持运行。
[2026年 03月 25日 星期三 06:00:01 CST] 启动环境检查...
frpc 正在运行，跳过重启。
非维护时间，核心服务保持运行。
[2026年 03月 25日 星期三 06:05:01 CST] 启动环境检查...
frpc 正在运行，跳过重启。
非维护时间，核心服务保持运行。
[2026年 03月 25日 星期三 06:10:01 CST] 启动环境检查...
frpc 正在运行，跳过重启。
非维护时间，核心服务保持运行。
[2026年 03月 25日 星期三 06:15:01 CST] 启动环境检查...
frpc 正在运行，跳过重启。
非维护时间，核心服务保持运行。
[2026年 03月 25日 星期三 06:20:01 CST] 启动环境检查...
frpc 正在运行，跳过重启。
非维护时间，核心服务保持运行。
[2026年 03月 25日 星期三 06:25:01 CST] 启动环境检查...
frpc 正在运行，跳过重启。
非维护时间，核心服务保持运行。
[2026年 03月 25日 星期三 06:30:01 CST] 启动环境检查...
frpc 正在运行，跳过重启。
非维护时间，核心服务保持运行。
[2026年 03月 25日 星期三 06:35:01 CST] 启动环境检查...
frpc 正在运行，跳过重启。
非维护时间，核心服务保持运行。
[2026年 03月 25日 星期三 06:40:01 CST] 启动环境检查...
frpc 正在运行，跳过重启。
非维护时间，核心服务保持运行。
[2026年 03月 25日 星期三 06:45:01 CST] 启动环境检查...
frpc 正在运行，跳过重启。
非维护时间，核心服务保持运行。
[2026年 03月 25日 星期三 06:50:01 CST] 启动环境检查...
frpc 正在运行，跳过重启。
非维护时间，核心服务保持运行。
[2026年 03月 25日 星期三 06:55:01 CST] 启动环境检查...
frpc 正在运行，跳过重启。
非维护时间，核心服务保持运行。
[2026年 03月 25日 星期三 07:00:01 CST] 启动环境检查...
frpc 正在运行，跳过重启。
非维护时间，核心服务保持运行。
[2026年 03月 25日 星期三 07:05:01 CST] 启动环境检查...
frpc 正在运行，跳过重启。
非维护时间，核心服务保持运行。
[2026年 03月 25日 星期三 07:10:01 CST] 启动环境检查...
frpc 正在运行，跳过重启。
非维护时间，核心服务保持运行。
[2026年 03月 25日 星期三 07:15:01 CST] 启动环境检查...
frpc 正在运行，跳过重启。
非维护时间，核心服务保持运行。
[2026年 03月 25日 星期三 07:20:01 CST] 启动环境检查...
frpc 正在运行，跳过重启。
非维护时间，核心服务保持运行。
[2026年 03月 25日 星期三 07:25:01 CST] 启动环境检查...
frpc 正在运行，跳过重启。
非维护时间，核心服务保持运行。
[2026年 03月 25日 星期三 07:30:01 CST] 启动环境检查...
frpc 正在运行，跳过重启。
非维护时间，核心服务保持运行。
[2026年 03月 25日 星期三 07:35:01 CST] 启动环境检查...
frpc 正在运行，跳过重启。
非维护时间，核心服务保持运行。
[2026年 03月 25日 星期三 07:40:01 CST] 启动环境检查...
frpc 正在运行，跳过重启。
非维护时间，核心服务保持运行。
[2026年 03月 25日 星期三 07:45:01 CST] 启动环境检查...
frpc 正在运行，跳过重启。
非维护时间，核心服务保持运行。
[2026年 03月 25日 星期三 07:50:01 CST] 启动环境检查...
frpc 正在运行，跳过重启。
非维护时间，核心服务保持运行。
[2026年 03月 25日 星期三 07:55:01 CST] 启动环境检查...
frpc 正在运行，跳过重启。
非维护时间，核心服务保持运行。
[2026年 03月 25日 星期三 08:00:01 CST] 启动环境检查...
frpc 正在运行，跳过重启。
非维护时间，核心服务保持运行。
[2026年 03月 25日 星期三 08:05:01 CST] 启动环境检查...
frpc 正在运行，跳过重启。
非维护时间，核心服务保持运行。
[2026年 03月 25日 星期三 08:10:01 CST] 启动环境检查...
frpc 正在运行，跳过重启。
非维护时间，核心服务保持运行。
[2026年 03月 25日 星期三 08:15:01 CST] 启动环境检查...
frpc 正在运行，跳过重启。
非维护时间，核心服务保持运行。
[2026年 03月 25日 星期三 08:20:01 CST] 启动环境检查...
frpc 正在运行，跳过重启。
非维护时间，核心服务保持运行。
[2026年 03月 25日 星期三 08:25:01 CST] 启动环境检查...
frpc 正在运行，跳过重启。
非维护时间，核心服务保持运行。
[2026年 03月 25日 星期三 08:30:01 CST] 启动环境检查...
frpc 正在运行，跳过重启。
非维护时间，核心服务保持运行。
[2026年 03月 25日 星期三 08:35:01 CST] 启动环境检查...
frpc 正在运行，跳过重启。
非维护时间，核心服务保持运行。
[2026年 03月 25日 星期三 08:40:01 CST] 启动环境检查...
frpc 正在运行，跳过重启。
非维护时间，核心服务保持运行。
[2026年 03月 25日 星期三 08:45:01 CST] 启动环境检查...
frpc 正在运行，跳过重启。
非维护时间，核心服务保持运行。
[2026年 03月 25日 星期三 08:50:01 CST] 启动环境检查...
frpc 正在运行，跳过重启。
非维护时间，核心服务保持运行。
[2026年 03月 25日 星期三 08:55:01 CST] 启动环境检查...
frpc 正在运行，跳过重启。
非维护时间，核心服务保持运行。
[2026年 03月 25日 星期三 09:00:01 CST] 启动环境检查...
frpc 正在运行，跳过重启。
非维护时间，核心服务保持运行。
[2026年 03月 25日 星期三 09:05:01 CST] 启动环境检查...
frpc 正在运行，跳过重启。
非维护时间，核心服务保持运行。
[2026年 03月 25日 星期三 09:10:01 CST] 启动环境检查...
frpc 正在运行，跳过重启。
非维护时间，核心服务保持运行。
[2026年 03月 25日 星期三 09:15:01 CST] 启动环境检查...
frpc 正在运行，跳过重启。
非维护时间，核心服务保持运行。
[2026年 03月 25日 星期三 09:20:01 CST] 启动环境检查...
frpc 正在运行，跳过重启。
非维护时间，核心服务保持运行。
[2026年 03月 25日 星期三 09:25:01 CST] 启动环境检查...
frpc 正在运行，跳过重启。
非维护时间，核心服务保持运行。
[2026年 03月 25日 星期三 09:30:01 CST] 启动环境检查...
frpc 正在运行，跳过重启。
非维护时间，核心服务保持运行。
[2026年 03月 25日 星期三 09:35:01 CST] 启动环境检查...
frpc 正在运行，跳过重启。
非维护时间，核心服务保持运行。
[2026年 03月 25日 星期三 09:40:01 CST] 启动环境检查...
frpc 正在运行，跳过重启。
非维护时间，核心服务保持运行。
[2026年 03月 25日 星期三 09:45:01 CST] 启动环境检查...
frpc 正在运行，跳过重启。
非维护时间，核心服务保持运行。
[2026年 03月 25日 星期三 09:50:01 CST] 启动环境检查...
frpc 正在运行，跳过重启。
非维护时间，核心服务保持运行。
[2026年 03月 25日 星期三 09:55:01 CST] 启动环境检查...
frpc 正在运行，跳过重启。
非维护时间，核心服务保持运行。
[2026年 03月 25日 星期三 10:00:01 CST] 启动环境检查...
frpc 正在运行，跳过重启。
非维护时间，核心服务保持运行。
[2026年 03月 25日 星期三 10:05:01 CST] 启动环境检查...
frpc 正在运行，跳过重启。
非维护时间，核心服务保持运行。
[2026年 03月 25日 星期三 10:10:01 CST] 启动环境检查...
frpc 正在运行，跳过重启。
非维护时间，核心服务保持运行。
[2026年 03月 25日 星期三 10:15:01 CST] 启动环境检查...
frpc 正在运行，跳过重启。
非维护时间，核心服务保持运行。
[2026年 03月 25日 星期三 10:20:01 CST] 启动环境检查...
frpc 正在运行，跳过重启。
非维护时间，核心服务保持运行。
[2026年 03月 25日 星期三 10:25:01 CST] 启动环境检查...
frpc 正在运行，跳过重启。
非维护时间，核心服务保持运行。
[2026年 03月 25日 星期三 10:30:01 CST] 启动环境检查...
frpc 正在运行，跳过重启。
非维护时间，核心服务保持运行。
[2026年 03月 25日 星期三 10:35:01 CST] 启动环境检查...
frpc 正在运行，跳过重启。
非维护时间，核心服务保持运行。
[2026年 03月 25日 星期三 10:40:01 CST] 启动环境检查...
frpc 正在运行，跳过重启。
非维护时间，核心服务保持运行。
[2026年 03月 25日 星期三 10:45:01 CST] 启动环境检查...
frpc 正在运行，跳过重启。
非维护时间，核心服务保持运行。
[2026年 03月 25日 星期三 10:50:01 CST] 启动环境检查...
frpc 正在运行，跳过重启。
非维护时间，核心服务保持运行。
[2026年 03月 25日 星期三 10:55:01 CST] 启动环境检查...
frpc 正在运行，跳过重启。
非维护时间，核心服务保持运行。
[2026年 03月 25日 星期三 11:00:01 CST] 启动环境检查...
frpc 正在运行，跳过重启。
非维护时间，核心服务保持运行。
[2026年 03月 25日 星期三 11:05:01 CST] 启动环境检查...
frpc 正在运行，跳过重启。
非维护时间，核心服务保持运行。
[2026年 03月 25日 星期三 11:10:01 CST] 启动环境检查...
frpc 正在运行，跳过重启。
非维护时间，核心服务保持运行。
[2026年 03月 25日 星期三 11:15:01 CST] 启动环境检查...
frpc 正在运行，跳过重启。
非维护时间，核心服务保持运行。
[2026年 03月 25日 星期三 11:20:01 CST] 启动环境检查...
frpc 正在运行，跳过重启。
非维护时间，核心服务保持运行。
[2026年 03月 25日 星期三 11:25:01 CST] 启动环境检查...
frpc 正在运行，跳过重启。
非维护时间，核心服务保持运行。
[2026年 03月 25日 星期三 11:30:01 CST] 启动环境检查...
frpc 正在运行，跳过重启。
非维护时间，核心服务保持运行。
[2026年 03月 25日 星期三 11:35:01 CST] 启动环境检查...
frpc 正在运行，跳过重启。
非维护时间，核心服务保持运行。
[2026年 03月 25日 星期三 11:40:01 CST] 启动环境检查...
frpc 正在运行，跳过重启。
非维护时间，核心服务保持运行。
[2026年 03月 25日 星期三 11:45:01 CST] 启动环境检查...
frpc 正在运行，跳过重启。
非维护时间，核心服务保持运行。
[2026年 03月 25日 星期三 11:50:01 CST] 启动环境检查...
frpc 正在运行，跳过重启。
非维护时间，核心服务保持运行。
[2026年 03月 25日 星期三 11:55:01 CST] 启动环境检查...
frpc 正在运行，跳过重启。
非维护时间，核心服务保持运行。
[2026年 03月 25日 星期三 12:00:01 CST] 启动环境检查...
frpc 正在运行，跳过重启。
非维护时间，核心服务保持运行。
[2026年 03月 25日 星期三 12:05:01 CST] 启动环境检查...
frpc 正在运行，跳过重启。
非维护时间，核心服务保持运行。
[2026年 03月 25日 星期三 12:10:01 CST] 启动环境检查...
frpc 正在运行，跳过重启。
非维护时间，核心服务保持运行。
[2026年 03月 25日 星期三 12:15:01 CST] 启动环境检查...
frpc 正在运行，跳过重启。
非维护时间，核心服务保持运行。
[2026年 03月 25日 星期三 12:20:01 CST] 启动环境检查...
frpc 正在运行，跳过重启。
非维护时间，核心服务保持运行。
[2026年 03月 25日 星期三 12:25:01 CST] 启动环境检查...
frpc 正在运行，跳过重启。
非维护时间，核心服务保持运行。
[2026年 03月 25日 星期三 12:30:01 CST] 启动环境检查...
frpc 正在运行，跳过重启。
非维护时间，核心服务保持运行。
[2026年 03月 25日 星期三 12:35:01 CST] 启动环境检查...
frpc 正在运行，跳过重启。
非维护时间，核心服务保持运行。
[2026年 03月 25日 星期三 12:40:01 CST] 启动环境检查...
frpc 正在运行，跳过重启。
非维护时间，核心服务保持运行。
[2026年 03月 25日 星期三 12:45:01 CST] 启动环境检查...
frpc 正在运行，跳过重启。
非维护时间，核心服务保持运行。
[2026年 03月 25日 星期三 12:50:01 CST] 启动环境检查...
frpc 正在运行，跳过重启。
非维护时间，核心服务保持运行。
[2026年 03月 25日 星期三 12:55:01 CST] 启动环境检查...
frpc 正在运行，跳过重启。
非维护时间，核心服务保持运行。
[2026年 03月 25日 星期三 13:00:01 CST] 启动环境检查...
frpc 正在运行，跳过重启。
非维护时间，核心服务保持运行。
[2026年 03月 25日 星期三 13:05:01 CST] 启动环境检查...
frpc 正在运行，跳过重启。
非维护时间，核心服务保持运行。
[2026年 03月 25日 星期三 13:10:01 CST] 启动环境检查...
frpc 正在运行，跳过重启。
非维护时间，核心服务保持运行。
[2026年 03月 25日 星期三 13:15:01 CST] 启动环境检查...
frpc 正在运行，跳过重启。
非维护时间，核心服务保持运行。
[2026年 03月 25日 星期三 13:20:01 CST] 启动环境检查...
frpc 正在运行，跳过重启。
非维护时间，核心服务保持运行。
[2026年 03月 25日 星期三 13:25:01 CST] 启动环境检查...
frpc 正在运行，跳过重启。
非维护时间，核心服务保持运行。
[2026年 03月 25日 星期三 13:30:01 CST] 启动环境检查...
frpc 正在运行，跳过重启。
非维护时间，核心服务保持运行。
[2026年 03月 25日 星期三 13:35:01 CST] 启动环境检查...
frpc 正在运行，跳过重启。
非维护时间，核心服务保持运行。
[2026年 03月 25日 星期三 13:40:01 CST] 启动环境检查...
frpc 正在运行，跳过重启。
非维护时间，核心服务保持运行。
[2026年 03月 25日 星期三 13:45:01 CST] 启动环境检查...
frpc 正在运行，跳过重启。
非维护时间，核心服务保持运行。
[2026年 03月 25日 星期三 13:50:01 CST] 启动环境检查...
frpc 正在运行，跳过重启。
非维护时间，核心服务保持运行。
[2026年 03月 25日 星期三 13:55:01 CST] 启动环境检查...
frpc 正在运行，跳过重启。
非维护时间，核心服务保持运行。
[2026年 03月 25日 星期三 14:00:01 CST] 启动环境检查...
frpc 正在运行，跳过重启。
非维护时间，核心服务保持运行。
[2026年 03月 25日 星期三 14:05:01 CST] 启动环境检查...
frpc 正在运行，跳过重启。
非维护时间，核心服务保持运行。
[2026年 03月 25日 星期三 14:10:01 CST] 启动环境检查...
frpc 正在运行，跳过重启。
非维护时间，核心服务保持运行。
[2026年 03月 25日 星期三 14:15:01 CST] 启动环境检查...
frpc 正在运行，跳过重启。
非维护时间，核心服务保持运行。
[2026年 03月 25日 星期三 14:20:01 CST] 启动环境检查...
frpc 正在运行，跳过重启。
非维护时间，核心服务保持运行。
[2026年 03月 25日 星期三 14:25:01 CST] 启动环境检查...
frpc 正在运行，跳过重启。
非维护时间，核心服务保持运行。
[2026年 03月 25日 星期三 14:30:01 CST] 启动环境检查...
frpc 正在运行，跳过重启。
非维护时间，核心服务保持运行。
[2026年 03月 25日 星期三 14:35:01 CST] 启动环境检查...
frpc 正在运行，跳过重启。
非维护时间，核心服务保持运行。
[2026年 03月 25日 星期三 14:40:01 CST] 启动环境检查...
frpc 正在运行，跳过重启。
非维护时间，核心服务保持运行。
[2026年 03月 25日 星期三 14:45:01 CST] 启动环境检查...
frpc 正在运行，跳过重启。
非维护时间，核心服务保持运行。
[2026年 03月 25日 星期三 14:50:01 CST] 启动环境检查...
frpc 正在运行，跳过重启。
非维护时间，核心服务保持运行。
[2026年 03月 25日 星期三 14:55:01 CST] 启动环境检查...
frpc 正在运行，跳过重启。
非维护时间，核心服务保持运行。
[2026年 03月 25日 星期三 15:00:01 CST] 启动环境检查...
frpc 正在运行，跳过重启。
非维护时间，核心服务保持运行。
[2026年 03月 25日 星期三 15:05:01 CST] 启动环境检查...
frpc 正在运行，跳过重启。
非维护时间，核心服务保持运行。
[2026年 03月 25日 星期三 15:10:01 CST] 启动环境检查...
frpc 正在运行，跳过重启。
非维护时间，核心服务保持运行。
[2026年 03月 25日 星期三 15:15:01 CST] 启动环境检查...
frpc 正在运行，跳过重启。
非维护时间，核心服务保持运行。
[2026年 03月 25日 星期三 15:20:02 CST] 启动环境检查...
frpc 正在运行，跳过重启。
非维护时间，核心服务保持运行。
[2026年 03月 25日 星期三 15:25:01 CST] 启动环境检查...
frpc 正在运行，跳过重启。
非维护时间，核心服务保持运行。
[2026年 03月 25日 星期三 15:30:01 CST] 启动环境检查...
frpc 正在运行，跳过重启。
非维护时间，核心服务保持运行。
[2026年 03月 25日 星期三 15:35:01 CST] 启动环境检查...
frpc 正在运行，跳过重启。
非维护时间，核心服务保持运行。
[2026年 03月 25日 星期三 15:40:01 CST] 启动环境检查...
frpc 正在运行，跳过重启。
非维护时间，核心服务保持运行。
[2026年 03月 25日 星期三 15:45:01 CST] 启动环境检查...
frpc 正在运行，跳过重启。
非维护时间，核心服务保持运行。
[2026年 03月 25日 星期三 15:50:01 CST] 启动环境检查...
frpc 正在运行，跳过重启。
非维护时间，核心服务保持运行。
[2026年 03月 25日 星期三 15:55:01 CST] 启动环境检查...
frpc 正在运行，跳过重启。
非维护时间，核心服务保持运行。
[2026年 03月 25日 星期三 16:00:01 CST] 启动环境检查...
frpc 正在运行，跳过重启。
非维护时间，核心服务保持运行。
[2026年 03月 25日 星期三 16:05:01 CST] 启动环境检查...
frpc 正在运行，跳过重启。
非维护时间，核心服务保持运行。
[2026年 03月 25日 星期三 16:10:01 CST] 启动环境检查...
frpc 正在运行，跳过重启。
非维护时间，核心服务保持运行。
[2026年 03月 25日 星期三 16:15:01 CST] 启动环境检查...
frpc 正在运行，跳过重启。
非维护时间，核心服务保持运行。
[2026年 03月 25日 星期三 16:20:01 CST] 启动环境检查...
frpc 正在运行，跳过重启。
非维护时间，核心服务保持运行。
[2026年 03月 25日 星期三 16:25:01 CST] 启动环境检查...
frpc 正在运行，跳过重启。
非维护时间，核心服务保持运行。
[2026年 03月 25日 星期三 16:30:01 CST] 启动环境检查...
frpc 正在运行，跳过重启。
非维护时间，核心服务保持运行。
[2026年 03月 25日 星期三 16:35:01 CST] 启动环境检查...
frpc 正在运行，跳过重启。
非维护时间，核心服务保持运行。
[2026年 03月 25日 星期三 16:40:01 CST] 启动环境检查...
frpc 正在运行，跳过重启。
非维护时间，核心服务保持运行。
[2026年 03月 25日 星期三 16:45:01 CST] 启动环境检查...
frpc 正在运行，跳过重启。
非维护时间，核心服务保持运行。
[2026年 03月 25日 星期三 16:50:01 CST] 启动环境检查...
frpc 正在运行，跳过重启。
非维护时间，核心服务保持运行。
[2026年 03月 25日 星期三 16:55:01 CST] 启动环境检查...
frpc 正在运行，跳过重启。
非维护时间，核心服务保持运行。
[2026年 03月 25日 星期三 17:00:01 CST] 启动环境检查...
frpc 正在运行，跳过重启。
非维护时间，核心服务保持运行。
[2026年 03月 25日 星期三 17:05:01 CST] 启动环境检查...
frpc 正在运行，跳过重启。
非维护时间，核心服务保持运行。
[2026年 03月 25日 星期三 17:10:01 CST] 启动环境检查...
frpc 正在运行，跳过重启。
非维护时间，核心服务保持运行。
[2026年 03月 25日 星期三 17:15:01 CST] 启动环境检查...
frpc 正在运行，跳过重启。
非维护时间，核心服务保持运行。
[2026年 03月 25日 星期三 17:20:01 CST] 启动环境检查...
frpc 正在运行，跳过重启。
非维护时间，核心服务保持运行。
[2026年 03月 25日 星期三 17:25:01 CST] 启动环境检查...
frpc 正在运行，跳过重启。
非维护时间，核心服务保持运行。
[2026年 03月 25日 星期三 17:30:01 CST] 启动环境检查...
frpc 正在运行，跳过重启。
非维护时间，核心服务保持运行。
[2026年 03月 25日 星期三 17:35:01 CST] 启动环境检查...
frpc 正在运行，跳过重启。
非维护时间，核心服务保持运行。
[2026年 03月 25日 星期三 17:40:01 CST] 启动环境检查...
frpc 正在运行，跳过重启。
非维护时间，核心服务保持运行。
[2026年 03月 25日 星期三 17:45:01 CST] 启动环境检查...
frpc 正在运行，跳过重启。
非维护时间，核心服务保持运行。
[2026年 03月 25日 星期三 17:50:01 CST] 启动环境检查...
frpc 正在运行，跳过重启。
非维护时间，核心服务保持运行。
[2026年 03月 25日 星期三 17:55:01 CST] 启动环境检查...
frpc 正在运行，跳过重启。
非维护时间，核心服务保持运行。
[2026年 03月 25日 星期三 18:00:01 CST] 启动环境检查...
frpc 正在运行，跳过重启。
非维护时间，核心服务保持运行。
[2026年 03月 25日 星期三 18:05:01 CST] 启动环境检查...
frpc 正在运行，跳过重启。
非维护时间，核心服务保持运行。
[2026年 03月 25日 星期三 18:10:01 CST] 启动环境检查...
frpc 正在运行，跳过重启。
非维护时间，核心服务保持运行。
[2026年 03月 25日 星期三 18:15:01 CST] 启动环境检查...
frpc 正在运行，跳过重启。
非维护时间，核心服务保持运行。
[2026年 03月 25日 星期三 18:20:01 CST] 启动环境检查...
frpc 正在运行，跳过重启。
非维护时间，核心服务保持运行。
[2026年 03月 25日 星期三 18:25:01 CST] 启动环境检查...
frpc 正在运行，跳过重启。
非维护时间，核心服务保持运行。
[2026年 03月 25日 星期三 18:30:01 CST] 启动环境检查...
frpc 正在运行，跳过重启。
非维护时间，核心服务保持运行。
[2026年 03月 25日 星期三 18:35:01 CST] 启动环境检查...
frpc 正在运行，跳过重启。
非维护时间，核心服务保持运行。
[2026年 03月 25日 星期三 18:40:01 CST] 启动环境检查...
frpc 正在运行，跳过重启。
非维护时间，核心服务保持运行。
[2026年 03月 25日 星期三 18:45:01 CST] 启动环境检查...
frpc 正在运行，跳过重启。
非维护时间，核心服务保持运行。
[2026年 03月 25日 星期三 18:50:01 CST] 启动环境检查...
frpc 正在运行，跳过重启。
非维护时间，核心服务保持运行。
[2026年 03月 25日 星期三 18:55:01 CST] 启动环境检查...
frpc 正在运行，跳过重启。
非维护时间，核心服务保持运行。
[2026年 03月 25日 星期三 19:00:01 CST] 启动环境检查...
frpc 正在运行，跳过重启。
非维护时间，核心服务保持运行。
[2026年 03月 25日 星期三 19:05:01 CST] 启动环境检查...
frpc 正在运行，跳过重启。
非维护时间，核心服务保持运行。
[2026年 03月 25日 星期三 19:10:01 CST] 启动环境检查...
frpc 正在运行，跳过重启。
非维护时间，核心服务保持运行。
[2026年 03月 25日 星期三 19:15:01 CST] 启动环境检查...
frpc 正在运行，跳过重启。
非维护时间，核心服务保持运行。
[2026年 03月 25日 星期三 19:20:01 CST] 启动环境检查...
frpc 正在运行，跳过重启。
非维护时间，核心服务保持运行。
[2026年 03月 25日 星期三 19:25:01 CST] 启动环境检查...
frpc 正在运行，跳过重启。
非维护时间，核心服务保持运行。
[2026年 03月 25日 星期三 19:30:01 CST] 启动环境检查...
frpc 正在运行，跳过重启。
非维护时间，核心服务保持运行。
[2026年 03月 25日 星期三 19:35:01 CST] 启动环境检查...
frpc 正在运行，跳过重启。
非维护时间，核心服务保持运行。
[2026年 03月 25日 星期三 19:40:01 CST] 启动环境检查...
frpc 正在运行，跳过重启。
非维护时间，核心服务保持运行。
[2026年 03月 25日 星期三 19:45:01 CST] 启动环境检查...
frpc 正在运行，跳过重启。
非维护时间，核心服务保持运行。
[2026年 03月 25日 星期三 19:50:01 CST] 启动环境检查...
frpc 正在运行，跳过重启。
非维护时间，核心服务保持运行。
[2026年 03月 25日 星期三 19:55:01 CST] 启动环境检查...
frpc 正在运行，跳过重启。
非维护时间，核心服务保持运行。
[2026年 03月 25日 星期三 20:00:01 CST] 启动环境检查...
frpc 正在运行，跳过重启。
非维护时间，核心服务保持运行。
[2026年 03月 25日 星期三 20:05:01 CST] 启动环境检查...
frpc 正在运行，跳过重启。
非维护时间，核心服务保持运行。
[2026年 03月 25日 星期三 20:10:01 CST] 启动环境检查...
frpc 正在运行，跳过重启。
非维护时间，核心服务保持运行。
[2026年 03月 25日 星期三 20:15:01 CST] 启动环境检查...
frpc 正在运行，跳过重启。
非维护时间，核心服务保持运行。
[2026年 03月 25日 星期三 20:20:01 CST] 启动环境检查...
frpc 正在运行，跳过重启。
非维护时间，核心服务保持运行。
[2026年 03月 25日 星期三 20:25:01 CST] 启动环境检查...
frpc 正在运行，跳过重启。
非维护时间，核心服务保持运行。
[2026年 03月 25日 星期三 20:30:01 CST] 启动环境检查...
frpc 正在运行，跳过重启。
非维护时间，核心服务保持运行。
[2026年 03月 25日 星期三 20:35:01 CST] 启动环境检查...
frpc 正在运行，跳过重启。
非维护时间，核心服务保持运行。
[2026年 03月 25日 星期三 20:40:01 CST] 启动环境检查...
frpc 正在运行，跳过重启。
非维护时间，核心服务保持运行。
[2026年 03月 25日 星期三 20:45:01 CST] 启动环境检查...
frpc 正在运行，跳过重启。
非维护时间，核心服务保持运行。
[2026年 03月 25日 星期三 20:50:01 CST] 启动环境检查...
frpc 正在运行，跳过重启。
非维护时间，核心服务保持运行。
[2026年 03月 25日 星期三 20:55:01 CST] 启动环境检查...
frpc 正在运行，跳过重启。
非维护时间，核心服务保持运行。
[2026年 03月 25日 星期三 21:00:01 CST] 启动环境检查...
frpc 正在运行，跳过重启。
非维护时间，核心服务保持运行。
[2026年 03月 25日 星期三 21:05:01 CST] 启动环境检查...
frpc 正在运行，跳过重启。
非维护时间，核心服务保持运行。
[2026年 03月 25日 星期三 21:10:01 CST] 启动环境检查...
frpc 正在运行，跳过重启。
非维护时间，核心服务保持运行。
[2026年 03月 25日 星期三 21:15:01 CST] 启动环境检查...
frpc 正在运行，跳过重启。
非维护时间，核心服务保持运行。
[2026年 03月 25日 星期三 21:20:01 CST] 启动环境检查...
frpc 正在运行，跳过重启。
非维护时间，核心服务保持运行。
[2026年 03月 25日 星期三 21:25:01 CST] 启动环境检查...
frpc 正在运行，跳过重启。
非维护时间，核心服务保持运行。
[2026年 03月 25日 星期三 21:30:01 CST] 启动环境检查...
frpc 正在运行，跳过重启。
非维护时间，核心服务保持运行。
[2026年 03月 25日 星期三 21:35:01 CST] 启动环境检查...
frpc 正在运行，跳过重启。
非维护时间，核心服务保持运行。
[2026年 03月 25日 星期三 21:40:01 CST] 启动环境检查...
frpc 正在运行，跳过重启。
非维护时间，核心服务保持运行。
[2026年 03月 25日 星期三 21:45:01 CST] 启动环境检查...
frpc 正在运行，跳过重启。
非维护时间，核心服务保持运行。
[2026年 03月 25日 星期三 21:50:01 CST] 启动环境检查...
frpc 正在运行，跳过重启。
非维护时间，核心服务保持运行。
[2026年 03月 25日 星期三 21:55:01 CST] 启动环境检查...
frpc 正在运行，跳过重启。
非维护时间，核心服务保持运行。
[2026年 03月 25日 星期三 22:00:01 CST] 启动环境检查...
frpc 正在运行，跳过重启。
非维护时间，核心服务保持运行。
[2026年 03月 25日 星期三 22:05:01 CST] 启动环境检查...
frpc 正在运行，跳过重启。
非维护时间，核心服务保持运行。
[2026年 03月 25日 星期三 22:10:01 CST] 启动环境检查...
frpc 正在运行，跳过重启。
非维护时间，核心服务保持运行。
[2026年 03月 25日 星期三 22:15:01 CST] 启动环境检查...
frpc 正在运行，跳过重启。
非维护时间，核心服务保持运行。
[2026年 03月 25日 星期三 22:20:01 CST] 启动环境检查...
frpc 正在运行，跳过重启。
非维护时间，核心服务保持运行。
[2026年 03月 25日 星期三 22:25:01 CST] 启动环境检查...
frpc 正在运行，跳过重启。
非维护时间，核心服务保持运行。
[2026年 03月 25日 星期三 22:30:01 CST] 启动环境检查...
frpc 正在运行，跳过重启。
非维护时间，核心服务保持运行。
[2026年 03月 25日 星期三 22:35:01 CST] 启动环境检查...
frpc 正在运行，跳过重启。
非维护时间，核心服务保持运行。
[2026年 03月 25日 星期三 22:40:01 CST] 启动环境检查...
frpc 正在运行，跳过重启。
非维护时间，核心服务保持运行。
[2026年 03月 25日 星期三 22:45:01 CST] 启动环境检查...
frpc 正在运行，跳过重启。
非维护时间，核心服务保持运行。
[2026年 03月 25日 星期三 22:50:01 CST] 启动环境检查...
frpc 正在运行，跳过重启。
非维护时间，核心服务保持运行。
[2026年 03月 25日 星期三 22:55:01 CST] 启动环境检查...
frpc 正在运行，跳过重启。
非维护时间，核心服务保持运行。
[2026年 03月 25日 星期三 23:00:01 CST] 启动环境检查...
frpc 正在运行，跳过重启。
非维护时间，核心服务保持运行。
[2026年 03月 25日 星期三 23:05:01 CST] 启动环境检查...
frpc 正在运行，跳过重启。
非维护时间，核心服务保持运行。
[2026年 03月 25日 星期三 23:10:01 CST] 启动环境检查...
frpc 正在运行，跳过重启。
非维护时间，核心服务保持运行。
[2026年 03月 25日 星期三 23:15:01 CST] 启动环境检查...
frpc 正在运行，跳过重启。
非维护时间，核心服务保持运行。
[2026年 03月 25日 星期三 23:20:01 CST] 启动环境检查...
frpc 正在运行，跳过重启。
非维护时间，核心服务保持运行。
[2026年 03月 25日 星期三 23:25:01 CST] 启动环境检查...
frpc 正在运行，跳过重启。
非维护时间，核心服务保持运行。
[2026年 03月 25日 星期三 23:30:02 CST] 启动环境检查...
frpc 正在运行，跳过重启。
非维护时间，核心服务保持运行。
[2026年 03月 25日 星期三 23:35:01 CST] 启动环境检查...
frpc 正在运行，跳过重启。
非维护时间，核心服务保持运行。
[2026年 03月 25日 星期三 23:40:01 CST] 启动环境检查...
frpc 正在运行，跳过重启。
非维护时间，核心服务保持运行。
[2026年 03月 25日 星期三 23:45:01 CST] 启动环境检查...
frpc 正在运行，跳过重启。
非维护时间，核心服务保持运行。
[2026年 03月 25日 星期三 23:50:01 CST] 启动环境检查...
frpc 正在运行，跳过重启。
非维护时间，核心服务保持运行。
[2026年 03月 25日 星期三 23:55:01 CST] 启动环境检查...
frpc 正在运行，跳过重启。
非维护时间，核心服务保持运行。
[2026年 03月 26日 星期四 00:00:01 CST] 启动环境检查...
frpc 正在运行，跳过重启。
非维护时间，核心服务保持运行。
[2026年 03月 26日 星期四 00:05:01 CST] 启动环境检查...
frpc 正在运行，跳过重启。
非维护时间，核心服务保持运行。
[2026年 03月 26日 星期四 00:10:01 CST] 启动环境检查...
frpc 正在运行，跳过重启。
非维护时间，核心服务保持运行。
[2026年 03月 26日 星期四 00:15:01 CST] 启动环境检查...
frpc 正在运行，跳过重启。
非维护时间，核心服务保持运行。
[2026年 03月 26日 星期四 00:20:01 CST] 启动环境检查...
frpc 正在运行，跳过重启。
非维护时间，核心服务保持运行。
[2026年 03月 26日 星期四 00:25:01 CST] 启动环境检查...
frpc 正在运行，跳过重启。
非维护时间，核心服务保持运行。
[2026年 03月 26日 星期四 00:30:01 CST] 启动环境检查...
frpc 正在运行，跳过重启。
非维护时间，核心服务保持运行。
[2026年 03月 26日 星期四 00:35:01 CST] 启动环境检查...
frpc 正在运行，跳过重启。
非维护时间，核心服务保持运行。
[2026年 03月 26日 星期四 00:40:01 CST] 启动环境检查...
frpc 正在运行，跳过重启。
非维护时间，核心服务保持运行。
[2026年 03月 26日 星期四 00:45:01 CST] 启动环境检查...
frpc 正在运行，跳过重启。
非维护时间，核心服务保持运行。
[2026年 03月 26日 星期四 00:50:01 CST] 启动环境检查...
frpc 正在运行，跳过重启。
非维护时间，核心服务保持运行。
[2026年 03月 26日 星期四 00:55:01 CST] 启动环境检查...
frpc 正在运行，跳过重启。
非维护时间，核心服务保持运行。
[2026年 03月 26日 星期四 01:00:01 CST] 启动环境检查...
frpc 正在运行，跳过重启。
非维护时间，核心服务保持运行。
[2026年 03月 26日 星期四 01:05:01 CST] 启动环境检查...
frpc 正在运行，跳过重启。
非维护时间，核心服务保持运行。
[2026年 03月 26日 星期四 01:10:01 CST] 启动环境检查...
frpc 正在运行，跳过重启。
非维护时间，核心服务保持运行。
[2026年 03月 26日 星期四 01:15:01 CST] 启动环境检查...
frpc 正在运行，跳过重启。
非维护时间，核心服务保持运行。
[2026年 03月 26日 星期四 01:20:01 CST] 启动环境检查...
frpc 正在运行，跳过重启。
非维护时间，核心服务保持运行。
[2026年 03月 26日 星期四 01:25:01 CST] 启动环境检查...
frpc 正在运行，跳过重启。
非维护时间，核心服务保持运行。
[2026年 03月 26日 星期四 01:30:01 CST] 启动环境检查...
frpc 正在运行，跳过重启。
非维护时间，核心服务保持运行。
[2026年 03月 26日 星期四 01:35:01 CST] 启动环境检查...
frpc 正在运行，跳过重启。
非维护时间，核心服务保持运行。
[2026年 03月 26日 星期四 01:40:01 CST] 启动环境检查...
frpc 正在运行，跳过重启。
非维护时间，核心服务保持运行。
[2026年 03月 26日 星期四 01:45:01 CST] 启动环境检查...
frpc 正在运行，跳过重启。
非维护时间，核心服务保持运行。
[2026年 03月 26日 星期四 01:50:01 CST] 启动环境检查...
frpc 正在运行，跳过重启。
非维护时间，核心服务保持运行。
[2026年 03月 26日 星期四 01:55:01 CST] 启动环境检查...
frpc 正在运行，跳过重启。
非维护时间，核心服务保持运行。
[2026年 03月 26日 星期四 02:00:01 CST] 启动环境检查...
frpc 正在运行，跳过重启。
非维护时间，核心服务保持运行。
[2026年 03月 26日 星期四 02:05:01 CST] 启动环境检查...
frpc 正在运行，跳过重启。
非维护时间，核心服务保持运行。
[2026年 03月 26日 星期四 02:10:01 CST] 启动环境检查...
frpc 正在运行，跳过重启。
非维护时间，核心服务保持运行。
[2026年 03月 26日 星期四 02:15:01 CST] 启动环境检查...
frpc 正在运行，跳过重启。
非维护时间，核心服务保持运行。
[2026年 03月 26日 星期四 02:20:01 CST] 启动环境检查...
frpc 正在运行，跳过重启。
非维护时间，核心服务保持运行。
[2026年 03月 26日 星期四 02:25:01 CST] 启动环境检查...
frpc 正在运行，跳过重启。
非维护时间，核心服务保持运行。
[2026年 03月 26日 星期四 02:30:01 CST] 启动环境检查...
frpc 正在运行，跳过重启。
非维护时间，核心服务保持运行。
[2026年 03月 26日 星期四 02:35:01 CST] 启动环境检查...
frpc 正在运行，跳过重启。
非维护时间，核心服务保持运行。
[2026年 03月 26日 星期四 02:40:01 CST] 启动环境检查...
frpc 正在运行，跳过重启。
非维护时间，核心服务保持运行。
[2026年 03月 26日 星期四 02:45:01 CST] 启动环境检查...
frpc 正在运行，跳过重启。
非维护时间，核心服务保持运行。
[2026年 03月 26日 星期四 02:50:01 CST] 启动环境检查...
frpc 正在运行，跳过重启。
非维护时间，核心服务保持运行。
[2026年 03月 26日 星期四 02:55:01 CST] 启动环境检查...
frpc 正在运行，跳过重启。
非维护时间，核心服务保持运行。
[2026年 03月 26日 星期四 03:00:01 CST] 启动环境检查...
frpc 正在运行，跳过重启。
触发凌晨 3:00 定时维护，准备重启核心服务...
清理端口 8000 的进程 202426
清理端口 7100 的进程 202240
核心服务已完成每日例行重启。
[2026年 03月 26日 星期四 03:05:01 CST] 启动环境检查...
frpc 正在运行，跳过重启。
触发凌晨 3:00 定时维护，准备重启核心服务...
清理端口 8000 的进程 209440
清理端口 7100 的进程 209439
核心服务已完成每日例行重启。
[2026年 03月 26日 星期四 03:10:01 CST] 启动环境检查...
frpc 正在运行，跳过重启。
触发凌晨 3:00 定时维护，准备重启核心服务...
清理端口 8000 的进程 210157
清理端口 7100 的进程 210156
核心服务已完成每日例行重启。
[2026年 03月 26日 星期四 03:15:01 CST] 启动环境检查...
frpc 正在运行，跳过重启。
触发凌晨 3:00 定时维护，准备重启核心服务...
清理端口 8000 的进程 210881
清理端口 7100 的进程 210869
核心服务已完成每日例行重启。
[2026年 03月 26日 星期四 03:20:01 CST] 启动环境检查...
frpc 正在运行，跳过重启。
触发凌晨 3:00 定时维护，准备重启核心服务...
清理端口 8000 的进程 211605
清理端口 7100 的进程 211606
核心服务已完成每日例行重启。
[2026年 03月 26日 星期四 03:25:01 CST] 启动环境检查...
frpc 正在运行，跳过重启。
触发凌晨 3:00 定时维护，准备重启核心服务...
清理端口 8000 的进程 212289
清理端口 7100 的进程 212288
核心服务已完成每日例行重启。
[2026年 03月 26日 星期四 03:30:01 CST] 启动环境检查...
frpc 正在运行，跳过重启。
触发凌晨 3:00 定时维护，准备重启核心服务...
清理端口 8000 的进程 213023
清理端口 7100 的进程 212992
核心服务已完成每日例行重启。
[2026年 03月 26日 星期四 03:35:01 CST] 启动环境检查...
frpc 正在运行，跳过重启。
触发凌晨 3:00 定时维护，准备重启核心服务...
清理端口 8000 的进程 213706
清理端口 7100 的进程 213705
核心服务已完成每日例行重启。
[2026年 03月 26日 星期四 03:40:01 CST] 启动环境检查...
frpc 正在运行，跳过重启。
触发凌晨 3:00 定时维护，准备重启核心服务...
清理端口 8000 的进程 214408
清理端口 7100 的进程 214409
核心服务已完成每日例行重启。
[2026年 03月 26日 星期四 03:45:01 CST] 启动环境检查...
frpc 正在运行，跳过重启。
触发凌晨 3:00 定时维护，准备重启核心服务...
清理端口 8000 的进程 215119
清理端口 7100 的进程 215118
核心服务已完成每日例行重启。
[2026年 03月 26日 星期四 03:50:01 CST] 启动环境检查...
frpc 正在运行，跳过重启。
触发凌晨 3:00 定时维护，准备重启核心服务...
清理端口 8000 的进程 215857
清理端口 7100 的进程 215826
核心服务已完成每日例行重启。
[2026年 03月 26日 星期四 03:55:01 CST] 启动环境检查...
frpc 正在运行，跳过重启。
触发凌晨 3:00 定时维护，准备重启核心服务...
清理端口 8000 的进程 216535
清理端口 7100 的进程 216536
核心服务已完成每日例行重启。
[2026年 03月 26日 星期四 04:00:01 CST] 启动环境检查...
frpc 正在运行，跳过重启。
非维护时间，核心服务保持运行。
[2026年 03月 26日 星期四 04:05:01 CST] 启动环境检查...
frpc 正在运行，跳过重启。
非维护时间，核心服务保持运行。
[2026年 03月 26日 星期四 04:10:01 CST] 启动环境检查...
frpc 正在运行，跳过重启。
非维护时间，核心服务保持运行。
[2026年 03月 26日 星期四 04:15:01 CST] 启动环境检查...
frpc 正在运行，跳过重启。
非维护时间，核心服务保持运行。
[2026年 03月 26日 星期四 04:20:01 CST] 启动环境检查...
frpc 正在运行，跳过重启。
非维护时间，核心服务保持运行。
[2026年 03月 26日 星期四 04:25:01 CST] 启动环境检查...
frpc 正在运行，跳过重启。
非维护时间，核心服务保持运行。
[2026年 03月 26日 星期四 04:30:01 CST] 启动环境检查...
frpc 正在运行，跳过重启。
非维护时间，核心服务保持运行。
[2026年 03月 26日 星期四 04:35:01 CST] 启动环境检查...
frpc 正在运行，跳过重启。
非维护时间，核心服务保持运行。
[2026年 03月 26日 星期四 04:40:01 CST] 启动环境检查...
frpc 正在运行，跳过重启。
非维护时间，核心服务保持运行。
[2026年 03月 26日 星期四 04:45:01 CST] 启动环境检查...
frpc 正在运行，跳过重启。
非维护时间，核心服务保持运行。
[2026年 03月 26日 星期四 04:50:01 CST] 启动环境检查...
frpc 正在运行，跳过重启。
非维护时间，核心服务保持运行。
[2026年 03月 26日 星期四 04:55:01 CST] 启动环境检查...
frpc 正在运行，跳过重启。
非维护时间，核心服务保持运行。
[2026年 03月 26日 星期四 05:00:01 CST] 启动环境检查...
frpc 正在运行，跳过重启。
非维护时间，核心服务保持运行。
[2026年 03月 26日 星期四 05:05:01 CST] 启动环境检查...
frpc 正在运行，跳过重启。
非维护时间，核心服务保持运行。
[2026年 03月 26日 星期四 05:10:01 CST] 启动环境检查...
frpc 正在运行，跳过重启。
非维护时间，核心服务保持运行。
[2026年 03月 26日 星期四 05:15:01 CST] 启动环境检查...
frpc 正在运行，跳过重启。
非维护时间，核心服务保持运行。
[2026年 03月 26日 星期四 05:20:01 CST] 启动环境检查...
frpc 正在运行，跳过重启。
非维护时间，核心服务保持运行。
[2026年 03月 26日 星期四 05:25:01 CST] 启动环境检查...
frpc 正在运行，跳过重启。
非维护时间，核心服务保持运行。
[2026年 03月 26日 星期四 05:30:01 CST] 启动环境检查...
frpc 正在运行，跳过重启。
非维护时间，核心服务保持运行。
[2026年 03月 26日 星期四 05:35:01 CST] 启动环境检查...
frpc 正在运行，跳过重启。
非维护时间，核心服务保持运行。
[2026年 03月 26日 星期四 05:40:01 CST] 启动环境检查...
frpc 正在运行，跳过重启。
非维护时间，核心服务保持运行。
[2026年 03月 26日 星期四 05:45:01 CST] 启动环境检查...
frpc 正在运行，跳过重启。
非维护时间，核心服务保持运行。
[2026年 03月 26日 星期四 05:50:01 CST] 启动环境检查...
frpc 正在运行，跳过重启。
非维护时间，核心服务保持运行。
[2026年 03月 26日 星期四 05:55:01 CST] 启动环境检查...
frpc 正在运行，跳过重启。
非维护时间，核心服务保持运行。
[2026年 03月 26日 星期四 06:00:01 CST] 启动环境检查...
frpc 正在运行，跳过重启。
非维护时间，核心服务保持运行。
[2026年 03月 26日 星期四 06:05:01 CST] 启动环境检查...
frpc 正在运行，跳过重启。
非维护时间，核心服务保持运行。
[2026年 03月 26日 星期四 06:10:01 CST] 启动环境检查...
frpc 正在运行，跳过重启。
非维护时间，核心服务保持运行。
[2026年 03月 26日 星期四 06:15:01 CST] 启动环境检查...
frpc 正在运行，跳过重启。
非维护时间，核心服务保持运行。
[2026年 03月 26日 星期四 06:20:01 CST] 启动环境检查...
frpc 正在运行，跳过重启。
非维护时间，核心服务保持运行。
[2026年 03月 26日 星期四 06:25:01 CST] 启动环境检查...
frpc 正在运行，跳过重启。
非维护时间，核心服务保持运行。
[2026年 03月 26日 星期四 06:30:01 CST] 启动环境检查...
frpc 正在运行，跳过重启。
非维护时间，核心服务保持运行。
[2026年 03月 26日 星期四 06:35:01 CST] 启动环境检查...
frpc 正在运行，跳过重启。
非维护时间，核心服务保持运行。
[2026年 03月 26日 星期四 06:40:01 CST] 启动环境检查...
frpc 正在运行，跳过重启。
非维护时间，核心服务保持运行。
[2026年 03月 26日 星期四 06:45:01 CST] 启动环境检查...
frpc 正在运行，跳过重启。
非维护时间，核心服务保持运行。
[2026年 03月 26日 星期四 06:50:01 CST] 启动环境检查...
frpc 正在运行，跳过重启。
非维护时间，核心服务保持运行。
[2026年 03月 26日 星期四 06:55:01 CST] 启动环境检查...
frpc 正在运行，跳过重启。
非维护时间，核心服务保持运行。
[2026年 03月 26日 星期四 07:00:01 CST] 启动环境检查...
frpc 正在运行，跳过重启。
非维护时间，核心服务保持运行。
[2026年 03月 26日 星期四 07:05:01 CST] 启动环境检查...
frpc 正在运行，跳过重启。
非维护时间，核心服务保持运行。
[2026年 03月 26日 星期四 07:10:01 CST] 启动环境检查...
frpc 正在运行，跳过重启。
非维护时间，核心服务保持运行。
[2026年 03月 26日 星期四 07:15:01 CST] 启动环境检查...
frpc 正在运行，跳过重启。
非维护时间，核心服务保持运行。
[2026年 03月 26日 星期四 07:20:01 CST] 启动环境检查...
frpc 正在运行，跳过重启。
非维护时间，核心服务保持运行。
[2026年 03月 26日 星期四 07:25:01 CST] 启动环境检查...
frpc 正在运行，跳过重启。
非维护时间，核心服务保持运行。
[2026年 03月 26日 星期四 07:30:01 CST] 启动环境检查...
frpc 正在运行，跳过重启。
非维护时间，核心服务保持运行。
[2026年 03月 26日 星期四 07:35:01 CST] 启动环境检查...
frpc 正在运行，跳过重启。
非维护时间，核心服务保持运行。
[2026年 03月 26日 星期四 07:40:01 CST] 启动环境检查...
frpc 正在运行，跳过重启。
非维护时间，核心服务保持运行。
[2026年 03月 26日 星期四 07:45:01 CST] 启动环境检查...
frpc 正在运行，跳过重启。
非维护时间，核心服务保持运行。
[2026年 03月 26日 星期四 07:50:01 CST] 启动环境检查...
frpc 正在运行，跳过重启。
非维护时间，核心服务保持运行。
[2026年 03月 26日 星期四 07:55:01 CST] 启动环境检查...
frpc 正在运行，跳过重启。
非维护时间，核心服务保持运行。
[2026年 03月 26日 星期四 08:00:01 CST] 启动环境检查...
frpc 正在运行，跳过重启。
非维护时间，核心服务保持运行。
[2026年 03月 26日 星期四 08:05:01 CST] 启动环境检查...
frpc 正在运行，跳过重启。
非维护时间，核心服务保持运行。
[2026年 03月 26日 星期四 08:10:01 CST] 启动环境检查...
frpc 正在运行，跳过重启。
非维护时间，核心服务保持运行。
[2026年 03月 26日 星期四 08:15:01 CST] 启动环境检查...
frpc 正在运行，跳过重启。
非维护时间，核心服务保持运行。
[2026年 03月 26日 星期四 08:20:01 CST] 启动环境检查...
frpc 正在运行，跳过重启。
非维护时间，核心服务保持运行。
[2026年 03月 26日 星期四 08:25:01 CST] 启动环境检查...
frpc 正在运行，跳过重启。
非维护时间，核心服务保持运行。
[2026年 03月 26日 星期四 08:30:01 CST] 启动环境检查...
frpc 正在运行，跳过重启。
非维护时间，核心服务保持运行。
[2026年 03月 26日 星期四 08:35:01 CST] 启动环境检查...
frpc 正在运行，跳过重启。
非维护时间，核心服务保持运行。
[2026年 03月 26日 星期四 08:40:01 CST] 启动环境检查...
frpc 正在运行，跳过重启。
非维护时间，核心服务保持运行。
[2026年 03月 26日 星期四 08:45:01 CST] 启动环境检查...
frpc 正在运行，跳过重启。
非维护时间，核心服务保持运行。
[2026年 03月 26日 星期四 08:50:01 CST] 启动环境检查...
frpc 正在运行，跳过重启。
非维护时间，核心服务保持运行。
[2026年 03月 26日 星期四 08:55:01 CST] 启动环境检查...
frpc 正在运行，跳过重启。
非维护时间，核心服务保持运行。
[2026年 03月 26日 星期四 09:00:01 CST] 启动环境检查...
frpc 正在运行，跳过重启。
非维护时间，核心服务保持运行。
[2026年 03月 26日 星期四 09:05:01 CST] 启动环境检查...
frpc 正在运行，跳过重启。
非维护时间，核心服务保持运行。
[2026年 03月 26日 星期四 09:10:01 CST] 启动环境检查...
frpc 正在运行，跳过重启。
非维护时间，核心服务保持运行。
[2026年 03月 26日 星期四 09:15:01 CST] 启动环境检查...
frpc 正在运行，跳过重启。
非维护时间，核心服务保持运行。
[2026年 03月 26日 星期四 09:20:01 CST] 启动环境检查...
frpc 正在运行，跳过重启。
非维护时间，核心服务保持运行。
[2026年 03月 26日 星期四 09:25:01 CST] 启动环境检查...
frpc 正在运行，跳过重启。
非维护时间，核心服务保持运行。
[2026年 03月 26日 星期四 09:30:01 CST] 启动环境检查...
frpc 正在运行，跳过重启。
非维护时间，核心服务保持运行。
[2026年 03月 26日 星期四 09:35:01 CST] 启动环境检查...
frpc 正在运行，跳过重启。
非维护时间，核心服务保持运行。
[2026年 03月 26日 星期四 09:40:01 CST] 启动环境检查...
frpc 正在运行，跳过重启。
非维护时间，核心服务保持运行。
[2026年 03月 26日 星期四 09:45:01 CST] 启动环境检查...
frpc 正在运行，跳过重启。
非维护时间，核心服务保持运行。
[2026年 03月 26日 星期四 09:50:01 CST] 启动环境检查...
frpc 正在运行，跳过重启。
非维护时间，核心服务保持运行。
[2026年 03月 26日 星期四 09:55:01 CST] 启动环境检查...
frpc 正在运行，跳过重启。
非维护时间，核心服务保持运行。
[2026年 03月 26日 星期四 10:00:01 CST] 启动环境检查...
frpc 正在运行，跳过重启。
非维护时间，核心服务保持运行。
[2026年 03月 26日 星期四 10:05:01 CST] 启动环境检查...
frpc 正在运行，跳过重启。
非维护时间，核心服务保持运行。
[2026年 03月 26日 星期四 10:10:01 CST] 启动环境检查...
frpc 正在运行，跳过重启。
非维护时间，核心服务保持运行。
[2026年 03月 26日 星期四 10:15:01 CST] 启动环境检查...
frpc 正在运行，跳过重启。
非维护时间，核心服务保持运行。
[2026年 03月 26日 星期四 10:20:01 CST] 启动环境检查...
frpc 正在运行，跳过重启。
非维护时间，核心服务保持运行。
[2026年 03月 26日 星期四 10:25:01 CST] 启动环境检查...
frpc 正在运行，跳过重启。
非维护时间，核心服务保持运行。
[2026年 03月 26日 星期四 10:30:01 CST] 启动环境检查...
frpc 正在运行，跳过重启。
非维护时间，核心服务保持运行。
[2026年 03月 26日 星期四 10:35:02 CST] 启动环境检查...
frpc 正在运行，跳过重启。
非维护时间，核心服务保持运行。
[2026年 03月 26日 星期四 10:40:01 CST] 启动环境检查...
frpc 正在运行，跳过重启。
非维护时间，核心服务保持运行。
[2026年 03月 26日 星期四 10:45:01 CST] 启动环境检查...
frpc 正在运行，跳过重启。
非维护时间，核心服务保持运行。
[2026年 03月 26日 星期四 10:50:01 CST] 启动环境检查...
frpc 正在运行，跳过重启。
非维护时间，核心服务保持运行。
[2026年 03月 26日 星期四 10:55:01 CST] 启动环境检查...
frpc 正在运行，跳过重启。
非维护时间，核心服务保持运行。
[2026年 03月 26日 星期四 11:00:01 CST] 启动环境检查...
frpc 正在运行，跳过重启。
非维护时间，核心服务保持运行。
[2026年 03月 26日 星期四 11:05:01 CST] 启动环境检查...
frpc 正在运行，跳过重启。
非维护时间，核心服务保持运行。
[2026年 03月 26日 星期四 11:10:01 CST] 启动环境检查...
frpc 正在运行，跳过重启。
非维护时间，核心服务保持运行。
[2026年 03月 26日 星期四 11:15:01 CST] 启动环境检查...
frpc 正在运行，跳过重启。
非维护时间，核心服务保持运行。
[2026年 03月 26日 星期四 11:20:01 CST] 启动环境检查...
frpc 正在运行，跳过重启。
非维护时间，核心服务保持运行。
[2026年 03月 26日 星期四 11:25:01 CST] 启动环境检查...
frpc 正在运行，跳过重启。
非维护时间，核心服务保持运行。
[2026年 03月 26日 星期四 11:30:01 CST] 启动环境检查...
frpc 正在运行，跳过重启。
非维护时间，核心服务保持运行。
[2026年 03月 26日 星期四 11:35:01 CST] 启动环境检查...
frpc 正在运行，跳过重启。
非维护时间，核心服务保持运行。
[2026年 03月 26日 星期四 11:40:01 CST] 启动环境检查...
frpc 正在运行，跳过重启。
非维护时间，核心服务保持运行。
[2026年 03月 26日 星期四 11:45:01 CST] 启动环境检查...
frpc 正在运行，跳过重启。
非维护时间，核心服务保持运行。
[2026年 03月 26日 星期四 11:50:01 CST] 启动环境检查...
frpc 正在运行，跳过重启。
非维护时间，核心服务保持运行。
[2026年 03月 26日 星期四 11:55:01 CST] 启动环境检查...
frpc 正在运行，跳过重启。
非维护时间，核心服务保持运行。
[2026年 03月 26日 星期四 12:00:01 CST] 启动环境检查...
frpc 正在运行，跳过重启。
非维护时间，核心服务保持运行。
[2026年 03月 26日 星期四 12:05:01 CST] 启动环境检查...
frpc 正在运行，跳过重启。
非维护时间，核心服务保持运行。
[2026年 03月 26日 星期四 12:10:01 CST] 启动环境检查...
frpc 正在运行，跳过重启。
非维护时间，核心服务保持运行。
[2026年 03月 26日 星期四 12:15:01 CST] 启动环境检查...
frpc 正在运行，跳过重启。
非维护时间，核心服务保持运行。
[2026年 03月 26日 星期四 12:20:01 CST] 启动环境检查...
frpc 正在运行，跳过重启。
非维护时间，核心服务保持运行。
[2026年 03月 26日 星期四 12:25:01 CST] 启动环境检查...
frpc 正在运行，跳过重启。
非维护时间，核心服务保持运行。
[2026年 03月 26日 星期四 12:30:01 CST] 启动环境检查...
frpc 正在运行，跳过重启。
非维护时间，核心服务保持运行。
[2026年 03月 26日 星期四 12:35:02 CST] 启动环境检查...
frpc 正在运行，跳过重启。
非维护时间，核心服务保持运行。
[2026年 03月 26日 星期四 12:40:01 CST] 启动环境检查...
frpc 正在运行，跳过重启。
非维护时间，核心服务保持运行。
[2026年 03月 26日 星期四 12:45:01 CST] 启动环境检查...
frpc 正在运行，跳过重启。
非维护时间，核心服务保持运行。
[2026年 03月 26日 星期四 12:50:01 CST] 启动环境检查...
frpc 正在运行，跳过重启。
非维护时间，核心服务保持运行。
[2026年 03月 26日 星期四 12:55:01 CST] 启动环境检查...
frpc 正在运行，跳过重启。
非维护时间，核心服务保持运行。
[2026年 03月 26日 星期四 13:00:01 CST] 启动环境检查...
frpc 正在运行，跳过重启。
非维护时间，核心服务保持运行。
[2026年 03月 26日 星期四 13:05:01 CST] 启动环境检查...
frpc 正在运行，跳过重启。
非维护时间，核心服务保持运行。
[2026年 03月 26日 星期四 13:10:01 CST] 启动环境检查...
frpc 正在运行，跳过重启。
非维护时间，核心服务保持运行。
[2026年 03月 26日 星期四 13:15:01 CST] 启动环境检查...
frpc 正在运行，跳过重启。
非维护时间，核心服务保持运行。
[2026年 03月 26日 星期四 13:20:01 CST] 启动环境检查...
frpc 正在运行，跳过重启。
非维护时间，核心服务保持运行。
[2026年 03月 26日 星期四 13:25:01 CST] 启动环境检查...
frpc 正在运行，跳过重启。
非维护时间，核心服务保持运行。
[2026年 03月 26日 星期四 13:30:01 CST] 启动环境检查...
frpc 正在运行，跳过重启。
非维护时间，核心服务保持运行。
[2026年 03月 26日 星期四 13:35:01 CST] 启动环境检查...
frpc 正在运行，跳过重启。
非维护时间，核心服务保持运行。
[2026年 03月 26日 星期四 13:40:01 CST] 启动环境检查...
frpc 正在运行，跳过重启。
非维护时间，核心服务保持运行。
[2026年 03月 26日 星期四 13:45:01 CST] 启动环境检查...
frpc 正在运行，跳过重启。
非维护时间，核心服务保持运行。
[2026年 03月 26日 星期四 13:50:01 CST] 启动环境检查...
frpc 正在运行，跳过重启。
非维护时间，核心服务保持运行。
[2026年 03月 26日 星期四 13:55:01 CST] 启动环境检查...
frpc 正在运行，跳过重启。
非维护时间，核心服务保持运行。
[2026年 03月 26日 星期四 14:00:01 CST] 启动环境检查...
frpc 正在运行，跳过重启。
非维护时间，核心服务保持运行。
[2026年 03月 26日 星期四 14:05:01 CST] 启动环境检查...
frpc 正在运行，跳过重启。
非维护时间，核心服务保持运行。
[2026年 03月 26日 星期四 14:10:01 CST] 启动环境检查...
frpc 正在运行，跳过重启。
非维护时间，核心服务保持运行。
[2026年 03月 26日 星期四 14:15:01 CST] 启动环境检查...
frpc 正在运行，跳过重启。
非维护时间，核心服务保持运行。
[2026年 03月 26日 星期四 14:20:01 CST] 启动环境检查...
frpc 正在运行，跳过重启。
非维护时间，核心服务保持运行。
[2026年 03月 26日 星期四 14:25:01 CST] 启动环境检查...
frpc 正在运行，跳过重启。
非维护时间，核心服务保持运行。
[2026年 03月 26日 星期四 14:30:01 CST] 启动环境检查...
frpc 正在运行，跳过重启。
非维护时间，核心服务保持运行。
[2026年 03月 26日 星期四 14:35:01 CST] 启动环境检查...
frpc 正在运行，跳过重启。
非维护时间，核心服务保持运行。
[2026年 03月 26日 星期四 14:40:01 CST] 启动环境检查...
frpc 正在运行，跳过重启。
非维护时间，核心服务保持运行。
[2026年 03月 26日 星期四 14:45:01 CST] 启动环境检查...
frpc 正在运行，跳过重启。
非维护时间，核心服务保持运行。
[2026年 03月 26日 星期四 14:50:01 CST] 启动环境检查...
frpc 正在运行，跳过重启。
非维护时间，核心服务保持运行。
[2026年 03月 26日 星期四 14:55:01 CST] 启动环境检查...
frpc 正在运行，跳过重启。
非维护时间，核心服务保持运行。
[2026年 03月 26日 星期四 15:00:01 CST] 启动环境检查...
frpc 正在运行，跳过重启。
非维护时间，核心服务保持运行。
[2026年 03月 26日 星期四 15:05:01 CST] 启动环境检查...
frpc 正在运行，跳过重启。
非维护时间，核心服务保持运行。
[2026年 03月 26日 星期四 15:10:01 CST] 启动环境检查...
frpc 正在运行，跳过重启。
非维护时间，核心服务保持运行。
[2026年 03月 26日 星期四 15:15:01 CST] 启动环境检查...
frpc 正在运行，跳过重启。
非维护时间，核心服务保持运行。
[2026年 03月 26日 星期四 15:20:01 CST] 启动环境检查...
frpc 正在运行，跳过重启。
非维护时间，核心服务保持运行。
[2026年 03月 26日 星期四 15:25:01 CST] 启动环境检查...
frpc 正在运行，跳过重启。
非维护时间，核心服务保持运行。
[2026年 03月 26日 星期四 15:30:01 CST] 启动环境检查...
frpc 正在运行，跳过重启。
非维护时间，核心服务保持运行。
[2026年 03月 26日 星期四 15:35:01 CST] 启动环境检查...
frpc 正在运行，跳过重启。
非维护时间，核心服务保持运行。
[2026年 03月 26日 星期四 15:40:01 CST] 启动环境检查...
frpc 正在运行，跳过重启。
非维护时间，核心服务保持运行。
[2026年 03月 26日 星期四 15:45:01 CST] 启动环境检查...
frpc 正在运行，跳过重启。
非维护时间，核心服务保持运行。
[2026年 03月 26日 星期四 15:50:01 CST] 启动环境检查...
frpc 正在运行，跳过重启。
非维护时间，核心服务保持运行。
[2026年 03月 26日 星期四 15:55:01 CST] 启动环境检查...
frpc 正在运行，跳过重启。
非维护时间，核心服务保持运行。
[2026年 03月 26日 星期四 16:00:01 CST] 启动环境检查...
frpc 正在运行，跳过重启。
非维护时间，核心服务保持运行。
[2026年 03月 26日 星期四 16:05:01 CST] 启动环境检查...
frpc 正在运行，跳过重启。
非维护时间，核心服务保持运行。
[2026年 03月 26日 星期四 16:10:01 CST] 启动环境检查...
frpc 正在运行，跳过重启。
非维护时间，核心服务保持运行。
[2026年 03月 26日 星期四 16:15:01 CST] 启动环境检查...
frpc 正在运行，跳过重启。
非维护时间，核心服务保持运行。
[2026年 03月 26日 星期四 16:20:01 CST] 启动环境检查...
frpc 正在运行，跳过重启。
非维护时间，核心服务保持运行。
[2026年 03月 26日 星期四 16:25:01 CST] 启动环境检查...
frpc 正在运行，跳过重启。
非维护时间，核心服务保持运行。
[2026年 03月 26日 星期四 16:30:02 CST] 启动环境检查...
frpc 正在运行，跳过重启。
非维护时间，核心服务保持运行。
[2026年 03月 26日 星期四 16:35:01 CST] 启动环境检查...
frpc 正在运行，跳过重启。
非维护时间，核心服务保持运行。
[2026年 03月 26日 星期四 16:40:01 CST] 启动环境检查...
frpc 正在运行，跳过重启。
非维护时间，核心服务保持运行。
[2026年 03月 26日 星期四 16:45:01 CST] 启动环境检查...
frpc 正在运行，跳过重启。
非维护时间，核心服务保持运行。
[2026年 03月 26日 星期四 16:50:01 CST] 启动环境检查...
frpc 正在运行，跳过重启。
非维护时间，核心服务保持运行。
[2026年 03月 26日 星期四 16:55:01 CST] 启动环境检查...
frpc 正在运行，跳过重启。
非维护时间，核心服务保持运行。
[2026年 03月 26日 星期四 17:00:01 CST] 启动环境检查...
frpc 正在运行，跳过重启。
非维护时间，核心服务保持运行。
[2026年 03月 26日 星期四 17:05:01 CST] 启动环境检查...
frpc 正在运行，跳过重启。
非维护时间，核心服务保持运行。
[2026年 03月 26日 星期四 17:10:01 CST] 启动环境检查...
frpc 正在运行，跳过重启。
非维护时间，核心服务保持运行。
[2026年 03月 26日 星期四 17:15:01 CST] 启动环境检查...
frpc 正在运行，跳过重启。
非维护时间，核心服务保持运行。
[2026年 03月 26日 星期四 17:20:01 CST] 启动环境检查...
frpc 正在运行，跳过重启。
非维护时间，核心服务保持运行。
[2026年 03月 26日 星期四 17:25:01 CST] 启动环境检查...
frpc 正在运行，跳过重启。
非维护时间，核心服务保持运行。
[2026年 03月 26日 星期四 17:30:01 CST] 启动环境检查...
frpc 正在运行，跳过重启。
非维护时间，核心服务保持运行。
[2026年 03月 26日 星期四 17:35:01 CST] 启动环境检查...
frpc 正在运行，跳过重启。
非维护时间，核心服务保持运行。
[2026年 03月 26日 星期四 17:40:01 CST] 启动环境检查...
frpc 正在运行，跳过重启。
非维护时间，核心服务保持运行。
[2026年 03月 26日 星期四 17:45:01 CST] 启动环境检查...
frpc 正在运行，跳过重启。
非维护时间，核心服务保持运行。
[2026年 03月 26日 星期四 17:50:01 CST] 启动环境检查...
frpc 正在运行，跳过重启。
非维护时间，核心服务保持运行。
[2026年 03月 26日 星期四 17:55:01 CST] 启动环境检查...
frpc 正在运行，跳过重启。
非维护时间，核心服务保持运行。
[2026年 03月 26日 星期四 18:00:01 CST] 启动环境检查...
frpc 正在运行，跳过重启。
非维护时间，核心服务保持运行。
[2026年 03月 26日 星期四 18:05:01 CST] 启动环境检查...
frpc 正在运行，跳过重启。
非维护时间，核心服务保持运行。
[2026年 03月 26日 星期四 18:10:01 CST] 启动环境检查...
frpc 正在运行，跳过重启。
非维护时间，核心服务保持运行。
[2026年 03月 26日 星期四 18:15:01 CST] 启动环境检查...
frpc 正在运行，跳过重启。
非维护时间，核心服务保持运行。
[2026年 03月 26日 星期四 18:20:01 CST] 启动环境检查...
frpc 正在运行，跳过重启。
非维护时间，核心服务保持运行。
[2026年 03月 26日 星期四 18:25:01 CST] 启动环境检查...
frpc 正在运行，跳过重启。
非维护时间，核心服务保持运行。
[2026年 03月 26日 星期四 18:30:01 CST] 启动环境检查...
frpc 正在运行，跳过重启。
非维护时间，核心服务保持运行。
[2026年 03月 26日 星期四 18:35:01 CST] 启动环境检查...
frpc 正在运行，跳过重启。
非维护时间，核心服务保持运行。
[2026年 03月 26日 星期四 18:40:01 CST] 启动环境检查...
frpc 正在运行，跳过重启。
非维护时间，核心服务保持运行。
[2026年 03月 26日 星期四 18:45:01 CST] 启动环境检查...
frpc 正在运行，跳过重启。
非维护时间，核心服务保持运行。
[2026年 03月 26日 星期四 18:50:01 CST] 启动环境检查...
frpc 正在运行，跳过重启。
非维护时间，核心服务保持运行。
[2026年 03月 26日 星期四 18:55:01 CST] 启动环境检查...
frpc 正在运行，跳过重启。
非维护时间，核心服务保持运行。
[2026年 03月 26日 星期四 19:00:01 CST] 启动环境检查...
frpc 正在运行，跳过重启。
非维护时间，核心服务保持运行。
[2026年 03月 26日 星期四 19:05:01 CST] 启动环境检查...
frpc 正在运行，跳过重启。
非维护时间，核心服务保持运行。
[2026年 03月 26日 星期四 19:10:01 CST] 启动环境检查...
frpc 正在运行，跳过重启。
非维护时间，核心服务保持运行。
[2026年 03月 26日 星期四 19:15:01 CST] 启动环境检查...
frpc 正在运行，跳过重启。
非维护时间，核心服务保持运行。
[2026年 03月 26日 星期四 19:20:01 CST] 启动环境检查...
frpc 正在运行，跳过重启。
非维护时间，核心服务保持运行。
[2026年 03月 26日 星期四 19:25:01 CST] 启动环境检查...
frpc 正在运行，跳过重启。
非维护时间，核心服务保持运行。
[2026年 03月 26日 星期四 19:30:01 CST] 启动环境检查...
frpc 正在运行，跳过重启。
非维护时间，核心服务保持运行。
[2026年 03月 26日 星期四 19:35:01 CST] 启动环境检查...
frpc 正在运行，跳过重启。
非维护时间，核心服务保持运行。
[2026年 03月 26日 星期四 19:40:01 CST] 启动环境检查...
frpc 正在运行，跳过重启。
非维护时间，核心服务保持运行。
[2026年 03月 26日 星期四 19:45:01 CST] 启动环境检查...
frpc 正在运行，跳过重启。
非维护时间，核心服务保持运行。
[2026年 03月 26日 星期四 19:50:01 CST] 启动环境检查...
frpc 正在运行，跳过重启。
非维护时间，核心服务保持运行。
[2026年 03月 26日 星期四 19:55:01 CST] 启动环境检查...
frpc 正在运行，跳过重启。
非维护时间，核心服务保持运行。
[2026年 03月 26日 星期四 20:00:01 CST] 启动环境检查...
frpc 正在运行，跳过重启。
非维护时间，核心服务保持运行。
[2026年 03月 26日 星期四 20:05:01 CST] 启动环境检查...
frpc 正在运行，跳过重启。
非维护时间，核心服务保持运行。
[2026年 03月 26日 星期四 20:10:01 CST] 启动环境检查...
frpc 正在运行，跳过重启。
非维护时间，核心服务保持运行。
[2026年 03月 26日 星期四 20:15:01 CST] 启动环境检查...
frpc 正在运行，跳过重启。
非维护时间，核心服务保持运行。
[2026年 03月 26日 星期四 20:20:01 CST] 启动环境检查...
frpc 正在运行，跳过重启。
非维护时间，核心服务保持运行。
[2026年 03月 26日 星期四 20:25:01 CST] 启动环境检查...
frpc 正在运行，跳过重启。
非维护时间，核心服务保持运行。
[2026年 03月 26日 星期四 20:30:01 CST] 启动环境检查...
frpc 正在运行，跳过重启。
非维护时间，核心服务保持运行。
[2026年 03月 26日 星期四 20:35:01 CST] 启动环境检查...
frpc 正在运行，跳过重启。
非维护时间，核心服务保持运行。
[2026年 03月 26日 星期四 20:40:01 CST] 启动环境检查...
frpc 正在运行，跳过重启。
非维护时间，核心服务保持运行。
[2026年 03月 26日 星期四 20:45:01 CST] 启动环境检查...
frpc 正在运行，跳过重启。
非维护时间，核心服务保持运行。
[2026年 03月 26日 星期四 20:50:01 CST] 启动环境检查...
frpc 正在运行，跳过重启。
非维护时间，核心服务保持运行。
[2026年 03月 26日 星期四 20:55:01 CST] 启动环境检查...
frpc 正在运行，跳过重启。
非维护时间，核心服务保持运行。
[2026年 03月 26日 星期四 21:00:01 CST] 启动环境检查...
frpc 正在运行，跳过重启。
非维护时间，核心服务保持运行。
[2026年 03月 26日 星期四 21:05:01 CST] 启动环境检查...
frpc 正在运行，跳过重启。
非维护时间，核心服务保持运行。
[2026年 03月 26日 星期四 21:10:01 CST] 启动环境检查...
frpc 正在运行，跳过重启。
非维护时间，核心服务保持运行。
[2026年 03月 26日 星期四 21:15:01 CST] 启动环境检查...
frpc 正在运行，跳过重启。
非维护时间，核心服务保持运行。
[2026年 03月 26日 星期四 21:20:01 CST] 启动环境检查...
frpc 正在运行，跳过重启。
非维护时间，核心服务保持运行。
[2026年 03月 26日 星期四 21:25:02 CST] 启动环境检查...
frpc 正在运行，跳过重启。
非维护时间，核心服务保持运行。
[2026年 03月 26日 星期四 21:30:01 CST] 启动环境检查...
frpc 正在运行，跳过重启。
非维护时间，核心服务保持运行。
[2026年 03月 26日 星期四 21:35:01 CST] 启动环境检查...
frpc 正在运行，跳过重启。
非维护时间，核心服务保持运行。
[2026年 03月 26日 星期四 21:40:01 CST] 启动环境检查...
frpc 正在运行，跳过重启。
非维护时间，核心服务保持运行。
[2026年 03月 26日 星期四 21:45:01 CST] 启动环境检查...
frpc 正在运行，跳过重启。
非维护时间，核心服务保持运行。
[2026年 03月 26日 星期四 21:50:01 CST] 启动环境检查...
frpc 正在运行，跳过重启。
非维护时间，核心服务保持运行。
[2026年 03月 26日 星期四 21:55:01 CST] 启动环境检查...
frpc 正在运行，跳过重启。
非维护时间，核心服务保持运行。
[2026年 03月 26日 星期四 22:00:01 CST] 启动环境检查...
frpc 正在运行，跳过重启。
非维护时间，核心服务保持运行。
[2026年 03月 26日 星期四 22:05:01 CST] 启动环境检查...
frpc 正在运行，跳过重启。
非维护时间，核心服务保持运行。
[2026年 03月 26日 星期四 22:10:01 CST] 启动环境检查...
frpc 正在运行，跳过重启。
非维护时间，核心服务保持运行。
[2026年 03月 26日 星期四 22:15:01 CST] 启动环境检查...
frpc 正在运行，跳过重启。
非维护时间，核心服务保持运行。
[2026年 03月 26日 星期四 22:20:01 CST] 启动环境检查...
frpc 正在运行，跳过重启。
非维护时间，核心服务保持运行。
[2026年 03月 26日 星期四 22:25:01 CST] 启动环境检查...
frpc 正在运行，跳过重启。
非维护时间，核心服务保持运行。
[2026年 03月 26日 星期四 22:30:01 CST] 启动环境检查...
frpc 正在运行，跳过重启。
非维护时间，核心服务保持运行。
[2026年 03月 26日 星期四 22:35:01 CST] 启动环境检查...
frpc 正在运行，跳过重启。
非维护时间，核心服务保持运行。
[2026年 03月 26日 星期四 22:40:01 CST] 启动环境检查...
frpc 正在运行，跳过重启。
非维护时间，核心服务保持运行。
[2026年 03月 26日 星期四 22:45:01 CST] 启动环境检查...
frpc 正在运行，跳过重启。
非维护时间，核心服务保持运行。
[2026年 03月 26日 星期四 22:50:01 CST] 启动环境检查...
frpc 正在运行，跳过重启。
非维护时间，核心服务保持运行。
[2026年 03月 26日 星期四 22:55:01 CST] 启动环境检查...
frpc 正在运行，跳过重启。
非维护时间，核心服务保持运行。
[2026年 03月 26日 星期四 23:00:01 CST] 启动环境检查...
frpc 正在运行，跳过重启。
非维护时间，核心服务保持运行。
[2026年 03月 26日 星期四 23:05:01 CST] 启动环境检查...
frpc 正在运行，跳过重启。
非维护时间，核心服务保持运行。
[2026年 03月 26日 星期四 23:10:01 CST] 启动环境检查...
frpc 正在运行，跳过重启。
非维护时间，核心服务保持运行。
[2026年 03月 26日 星期四 23:15:01 CST] 启动环境检查...
frpc 正在运行，跳过重启。
非维护时间，核心服务保持运行。
[2026年 03月 26日 星期四 23:20:01 CST] 启动环境检查...
frpc 正在运行，跳过重启。
非维护时间，核心服务保持运行。
[2026年 03月 26日 星期四 23:25:02 CST] 启动环境检查...
frpc 正在运行，跳过重启。
非维护时间，核心服务保持运行。
[2026年 03月 26日 星期四 23:30:01 CST] 启动环境检查...
frpc 正在运行，跳过重启。
非维护时间，核心服务保持运行。
[2026年 03月 26日 星期四 23:35:01 CST] 启动环境检查...
frpc 正在运行，跳过重启。
非维护时间，核心服务保持运行。
[2026年 03月 26日 星期四 23:40:01 CST] 启动环境检查...
frpc 正在运行，跳过重启。
非维护时间，核心服务保持运行。
[2026年 03月 26日 星期四 23:45:01 CST] 启动环境检查...
frpc 正在运行，跳过重启。
非维护时间，核心服务保持运行。
[2026年 03月 26日 星期四 23:50:01 CST] 启动环境检查...
frpc 正在运行，跳过重启。
非维护时间，核心服务保持运行。
[2026年 03月 26日 星期四 23:55:01 CST] 启动环境检查...
frpc 正在运行，跳过重启。
非维护时间，核心服务保持运行。
[2026年 03月 27日 星期五 00:00:01 CST] 启动环境检查...
frpc 正在运行，跳过重启。
非维护时间，核心服务保持运行。
[2026年 03月 27日 星期五 00:05:01 CST] 启动环境检查...
frpc 正在运行，跳过重启。
非维护时间，核心服务保持运行。
[2026年 03月 27日 星期五 00:10:01 CST] 启动环境检查...
frpc 正在运行，跳过重启。
非维护时间，核心服务保持运行。
[2026年 03月 27日 星期五 00:15:01 CST] 启动环境检查...
frpc 正在运行，跳过重启。
非维护时间，核心服务保持运行。
[2026年 03月 27日 星期五 00:20:01 CST] 启动环境检查...
frpc 正在运行，跳过重启。
非维护时间，核心服务保持运行。
[2026年 03月 27日 星期五 00:25:01 CST] 启动环境检查...
frpc 正在运行，跳过重启。
非维护时间，核心服务保持运行。
[2026年 03月 27日 星期五 00:30:01 CST] 启动环境检查...
frpc 正在运行，跳过重启。
非维护时间，核心服务保持运行。
[2026年 03月 27日 星期五 00:35:01 CST] 启动环境检查...
frpc 正在运行，跳过重启。
非维护时间，核心服务保持运行。
[2026年 03月 27日 星期五 00:40:01 CST] 启动环境检查...
frpc 正在运行，跳过重启。
非维护时间，核心服务保持运行。
[2026年 03月 27日 星期五 00:45:01 CST] 启动环境检查...
frpc 正在运行，跳过重启。
非维护时间，核心服务保持运行。
[2026年 03月 27日 星期五 00:50:01 CST] 启动环境检查...
frpc 正在运行，跳过重启。
非维护时间，核心服务保持运行。
[2026年 03月 27日 星期五 00:55:01 CST] 启动环境检查...
frpc 正在运行，跳过重启。
非维护时间，核心服务保持运行。
[2026年 03月 27日 星期五 01:00:01 CST] 启动环境检查...
frpc 正在运行，跳过重启。
非维护时间，核心服务保持运行。
[2026年 03月 27日 星期五 01:05:01 CST] 启动环境检查...
frpc 正在运行，跳过重启。
非维护时间，核心服务保持运行。
[2026年 03月 27日 星期五 01:10:01 CST] 启动环境检查...
frpc 正在运行，跳过重启。
非维护时间，核心服务保持运行。
[2026年 03月 27日 星期五 01:15:01 CST] 启动环境检查...
frpc 正在运行，跳过重启。
非维护时间，核心服务保持运行。
[2026年 03月 27日 星期五 01:20:01 CST] 启动环境检查...
frpc 正在运行，跳过重启。
非维护时间，核心服务保持运行。
[2026年 03月 27日 星期五 01:25:02 CST] 启动环境检查...
frpc 正在运行，跳过重启。
非维护时间，核心服务保持运行。
[2026年 03月 27日 星期五 01:30:01 CST] 启动环境检查...
frpc 正在运行，跳过重启。
非维护时间，核心服务保持运行。
[2026年 03月 27日 星期五 01:35:01 CST] 启动环境检查...
frpc 正在运行，跳过重启。
非维护时间，核心服务保持运行。
[2026年 03月 27日 星期五 01:40:01 CST] 启动环境检查...
frpc 正在运行，跳过重启。
非维护时间，核心服务保持运行。
[2026年 03月 27日 星期五 01:45:01 CST] 启动环境检查...
frpc 正在运行，跳过重启。
非维护时间，核心服务保持运行。
[2026年 03月 27日 星期五 01:50:01 CST] 启动环境检查...
frpc 正在运行，跳过重启。
非维护时间，核心服务保持运行。
[2026年 03月 27日 星期五 01:55:01 CST] 启动环境检查...
frpc 正在运行，跳过重启。
非维护时间，核心服务保持运行。
[2026年 03月 27日 星期五 02:00:01 CST] 启动环境检查...
frpc 正在运行，跳过重启。
非维护时间，核心服务保持运行。
[2026年 03月 27日 星期五 02:05:01 CST] 启动环境检查...
frpc 正在运行，跳过重启。
非维护时间，核心服务保持运行。
[2026年 03月 27日 星期五 02:10:01 CST] 启动环境检查...
frpc 正在运行，跳过重启。
非维护时间，核心服务保持运行。
[2026年 03月 27日 星期五 02:15:01 CST] 启动环境检查...
frpc 正在运行，跳过重启。
非维护时间，核心服务保持运行。
[2026年 03月 27日 星期五 02:20:01 CST] 启动环境检查...
frpc 正在运行，跳过重启。
非维护时间，核心服务保持运行。
[2026年 03月 27日 星期五 02:25:01 CST] 启动环境检查...
frpc 正在运行，跳过重启。
非维护时间，核心服务保持运行。
[2026年 03月 27日 星期五 02:30:01 CST] 启动环境检查...
frpc 正在运行，跳过重启。
非维护时间，核心服务保持运行。
[2026年 03月 27日 星期五 02:35:01 CST] 启动环境检查...
frpc 正在运行，跳过重启。
非维护时间，核心服务保持运行。
[2026年 03月 27日 星期五 02:40:01 CST] 启动环境检查...
frpc 正在运行，跳过重启。
非维护时间，核心服务保持运行。
[2026年 03月 27日 星期五 02:45:01 CST] 启动环境检查...
frpc 正在运行，跳过重启。
非维护时间，核心服务保持运行。
[2026年 03月 27日 星期五 02:50:01 CST] 启动环境检查...
frpc 正在运行，跳过重启。
非维护时间，核心服务保持运行。
[2026年 03月 27日 星期五 02:55:01 CST] 启动环境检查...
frpc 正在运行，跳过重启。
非维护时间，核心服务保持运行。
[2026年 03月 27日 星期五 03:00:01 CST] 启动环境检查...
frpc 正在运行，跳过重启。
触发凌晨 3:00 定时维护，准备重启核心服务...
清理端口 8000 的进程 217241
清理端口 7100 的进程 217242
核心服务已完成每日例行重启。
[2026年 03月 27日 星期五 03:05:01 CST] 启动环境检查...
frpc 正在运行，跳过重启。
触发凌晨 3:00 定时维护，准备重启核心服务...
清理端口 8000 的进程 255056
清理端口 7100 的进程 255055
核心服务已完成每日例行重启。
[2026年 03月 27日 星期五 03:10:01 CST] 启动环境检查...
frpc 正在运行，跳过重启。
触发凌晨 3:00 定时维护，准备重启核心服务...
清理端口 8000 的进程 255766
清理端口 7100 的进程 255765
核心服务已完成每日例行重启。
[2026年 03月 27日 星期五 03:15:01 CST] 启动环境检查...
frpc 正在运行，跳过重启。
触发凌晨 3:00 定时维护，准备重启核心服务...
清理端口 8000 的进程 256481
清理端口 7100 的进程 256482
核心服务已完成每日例行重启。
[2026年 03月 27日 星期五 03:20:01 CST] 启动环境检查...
frpc 正在运行，跳过重启。
触发凌晨 3:00 定时维护，准备重启核心服务...
清理端口 8000 的进程 257189
清理端口 7100 的进程 257188
核心服务已完成每日例行重启。
[2026年 03月 27日 星期五 03:25:01 CST] 启动环境检查...
frpc 正在运行，跳过重启。
触发凌晨 3:00 定时维护，准备重启核心服务...
清理端口 8000 的进程 257903
清理端口 7100 的进程 257904
核心服务已完成每日例行重启。
[2026年 03月 27日 星期五 03:30:01 CST] 启动环境检查...
frpc 正在运行，跳过重启。
触发凌晨 3:00 定时维护，准备重启核心服务...
清理端口 8000 的进程 258611
清理端口 7100 的进程 258610
核心服务已完成每日例行重启。
[2026年 03月 27日 星期五 03:35:01 CST] 启动环境检查...
frpc 正在运行，跳过重启。
触发凌晨 3:00 定时维护，准备重启核心服务...
清理端口 8000 的进程 259351
清理端口 7100 的进程 259320
核心服务已完成每日例行重启。
[2026年 03月 27日 星期五 03:40:01 CST] 启动环境检查...
frpc 正在运行，跳过重启。
触发凌晨 3:00 定时维护，准备重启核心服务...
清理端口 8000 的进程 260026
清理端口 7100 的进程 260058
核心服务已完成每日例行重启。
[2026年 03月 27日 星期五 03:45:01 CST] 启动环境检查...
frpc 正在运行，跳过重启。
触发凌晨 3:00 定时维护，准备重启核心服务...
清理端口 8000 的进程 260738
清理端口 7100 的进程 260737
核心服务已完成每日例行重启。
[2026年 03月 27日 星期五 03:50:01 CST] 启动环境检查...
frpc 正在运行，跳过重启。
触发凌晨 3:00 定时维护，准备重启核心服务...
清理端口 8000 的进程 261444
清理端口 7100 的进程 261506
核心服务已完成每日例行重启。
[2026年 03月 27日 星期五 03:55:01 CST] 启动环境检查...
frpc 正在运行，跳过重启。
触发凌晨 3:00 定时维护，准备重启核心服务...
清理端口 8000 的进程 262153
清理端口 7100 的进程 262154
核心服务已完成每日例行重启。
[2026年 03月 27日 星期五 04:00:01 CST] 启动环境检查...
frpc 正在运行，跳过重启。
非维护时间，核心服务保持运行。
[2026年 03月 27日 星期五 04:05:01 CST] 启动环境检查...
frpc 正在运行，跳过重启。
非维护时间，核心服务保持运行。
[2026年 03月 27日 星期五 04:10:01 CST] 启动环境检查...
frpc 正在运行，跳过重启。
非维护时间，核心服务保持运行。
[2026年 03月 27日 星期五 04:15:01 CST] 启动环境检查...
frpc 正在运行，跳过重启。
非维护时间，核心服务保持运行。
[2026年 03月 27日 星期五 04:20:01 CST] 启动环境检查...
frpc 正在运行，跳过重启。
非维护时间，核心服务保持运行。
[2026年 03月 27日 星期五 04:25:01 CST] 启动环境检查...
frpc 正在运行，跳过重启。
非维护时间，核心服务保持运行。
[2026年 03月 27日 星期五 04:30:01 CST] 启动环境检查...
frpc 正在运行，跳过重启。
非维护时间，核心服务保持运行。
[2026年 03月 27日 星期五 04:35:01 CST] 启动环境检查...
frpc 正在运行，跳过重启。
非维护时间，核心服务保持运行。
[2026年 03月 27日 星期五 04:40:01 CST] 启动环境检查...
frpc 正在运行，跳过重启。
非维护时间，核心服务保持运行。
[2026年 03月 27日 星期五 04:45:01 CST] 启动环境检查...
frpc 正在运行，跳过重启。
非维护时间，核心服务保持运行。
[2026年 03月 27日 星期五 04:50:01 CST] 启动环境检查...
frpc 正在运行，跳过重启。
非维护时间，核心服务保持运行。
[2026年 03月 27日 星期五 04:55:01 CST] 启动环境检查...
frpc 正在运行，跳过重启。
非维护时间，核心服务保持运行。
[2026年 03月 27日 星期五 05:00:01 CST] 启动环境检查...
frpc 正在运行，跳过重启。
非维护时间，核心服务保持运行。
[2026年 03月 27日 星期五 05:05:01 CST] 启动环境检查...
frpc 正在运行，跳过重启。
非维护时间，核心服务保持运行。
[2026年 03月 27日 星期五 05:10:01 CST] 启动环境检查...
frpc 正在运行，跳过重启。
非维护时间，核心服务保持运行。
[2026年 03月 27日 星期五 05:15:01 CST] 启动环境检查...
frpc 正在运行，跳过重启。
非维护时间，核心服务保持运行。
[2026年 03月 27日 星期五 05:20:01 CST] 启动环境检查...
frpc 正在运行，跳过重启。
非维护时间，核心服务保持运行。
[2026年 03月 27日 星期五 05:25:01 CST] 启动环境检查...
frpc 正在运行，跳过重启。
非维护时间，核心服务保持运行。
[2026年 03月 27日 星期五 05:30:01 CST] 启动环境检查...
frpc 正在运行，跳过重启。
非维护时间，核心服务保持运行。
[2026年 03月 27日 星期五 05:35:01 CST] 启动环境检查...
frpc 正在运行，跳过重启。
非维护时间，核心服务保持运行。
[2026年 03月 27日 星期五 05:40:01 CST] 启动环境检查...
frpc 正在运行，跳过重启。
非维护时间，核心服务保持运行。
[2026年 03月 27日 星期五 05:45:01 CST] 启动环境检查...
frpc 正在运行，跳过重启。
非维护时间，核心服务保持运行。
[2026年 03月 27日 星期五 05:50:01 CST] 启动环境检查...
frpc 正在运行，跳过重启。
非维护时间，核心服务保持运行。
[2026年 03月 27日 星期五 05:55:01 CST] 启动环境检查...
frpc 正在运行，跳过重启。
非维护时间，核心服务保持运行。
[2026年 03月 27日 星期五 06:00:01 CST] 启动环境检查...
frpc 正在运行，跳过重启。
非维护时间，核心服务保持运行。
[2026年 03月 27日 星期五 06:05:01 CST] 启动环境检查...
frpc 正在运行，跳过重启。
非维护时间，核心服务保持运行。
[2026年 03月 27日 星期五 06:10:01 CST] 启动环境检查...
frpc 正在运行，跳过重启。
非维护时间，核心服务保持运行。
[2026年 03月 27日 星期五 06:15:01 CST] 启动环境检查...
frpc 正在运行，跳过重启。
非维护时间，核心服务保持运行。
[2026年 03月 27日 星期五 06:20:01 CST] 启动环境检查...
frpc 正在运行，跳过重启。
非维护时间，核心服务保持运行。
[2026年 03月 27日 星期五 06:25:01 CST] 启动环境检查...
frpc 正在运行，跳过重启。
非维护时间，核心服务保持运行。
[2026年 03月 27日 星期五 06:30:01 CST] 启动环境检查...
frpc 正在运行，跳过重启。
非维护时间，核心服务保持运行。
[2026年 03月 27日 星期五 06:35:01 CST] 启动环境检查...
frpc 正在运行，跳过重启。
非维护时间，核心服务保持运行。
[2026年 03月 27日 星期五 06:40:01 CST] 启动环境检查...
frpc 正在运行，跳过重启。
非维护时间，核心服务保持运行。
[2026年 03月 27日 星期五 06:45:01 CST] 启动环境检查...
frpc 正在运行，跳过重启。
非维护时间，核心服务保持运行。
[2026年 03月 27日 星期五 06:50:01 CST] 启动环境检查...
frpc 正在运行，跳过重启。
非维护时间，核心服务保持运行。
[2026年 03月 27日 星期五 06:55:01 CST] 启动环境检查...
frpc 正在运行，跳过重启。
非维护时间，核心服务保持运行。
[2026年 03月 27日 星期五 07:00:01 CST] 启动环境检查...
frpc 正在运行，跳过重启。
非维护时间，核心服务保持运行。
[2026年 03月 27日 星期五 07:05:01 CST] 启动环境检查...
frpc 正在运行，跳过重启。
非维护时间，核心服务保持运行。
[2026年 03月 27日 星期五 07:10:01 CST] 启动环境检查...
frpc 正在运行，跳过重启。
非维护时间，核心服务保持运行。
[2026年 03月 27日 星期五 07:15:01 CST] 启动环境检查...
frpc 正在运行，跳过重启。
非维护时间，核心服务保持运行。
[2026年 03月 27日 星期五 07:20:01 CST] 启动环境检查...
frpc 正在运行，跳过重启。
非维护时间，核心服务保持运行。
[2026年 03月 27日 星期五 07:25:01 CST] 启动环境检查...
frpc 正在运行，跳过重启。
非维护时间，核心服务保持运行。
[2026年 03月 27日 星期五 07:30:01 CST] 启动环境检查...
frpc 正在运行，跳过重启。
非维护时间，核心服务保持运行。
[2026年 03月 27日 星期五 07:35:01 CST] 启动环境检查...
frpc 正在运行，跳过重启。
非维护时间，核心服务保持运行。
[2026年 03月 27日 星期五 07:40:01 CST] 启动环境检查...
frpc 正在运行，跳过重启。
非维护时间，核心服务保持运行。
[2026年 03月 27日 星期五 07:45:01 CST] 启动环境检查...
frpc 正在运行，跳过重启。
非维护时间，核心服务保持运行。
[2026年 03月 27日 星期五 07:50:01 CST] 启动环境检查...
frpc 正在运行，跳过重启。
非维护时间，核心服务保持运行。
[2026年 03月 27日 星期五 07:55:01 CST] 启动环境检查...
frpc 正在运行，跳过重启。
非维护时间，核心服务保持运行。
[2026年 03月 27日 星期五 08:00:01 CST] 启动环境检查...
frpc 正在运行，跳过重启。
非维护时间，核心服务保持运行。
[2026年 03月 27日 星期五 08:05:01 CST] 启动环境检查...
frpc 正在运行，跳过重启。
非维护时间，核心服务保持运行。
[2026年 03月 27日 星期五 08:10:01 CST] 启动环境检查...
frpc 正在运行，跳过重启。
非维护时间，核心服务保持运行。
[2026年 03月 27日 星期五 08:15:01 CST] 启动环境检查...
frpc 正在运行，跳过重启。
非维护时间，核心服务保持运行。
[2026年 03月 27日 星期五 08:20:01 CST] 启动环境检查...
frpc 正在运行，跳过重启。
非维护时间，核心服务保持运行。
[2026年 03月 27日 星期五 08:25:01 CST] 启动环境检查...
frpc 正在运行，跳过重启。
非维护时间，核心服务保持运行。
[2026年 03月 27日 星期五 08:30:01 CST] 启动环境检查...
frpc 正在运行，跳过重启。
非维护时间，核心服务保持运行。
[2026年 03月 27日 星期五 08:35:01 CST] 启动环境检查...
frpc 正在运行，跳过重启。
非维护时间，核心服务保持运行。
[2026年 03月 27日 星期五 08:40:01 CST] 启动环境检查...
frpc 正在运行，跳过重启。
非维护时间，核心服务保持运行。
[2026年 03月 27日 星期五 08:45:01 CST] 启动环境检查...
frpc 正在运行，跳过重启。
非维护时间，核心服务保持运行。
[2026年 03月 27日 星期五 08:50:01 CST] 启动环境检查...
frpc 正在运行，跳过重启。
非维护时间，核心服务保持运行。
[2026年 03月 27日 星期五 08:55:01 CST] 启动环境检查...
frpc 正在运行，跳过重启。
非维护时间，核心服务保持运行。
[2026年 03月 27日 星期五 09:00:01 CST] 启动环境检查...
frpc 正在运行，跳过重启。
非维护时间，核心服务保持运行。
[2026年 03月 27日 星期五 09:05:01 CST] 启动环境检查...
frpc 正在运行，跳过重启。
非维护时间，核心服务保持运行。
[2026年 03月 27日 星期五 09:10:01 CST] 启动环境检查...
frpc 正在运行，跳过重启。
非维护时间，核心服务保持运行。
[2026年 03月 27日 星期五 09:15:01 CST] 启动环境检查...
frpc 正在运行，跳过重启。
非维护时间，核心服务保持运行。
[2026年 03月 27日 星期五 09:20:01 CST] 启动环境检查...
frpc 正在运行，跳过重启。
非维护时间，核心服务保持运行。
[2026年 03月 27日 星期五 09:25:01 CST] 启动环境检查...
frpc 正在运行，跳过重启。
非维护时间，核心服务保持运行。
[2026年 03月 27日 星期五 09:30:01 CST] 启动环境检查...
frpc 正在运行，跳过重启。
非维护时间，核心服务保持运行。
[2026年 03月 27日 星期五 09:35:01 CST] 启动环境检查...
frpc 正在运行，跳过重启。
非维护时间，核心服务保持运行。
[2026年 03月 27日 星期五 09:40:01 CST] 启动环境检查...
frpc 正在运行，跳过重启。
非维护时间，核心服务保持运行。
[2026年 03月 27日 星期五 09:45:01 CST] 启动环境检查...
frpc 正在运行，跳过重启。
非维护时间，核心服务保持运行。
[2026年 03月 27日 星期五 09:50:01 CST] 启动环境检查...
frpc 正在运行，跳过重启。
非维护时间，核心服务保持运行。
[2026年 03月 27日 星期五 09:55:01 CST] 启动环境检查...
frpc 正在运行，跳过重启。
非维护时间，核心服务保持运行。
[2026年 03月 27日 星期五 10:00:01 CST] 启动环境检查...
frpc 正在运行，跳过重启。
非维护时间，核心服务保持运行。
[2026年 03月 27日 星期五 10:05:01 CST] 启动环境检查...
frpc 正在运行，跳过重启。
非维护时间，核心服务保持运行。
[2026年 03月 27日 星期五 10:10:01 CST] 启动环境检查...
frpc 正在运行，跳过重启。
非维护时间，核心服务保持运行。
[2026年 03月 27日 星期五 10:15:01 CST] 启动环境检查...
frpc 正在运行，跳过重启。
非维护时间，核心服务保持运行。
[2026年 03月 27日 星期五 10:20:01 CST] 启动环境检查...
frpc 正在运行，跳过重启。
非维护时间，核心服务保持运行。
[2026年 03月 27日 星期五 10:25:01 CST] 启动环境检查...
frpc 正在运行，跳过重启。
非维护时间，核心服务保持运行。
[2026年 03月 27日 星期五 10:30:01 CST] 启动环境检查...
frpc 正在运行，跳过重启。
非维护时间，核心服务保持运行。
[2026年 03月 27日 星期五 10:35:01 CST] 启动环境检查...
frpc 正在运行，跳过重启。
非维护时间，核心服务保持运行。
[2026年 03月 27日 星期五 10:40:01 CST] 启动环境检查...
frpc 正在运行，跳过重启。
非维护时间，核心服务保持运行。
[2026年 03月 27日 星期五 10:45:01 CST] 启动环境检查...
frpc 正在运行，跳过重启。
非维护时间，核心服务保持运行。
[2026年 03月 27日 星期五 10:50:01 CST] 启动环境检查...
frpc 正在运行，跳过重启。
非维护时间，核心服务保持运行。
[2026年 03月 27日 星期五 10:55:01 CST] 启动环境检查...
frpc 正在运行，跳过重启。
非维护时间，核心服务保持运行。
[2026年 03月 27日 星期五 11:00:01 CST] 启动环境检查...
frpc 正在运行，跳过重启。
非维护时间，核心服务保持运行。
[2026年 03月 27日 星期五 11:05:01 CST] 启动环境检查...
frpc 正在运行，跳过重启。
非维护时间，核心服务保持运行。
[2026年 03月 27日 星期五 11:10:01 CST] 启动环境检查...
frpc 正在运行，跳过重启。
非维护时间，核心服务保持运行。
[2026年 03月 27日 星期五 11:15:01 CST] 启动环境检查...
frpc 正在运行，跳过重启。
非维护时间，核心服务保持运行。
[2026年 03月 27日 星期五 11:20:01 CST] 启动环境检查...
frpc 正在运行，跳过重启。
非维护时间，核心服务保持运行。
[2026年 03月 27日 星期五 11:25:01 CST] 启动环境检查...
frpc 正在运行，跳过重启。
非维护时间，核心服务保持运行。
[2026年 03月 27日 星期五 11:30:01 CST] 启动环境检查...
frpc 正在运行，跳过重启。
非维护时间，核心服务保持运行。
[2026年 03月 27日 星期五 11:35:01 CST] 启动环境检查...
frpc 正在运行，跳过重启。
非维护时间，核心服务保持运行。
[2026年 03月 27日 星期五 11:40:01 CST] 启动环境检查...
frpc 正在运行，跳过重启。
非维护时间，核心服务保持运行。
[2026年 03月 27日 星期五 11:45:01 CST] 启动环境检查...
frpc 正在运行，跳过重启。
非维护时间，核心服务保持运行。
[2026年 03月 27日 星期五 11:50:01 CST] 启动环境检查...
frpc 正在运行，跳过重启。
非维护时间，核心服务保持运行。
[2026年 03月 27日 星期五 11:55:01 CST] 启动环境检查...
frpc 正在运行，跳过重启。
非维护时间，核心服务保持运行。
[2026年 03月 27日 星期五 12:00:01 CST] 启动环境检查...
frpc 正在运行，跳过重启。
非维护时间，核心服务保持运行。
[2026年 03月 27日 星期五 12:05:01 CST] 启动环境检查...
frpc 正在运行，跳过重启。
非维护时间，核心服务保持运行。
[2026年 03月 27日 星期五 12:10:01 CST] 启动环境检查...
frpc 正在运行，跳过重启。
非维护时间，核心服务保持运行。
[2026年 03月 27日 星期五 12:15:01 CST] 启动环境检查...
frpc 正在运行，跳过重启。
非维护时间，核心服务保持运行。
[2026年 03月 27日 星期五 12:20:01 CST] 启动环境检查...
frpc 正在运行，跳过重启。
非维护时间，核心服务保持运行。
[2026年 03月 27日 星期五 12:25:01 CST] 启动环境检查...
frpc 正在运行，跳过重启。
非维护时间，核心服务保持运行。
[2026年 03月 27日 星期五 12:30:02 CST] 启动环境检查...
frpc 正在运行，跳过重启。
非维护时间，核心服务保持运行。
[2026年 03月 27日 星期五 12:35:01 CST] 启动环境检查...
frpc 正在运行，跳过重启。
非维护时间，核心服务保持运行。
[2026年 03月 27日 星期五 12:40:01 CST] 启动环境检查...
frpc 正在运行，跳过重启。
非维护时间，核心服务保持运行。
[2026年 03月 27日 星期五 12:45:01 CST] 启动环境检查...
frpc 正在运行，跳过重启。
非维护时间，核心服务保持运行。
[2026年 03月 27日 星期五 12:50:01 CST] 启动环境检查...
frpc 正在运行，跳过重启。
非维护时间，核心服务保持运行。
[2026年 03月 27日 星期五 12:55:01 CST] 启动环境检查...
frpc 正在运行，跳过重启。
非维护时间，核心服务保持运行。
[2026年 03月 27日 星期五 13:00:01 CST] 启动环境检查...
frpc 正在运行，跳过重启。
非维护时间，核心服务保持运行。
[2026年 03月 27日 星期五 13:05:01 CST] 启动环境检查...
frpc 正在运行，跳过重启。
非维护时间，核心服务保持运行。
[2026年 03月 27日 星期五 13:10:01 CST] 启动环境检查...
frpc 正在运行，跳过重启。
非维护时间，核心服务保持运行。
[2026年 03月 27日 星期五 13:15:01 CST] 启动环境检查...
frpc 正在运行，跳过重启。
非维护时间，核心服务保持运行。
[2026年 03月 27日 星期五 13:20:01 CST] 启动环境检查...
frpc 正在运行，跳过重启。
非维护时间，核心服务保持运行。
[2026年 03月 27日 星期五 13:25:01 CST] 启动环境检查...
frpc 正在运行，跳过重启。
非维护时间，核心服务保持运行。
[2026年 03月 27日 星期五 13:30:01 CST] 启动环境检查...
frpc 正在运行，跳过重启。
非维护时间，核心服务保持运行。
[2026年 03月 27日 星期五 13:35:01 CST] 启动环境检查...
frpc 正在运行，跳过重启。
非维护时间，核心服务保持运行。
[2026年 03月 27日 星期五 13:40:01 CST] 启动环境检查...
frpc 正在运行，跳过重启。
非维护时间，核心服务保持运行。
[2026年 03月 27日 星期五 13:45:01 CST] 启动环境检查...
frpc 正在运行，跳过重启。
非维护时间，核心服务保持运行。
[2026年 03月 27日 星期五 13:50:01 CST] 启动环境检查...
frpc 正在运行，跳过重启。
非维护时间，核心服务保持运行。
[2026年 03月 27日 星期五 13:55:01 CST] 启动环境检查...
frpc 正在运行，跳过重启。
非维护时间，核心服务保持运行。
[2026年 03月 27日 星期五 14:00:01 CST] 启动环境检查...
frpc 正在运行，跳过重启。
非维护时间，核心服务保持运行。
[2026年 03月 27日 星期五 14:05:01 CST] 启动环境检查...
frpc 正在运行，跳过重启。
非维护时间，核心服务保持运行。
[2026年 03月 27日 星期五 14:10:01 CST] 启动环境检查...
frpc 正在运行，跳过重启。
非维护时间，核心服务保持运行。
[2026年 03月 27日 星期五 14:15:01 CST] 启动环境检查...
frpc 正在运行，跳过重启。
非维护时间，核心服务保持运行。
[2026年 03月 27日 星期五 14:20:01 CST] 启动环境检查...
frpc 正在运行，跳过重启。
非维护时间，核心服务保持运行。
[2026年 03月 27日 星期五 14:25:01 CST] 启动环境检查...
frpc 正在运行，跳过重启。
非维护时间，核心服务保持运行。
[2026年 03月 27日 星期五 14:30:01 CST] 启动环境检查...
frpc 正在运行，跳过重启。
非维护时间，核心服务保持运行。
[2026年 03月 27日 星期五 14:35:01 CST] 启动环境检查...
frpc 正在运行，跳过重启。
非维护时间，核心服务保持运行。
[2026年 03月 27日 星期五 14:40:01 CST] 启动环境检查...
frpc 正在运行，跳过重启。
非维护时间，核心服务保持运行。
[2026年 03月 27日 星期五 14:45:01 CST] 启动环境检查...
frpc 正在运行，跳过重启。
非维护时间，核心服务保持运行。
[2026年 03月 27日 星期五 14:50:01 CST] 启动环境检查...
frpc 正在运行，跳过重启。
非维护时间，核心服务保持运行。
[2026年 03月 27日 星期五 14:55:01 CST] 启动环境检查...
frpc 正在运行，跳过重启。
非维护时间，核心服务保持运行。
[2026年 03月 27日 星期五 15:00:01 CST] 启动环境检查...
frpc 正在运行，跳过重启。
非维护时间，核心服务保持运行。
[2026年 03月 27日 星期五 15:05:01 CST] 启动环境检查...
frpc 正在运行，跳过重启。
非维护时间，核心服务保持运行。
[2026年 03月 27日 星期五 15:10:01 CST] 启动环境检查...
frpc 正在运行，跳过重启。
非维护时间，核心服务保持运行。
[2026年 03月 27日 星期五 15:15:01 CST] 启动环境检查...
frpc 正在运行，跳过重启。
非维护时间，核心服务保持运行。
[2026年 03月 27日 星期五 15:20:01 CST] 启动环境检查...
frpc 正在运行，跳过重启。
非维护时间，核心服务保持运行。
[2026年 03月 27日 星期五 15:25:01 CST] 启动环境检查...
frpc 正在运行，跳过重启。
非维护时间，核心服务保持运行。
------------------------------------------
[2026年 03月 27日 星期五 15:30:01 CST] 启动环境检查...
frpc 正在运行, 跳过。
当前时间 15:30, 非 03:00 维护时间。
------------------------------------------
[2026年 03月 27日 星期五 15:35:01 CST] 启动环境检查...
frpc 正在运行, 跳过。
当前时间 15:35, 非 03:00 维护时间。
------------------------------------------
[2026年 03月 27日 星期五 15:40:01 CST] 启动环境检查...
frpc 正在运行, 跳过。
当前时间 15:40, 非 03:00 维护时间。
------------------------------------------
[2026年 03月 27日 星期五 15:45:01 CST] 启动环境检查...
frpc 正在运行, 跳过。
当前时间 15:45, 非 03:00 维护时间。
------------------------------------------
[2026年 03月 27日 星期五 15:50:01 CST] 启动环境检查...
frpc 正在运行, 跳过。
当前时间 15:50, 非 03:00 维护时间。
------------------------------------------
[2026年 03月 27日 星期五 15:55:01 CST] 启动环境检查...
frpc 正在运行, 跳过。
当前时间 15:55, 非 03:00 维护时间。
------------------------------------------
[2026年 03月 27日 星期五 16:00:01 CST] 启动环境检查...
frpc 正在运行, 跳过。
当前时间 16:00, 非 03:00 维护时间。
------------------------------------------
[2026年 03月 27日 星期五 16:05:01 CST] 启动环境检查...
frpc 正在运行, 跳过。
当前时间 16:05, 非 03:00 维护时间。
------------------------------------------
[2026年 03月 27日 星期五 16:10:01 CST] 启动环境检查...
frpc 正在运行, 跳过。
当前时间 16:10, 非 03:00 维护时间。
------------------------------------------
[2026年 03月 27日 星期五 16:15:01 CST] 启动环境检查...
frpc 正在运行, 跳过。
当前时间 16:15, 非 03:00 维护时间。
------------------------------------------
[2026年 03月 27日 星期五 16:20:01 CST] 启动环境检查...
frpc 正在运行, 跳过。
当前时间 16:20, 非 03:00 维护时间。
------------------------------------------
[2026年 03月 27日 星期五 16:25:01 CST] 启动环境检查...
frpc 正在运行, 跳过。
当前时间 16:25, 非 03:00 维护时间。
------------------------------------------
[2026年 03月 27日 星期五 16:30:01 CST] 启动环境检查...
frpc 正在运行, 跳过。
当前时间 16:30, 非 03:00 维护时间。
------------------------------------------
[2026年 03月 27日 星期五 16:35:01 CST] 启动环境检查...
frpc 正在运行, 跳过。
当前时间 16:35, 非 03:00 维护时间。
------------------------------------------
[2026年 03月 27日 星期五 16:40:01 CST] 启动环境检查...
frpc 正在运行, 跳过。
当前时间 16:40, 非 03:00 维护时间。
------------------------------------------
[2026年 03月 27日 星期五 16:45:01 CST] 启动环境检查...
frpc 正在运行, 跳过。
当前时间 16:45, 非 03:00 维护时间。
------------------------------------------
[2026年 03月 27日 星期五 16:50:01 CST] 启动环境检查...
frpc 正在运行, 跳过。
当前时间 16:50, 非 03:00 维护时间。
------------------------------------------
[2026年 03月 27日 星期五 16:55:01 CST] 启动环境检查...
frpc 正在运行, 跳过。
当前时间 16:55, 非 03:00 维护时间。
------------------------------------------
[2026年 03月 27日 星期五 17:00:01 CST] 启动环境检查...
frpc 正在运行, 跳过。
当前时间 17:00, 非 03:00 维护时间。
------------------------------------------
[2026年 03月 27日 星期五 17:05:01 CST] 启动环境检查...
frpc 正在运行, 跳过。
当前时间 17:05, 非 03:00 维护时间。
------------------------------------------
[2026年 03月 27日 星期五 17:10:01 CST] 启动环境检查...
frpc 正在运行, 跳过。
当前时间 17:10, 非 03:00 维护时间。
------------------------------------------
[2026年 03月 27日 星期五 17:15:01 CST] 启动环境检查...
frpc 正在运行, 跳过。
当前时间 17:15, 非 03:00 维护时间。
------------------------------------------
[2026年 03月 27日 星期五 17:20:01 CST] 启动环境检查...
frpc 正在运行, 跳过。
当前时间 17:20, 非 03:00 维护时间。
------------------------------------------
[2026年 03月 27日 星期五 17:25:01 CST] 启动环境检查...
frpc 正在运行, 跳过。
当前时间 17:25, 非 03:00 维护时间。
